YEAR,DISTRICT,SCHOOL,DISTRICT_NAME,SCHOOL_NAME_LONG,CHARTER_SCHL_STAT,TITLE_1
2425,1,21,ALACHUA,CHARLES W. DUVAL ELEMENTARY SCHOOL,Z,N
2425,1,22,ALACHUA,EARLY LEARNING ACADEMY AT DUVAL,Z,N
2425,1,31,ALACHUA,CAROLYN BEATRICE PARKER ELEMENTARY,Z,Y
2425,1,41,ALACHUA,STEPHEN FOSTER ELEMENTARY SCHOOL,Z,Y
2425,1,52,ALACHUA,A.QUINN JONES CENTER,Z,Y
2425,1,71,ALACHUA,LAKE FOREST ELEMENTARY SCHOOL,Z,Y
2425,1,81,ALACHUA,SIDNEY LANIER CENTER,Z,Y
2425,1,82,ALACHUA,HOSPITAL HOMEBOUND,Z,N
2425,1,83,ALACHUA,ANCHOR SCHOOL,Z,N
2425,1,91,ALACHUA,LITTLEWOOD ELEMENTARY SCHOOL,Z,Y
2425,1,101,ALACHUA,W. A. METCALFE ELEMENTARY SCHOOL,Z,Y
2425,1,111,ALACHUA,JOSEPH WILLIAMS ELEMENTARY SCHOOL,Z,Y
2425,1,112,ALACHUA,ABRAHAM LINCOLN MIDDLE SCHOOL,Z,N
2425,1,121,ALACHUA,HOWARD W. BISHOP MIDDLE SCHOOL,Z,N
2425,1,141,ALACHUA,WESTWOOD MIDDLE SCHOOL,Z,N
2425,1,151,ALACHUA,GAINESVILLE HIGH SCHOOL,Z,N
2425,1,152,ALACHUA,FLORIDA ONLINE HIGH SCHOOL,Z,N
2425,1,161,ALACHUA,ALACHUA ELEMENTARY SCHOOL,Z,Y
2425,1,171,ALACHUA,ARCHER ELEMENTARY,Z,Y
2425,1,201,ALACHUA,HAWTHORNE MIDDLE/HIGH SCHOOL,Z,Y
2425,1,221,ALACHUA,A. L. MEBANE MIDDLE SCHOOL,Z,N
2425,1,261,ALACHUA,NEWBERRY HIGH SCHOOL,Z,N
2425,1,271,ALACHUA,SANTA FE HIGH SCHOOL,Z,N
2425,1,281,ALACHUA,CHESTER SHELL ELEMENTARY SCHOOL,Z,Y
2425,1,291,ALACHUA,WALDO COMMUNITY SCHOOL,Z,N
2425,1,311,ALACHUA,MYRA TERWILLIGER ELEMENTARY SCHOOL,Z,Y
2425,1,321,ALACHUA,IDYLWILD ELEMENTARY SCHOOL,Z,Y
2425,1,331,ALACHUA,GLEN SPRINGS ELEMENTARY SCHOOL,Z,Y
2425,1,341,ALACHUA,MARJORIE KINNAN RAWLINGS ELEMENTARY SCHOOL,Z,Y
2425,1,342,ALACHUA,TRAFFIC SAFETY CENTER,Z,N
2425,1,343,ALACHUA,CHARACTER COUNTS CENTER,Z,N
2425,1,344,ALACHUA,SCHOLARS FOR SUCCESS,Z,N
2425,1,400,ALACHUA,ADULT EDUCATION PROGRAM,Z,N
2425,1,411,ALACHUA,PROFESSIONAL ACADEMY MAGNET AT LOFTEN HIGH SCHOOL,Z,N
2425,1,412,ALACHUA,HORIZON CENTER. ALTERNATIVE SCHOOL,Z,N
2425,1,421,ALACHUA,EASTSIDE HIGH SCHOOL,Z,N
2425,1,431,ALACHUA,F. W. BUCHHOLZ HIGH SCHOOL,Z,N
2425,1,451,ALACHUA,PRAIRIE VIEW ELEMENTARY SCHOOL,Z,N
2425,1,461,ALACHUA,HIGH SPRINGS COMMUNITY SCHOOL,Z,Y
2425,1,471,ALACHUA,SPRING HILL MIDDLE SCHOOL,Z,N
2425,1,472,ALACHUA,HIGH SPRINGS ELEMENTARY SCHOOL,Z,N
2425,1,481,ALACHUA,FORT CLARKE MIDDLE SCHOOL,Z,N
2425,1,482,ALACHUA,HIDDEN OAK ELEMENTARY SCHOOL,Z,N
2425,1,491,ALACHUA,CAMP CRYSTAL LAKE,Z,N
2425,1,492,ALACHUA,FEARNSIDE FAMILY SERVICES CENTER,Z,N
2425,1,493,ALACHUA,HEAD START/PREK E I CENTER,Z,N
2425,1,500,ALACHUA,PRAIRIE VIEW ACADEMY,Z,N
2425,1,501,ALACHUA,KIMBALL WILES ELEMENTARY SCHOOL,Z,Y
2425,1,502,ALACHUA,KANAPAHA MIDDLE SCHOOL,Z,N
2425,1,503,ALACHUA,WILES HEAD START,Z,N
2425,1,510,ALACHUA,LAWTON M. CHILES ELEMENTARY SCHOOL,Z,N
2425,1,520,ALACHUA,MEADOWBROOK ELEMENTARY SCHOOL,Z,N
2425,1,531,ALACHUA,NEWBERRY ELEMENTARY SCHOOL,Z,Y
2425,1,541,ALACHUA,C. W. NORTON ELEMENTARY SCHOOL,Z,Y
2425,1,561,ALACHUA,WILLIAM S. TALBOT ELEM SCHOOL,Z,N
2425,1,571,ALACHUA,W. W. IRBY ELEMENTARY SCHOOL,Z,Y
2425,1,591,ALACHUA,OAK VIEW MIDDLE SCHOOL,Z,Y
2425,1,601,ALACHUA,CHALLENGE AT ALACHUA ACADEMY,Z,N
2425,1,602,ALACHUA,ALACHUA ACADEMY,Z,N
2425,1,603,ALACHUA,AMIKIDS,Z,N
2425,1,604,ALACHUA,PACE,Z,Y
2425,1,605,ALACHUA,THRESHOLD DAY TREATMENT,Z,N
2425,1,701,ALACHUA,ALACHUA COUNTY JAIL,Z,N
2425,1,922,ALACHUA,SANTA FE COLLEGE ACADEMY OF SCIENCE AND TECHNOLOGY,R,N
2425,1,924,ALACHUA,SANTA FE COLLEGE HIGH SCHOOL DUAL ENROLLMENT,Z,N
2425,1,925,ALACHUA,CONSTELLATION CHARTER SCHOOL OF GAINESVILLE,R,Y
2425,1,950,ALACHUA,THE ONE ROOM SCHOOL HOUSE PROJECT,R,Y
2425,1,951,ALACHUA,"MICANOPY AREA COOPERATIVE SCHOOL, INC.",R,N
2425,1,952,ALACHUA,CHANCE CHARTER SCHOOLS,R,N
2425,1,953,ALACHUA,CARING & SHARING LEARNING SCHOOL,R,Y
2425,1,954,ALACHUA,LOVE TO LEARN EDUCATIONAL CENTER,R,N
2425,1,955,ALACHUA,"THE EINSTEIN SCHOOL, INC.",R,Y
2425,1,956,ALACHUA,EXPRESSIONS LEARNING ARTS ACADEMY,R,N
2425,1,957,ALACHUA,ALACHUA LEARNING ACADEMY ELEMENTARY,R,Y
2425,1,958,ALACHUA,GENESIS PREPARATORY SCHOOL,R,N
2425,1,959,ALACHUA,OASIS ENRICHMENT ACADEMY,R,N
2425,1,961,ALACHUA,MICANOPY ACADEMY,R,N
2425,1,962,ALACHUA,MARTIN LUTHER KING ACADEMY,R,N
2425,1,971,ALACHUA,HOGGETOWNE MIDDLE SCHOOL,R,N
2425,1,981,ALACHUA,HEALTHY LEARNING ACADEMY CHARTER SCHOOL,R,N
2425,1,991,ALACHUA,"SIATECH MYCROSCHOOL, INC.",R,Y
2425,1,1000,ALACHUA,"DESOTO HIGH SCHOOL, INC.",R,N
2425,1,1001,ALACHUA,SWEETWATER BRANCH ACADEMY,R,N
2425,1,1002,ALACHUA,SWEETWATER BRANCH ACADEMY ELEMENTARY SCHOOL,R,N
2425,1,1003,ALACHUA,NORTH CENTRAL FLORIDA PUBLIC CHARTER SCHOOL,R,Y
2425,1,1010,ALACHUA,ONE ROOM MIDDLE SCHOOL,R,N
2425,1,1011,ALACHUA,ALACHUA LEARNING ACADEMY MIDDLE,R,N
2425,1,1012,ALACHUA,BOULWARE SPRINGS CHARTER,R,Y
2425,1,1013,ALACHUA,RESILIENCE CHARTER SCHOOL INC,R,N
2425,1,3450,ALACHUA,PERSONALIZED EDUCATION PROGRAM,Z,N
2425,1,3518,ALACHUA,MCKAY SCHOLARSHIP/SCHOOL OF ENROLLMENT,Z,N
2425,1,3818,ALACHUA,OPPORTUNITY SCHOLARSHIP/SCHOOL OF ENROLLMENT,Z,N
2425,1,3900,ALACHUA,FAMILY EMPOWERMENT SCHOLARSHIP PROGRAM,Z,N
2425,1,7001,ALACHUA,ALACHUA VIRTUAL INSTRUCTION PROGRAM,Z,N
2425,1,7004,ALACHUA,ALACHUA ESCHOOL (VIRTUAL FRANCHISE),Z,N
2425,1,7006,ALACHUA,ALACHUA VIRTUAL INSTRUCTION(COURSE OFFERINGS) SECONDARY,Z,N
2425,1,7023,ALACHUA,ALACHUA VIRTUAL INSTRUCTION PROGRAM (DISTRICT PROVIDED),Z,N
2425,1,9001,ALACHUA,ALACHUA DISTRICT OFFICE,Z,N
2425,1,9003,ALACHUA,FRED SIVIA CENTER,Z,N
2425,1,9005,ALACHUA,NON-SCHOOL MIGRANT,Z,N
2425,1,9025,ALACHUA,ALACHUA REGIONAL JUVENILE DETENTION CENTER,Z,N
2425,1,9029,ALACHUA,ALACHUA REGIONAL JUVENILE DETENTION CENTER,Z,N
2425,1,9045,ALACHUA,CONTRACTED RESIDENTIAL SERVICES,Z,N
2425,1,9054,ALACHUA,ALTERNATIVE EDUCATION CENTER,Z,N
2425,1,9061,ALACHUA,FAMILY SERVICES CENTER,Z,N
2425,1,9067,ALACHUA,HORIZON/NEW PATHWAYS,Z,N
2425,1,9096,ALACHUA,FAMILY SERVICES,Z,N
2425,1,9100,ALACHUA,HUMAN RESOURCES,Z,N
2324,1,9924,ALACHUA,SANTA FE COLLEGE ACADEMY OF SCIENCE AND TECHNOLOGY,R,N
2425,1,9997,ALACHUA,MIGRANT NON-ENROLLED STUDENTS,Z,N
2425,1,9998,ALACHUA,HOME EDUCATION PROGRAM STUDENTS,Z,N
2425,2,11,BAKER,BAKER COUNTY ADULT CENTER,Z,N
2425,2,12,BAKER,BAKER COUNTY SENIOR HIGH SCHOOL,Z,N
2425,2,13,BAKER,MACCLENNY ELEMENTARY SCHOOL,Z,Y
2425,2,21,BAKER,LEGACY ELEMENTARY SCHOOL,Z,Y
2425,2,22,BAKER,PREK/KINDERGARTEN CENTER,Z,N
2425,2,31,BAKER,J FRANKLYN KELLER INTERMEDIATE SCHOOL,Z,N
2425,2,32,BAKER,BAKER COUNTY MIDDLE SCHOOL,Z,N
2425,2,91,BAKER,WESTSIDE ELEMENTARY SCHOOL,Z,Y
2425,2,92,BAKER,BAKER COUNTY ALTERNATIVE SCHOOL,Z,N
2425,2,3450,BAKER,PERSONALIZED EDUCATION PROGRAM,Z,N
2425,2,3518,BAKER,MCKAY SCHOLARSHIP/SCHOOL OF ENROLLMENT,Z,N
2425,2,3818,BAKER,OPPORTUNITY SCHOLARSHIP/SCHOOL OF ENROLLMENT,Z,N
2425,2,3900,BAKER,FAMILY EMPOWERMENT SCHOLARSHIP PROGRAM,Z,N
2425,2,7001,BAKER,BAKER VIRTUAL INSTRUCTION PROGRAM,Z,N
2425,2,7004,BAKER,BAKER COUNTY VIRTUAL FRANCHISE,Z,N
2425,2,7006,BAKER,FUTURE VIRTUAL SCHOOL,Z,N
2425,2,7023,BAKER,BAKER VIRTUAL INSTRUCTION PROGRAM (DISTRICT PROVIDED),Z,N
2425,2,9001,BAKER,BAKER DISTRICT OFFICE,Z,N
2425,2,9021,BAKER,SOUTHSIDE EDUCATION CENTER,Z,N
2425,2,9045,BAKER,CONTRACTED RESIDENTIAL SERVICES,Z,N
2425,2,9100,BAKER,HUMAN RESOURCES,Z,N
2425,2,9997,BAKER,MIGRANT NON-ENROLLED STUDENTS,Z,N
2425,2,9998,BAKER,HOME EDUCATION PROGRAM STUDENTS,Z,N
2425,3,61,BAY,BAY HIGH SCHOOL,Z,Y
2425,3,71,BAY,MERRITT BROWN MIDDLE SCHOOL,Z,Y
2425,3,81,BAY,HUTCHISON BEACH ELEMENTARY SCHOOL,Z,Y
2425,3,91,BAY,CEDAR GROVE ELEMENTARY SCHOOL,Z,Y
2425,3,101,BAY,CALLAWAY ELEMENTARY SCHOOL,Z,Y
2425,3,111,BAY,MERRIAM CHERRY STREET ELEMENTARY,Z,Y
2425,3,131,BAY,LUCILLE MOORE ELEMENTARY SCHOOL,Z,Y
2425,3,141,BAY,EVERITT MIDDLE SCHOOL,Z,N
2425,3,151,BAY,HILAND PARK ELEMENTARY SCHOOL,Z,Y
2425,3,161,BAY,JINKS MIDDLE SCHOOL,Z,Y
2425,3,171,BAY,LYNN HAVEN ELEMENTARY SCHOOL,Z,Y
2425,3,181,BAY,MILLVILLE ELEMENTARY SCHOOL,Z,N
2425,3,191,BAY,OAKLAND TERRACE SCHOOL FOR THE VISUAL AND PERFORMING ARTS,Z,N
2425,3,201,BAY,SURFSIDE MIDDLE SCHOOL,Z,N
2425,3,211,BAY,PARKER ELEMENTARY SCHOOL,Z,Y
2425,3,221,BAY,SOUTHPORT ELEMENTARY SCHOOL,Z,Y
2425,3,231,BAY,SPRINGFIELD ELEMENTARY SCHOOL,Z,N
2425,3,241,BAY,ST. ANDREW SCHOOL AT OAKLAND TERRACE,Z,Y
2425,3,251,BAY,WALLER ELEMENTARY SCHOOL,Z,Y
2425,3,261,BAY,WEST BAY ELEMENTARY SCHOOL,Z,N
2425,3,262,BAY,WEST BAY ELEMENTARY SCHOOL,Z,Y
2425,3,271,BAY,A. D. HARRIS HIGH SCHOOL,Z,N
2425,3,281,BAY,MARGARET K. LEWIS IN MILLVILLE,Z,Y
2425,3,291,BAY,OSCAR PATTERSON ELEMENTARY MAGNET,Z,N
2425,3,301,BAY,ROSENWALD MIDDLE SCHOOL,Z,N
2425,3,311,BAY,SHAW ADULT CENTER,Z,N
2425,3,331,BAY,MOWAT MIDDLE SCHOOL,Z,Y
2425,3,341,BAY,RUTHERFORD HIGH SCHOOL,Z,Y
2425,3,391,BAY,OSCAR PATTERSON ACADEMY,Z,N
2425,3,461,BAY,DEER POINT ELEMENTARY SCHOOL,Z,Y
2425,3,471,BAY,NORTHSIDE ELEMENTARY SCHOOL,Z,Y
2425,3,481,BAY,TOM P. HANEY TECHNICAL COLLEGE,Z,N
2425,3,491,BAY,A. CRAWFORD MOSLEY HIGH SCHOOL,Z,N
2425,3,501,BAY,TYNDALL ACADEMY,Z,N
2425,3,511,BAY,TOMMY SMITH ELEMENTARY SCHOOL,Z,Y
2425,3,521,BAY,PATRONIS ELEMENTARY SCHOOL,Z,N
2425,3,531,BAY,NEW HORIZONS LEARNING CENTER,Z,Y
2425,3,541,BAY,DEANE BOZEMAN SCHOOL,Z,N
2425,3,551,BAY,J.R. ARNOLD HIGH SCHOOL,Z,N
2425,3,561,BAY,HANEY TECHNICAL HIGH SCHOOL,Z,N
2425,3,571,BAY,BREAKFAST POINT ACADEMY,Z,N
2425,3,581,BAY,ROSENWALD HIGH SCHOOL,Z,Y
2425,3,591,BAY,C C WASHINGTON ACADEMY,Z,N
2425,3,601,BAY,BAY COUNTY SHERIFF'S BOOT CAMP,Z,N
2425,3,602,BAY,BAY REGIONAL JUVENILE DETENTION CENTER,Z,N
2425,3,603,BAY,"THE UNLIMITED PATH, INC.",Z,N
2425,3,604,BAY,PANAMA CITY MARINE INSTITUTE,Z,N
2425,3,605,BAY,HOPE SCHOOL,Z,N
2425,3,611,BAY,A. GARY WALSINGHAM ACADEMY,Z,N
2425,3,701,BAY,BAY HAVEN CHARTER ACADEMY,R,N
2425,3,711,BAY,BAY HAVEN CHARTER MIDDLE SCHOOL,R,N
2425,3,721,BAY,TAPESTRY PARK CHARTER SCHOOL,R,N
2425,3,731,BAY,NORTH BAY HAVEN CHARTER ACADEMY MIDDLE SCHOOL,R,N
2425,3,741,BAY,NORTH BAY HAVEN CAREER ACADEMY,R,N
2425,3,751,BAY,NORTH BAY HAVEN CHARTER ACADEMY ELEMENTARY SCHOOL,R,N
2425,3,761,BAY,EMERALD BAY ACADEMY,Z,N
2425,3,764,BAY,AMIKIDS MARITIME ACADEMY,R,N
2425,3,771,BAY,PALM BAY PREPARATORY ACADEMY 6-12,R,Y
2425,3,781,BAY,CHAUTAUQUA CHARTER SCHOOL,R,N
2425,3,782,BAY,CENTRAL HIGH SCHOOL,R,Y
2425,3,791,BAY,NEWPOINT MIDDLE SCHOOL,R,N
2425,3,801,BAY,PALM BAY ELEMENTARY SCHOOL,R,Y
2425,3,802,BAY,CENTRAL ACADEMY,Z,N
2425,3,2701,BAY,RISING LEADERS ACADEMY,R,N
2425,3,2711,BAY,UNIVERSITY ACADEMY SABL INC,R,N
2425,3,3450,BAY,PERSONALIZED EDUCATION PROGRAM,Z,N
2425,3,3518,BAY,MCKAY SCHOLARSHIP/SCHOOL OF ENROLLMENT,Z,N
2425,3,3818,BAY,OPPORTUNITY SCHOLARSHIP/SCHOOL OF ENROLLMENT,Z,N
2425,3,3900,BAY,FAMILY EMPOWERMENT SCHOLARSHIP PROGRAM,Z,N
2425,3,7001,BAY,BAY VIRTUAL INSTRUCTION PROGRAM,Z,N
2425,3,7004,BAY,BAY VIRTUAL FRANCHISE,Z,N
2425,3,7006,BAY,BAY VIRTUAL INSTRUCTION (COURSE OFFERINGS),Z,N
2425,3,7023,BAY,BAY VIRTUAL INSTRUCTION PROGRAM (DISTRICT PROVIDED),Z,N
2425,3,9001,BAY,BAY DISTRICT OFFICE,Z,N
2425,3,9002,BAY,EXCEPTIONAL STUDENT EDUCATION,Z,N
2425,3,9045,BAY,CONTRACTED RESIDENTIAL SERVICES,Z,N
2425,3,9100,BAY,HUMAN RESOURCES,Z,N
2425,3,9997,BAY,MIGRANT NON-ENROLLED STUDENTS,Z,N
2425,3,9998,BAY,HOME EDUCATION PROGRAM STUDENTS,Z,N
2425,4,21,BRADFORD,BRADFORD HIGH SCHOOL,Z,Y
2425,4,51,BRADFORD,STARKE ELEMENTARY SCHOOL,Z,Y
2425,4,61,BRADFORD,BRADFORD ELEMENTARY,Z,N
2425,4,81,BRADFORD,BRADFORD ELEMENTARY SCHOOL,Z,Y
2425,4,91,BRADFORD,RJE CENTER,Z,N
2425,4,112,BRADFORD,"BROOKER COMMUNITY SCHOOL INC,",R,Y
2425,4,121,BRADFORD,RAINBOW CENTER,Z,N
2425,4,131,BRADFORD,LAWTEY ELEMENTARY SCHOOL,Z,Y
2425,4,161,BRADFORD,BROOKER ELEMENTARY SCHOOL,Z,N
2425,4,171,BRADFORD,NORTH FLORIDA TECHNICAL COLLEGE,Z,N
2425,4,172,BRADFORD,BRADFORD MIDDLE SCHOOL,Z,Y
2425,4,181,BRADFORD,HAMPTON ELEMENTARY SCHOOL,Z,N
2425,4,191,BRADFORD,RENAISSANCE CENTER,Z,N
2425,4,201,BRADFORD,BRADFORD INTERVENTION CENTER,Z,N
2425,4,211,BRADFORD,ALLIGATOR CREEK STOP CAMP,Z,N
2425,4,3450,BRADFORD,PERSONALIZED EDUCATION PROGRAM,Z,N
2425,4,3518,BRADFORD,MCKAY SCHOLARSHIP/SCHOOL OF ENROLLMENT,Z,N
2425,4,3818,BRADFORD,OPPORTUNITY SCHOLARSHIP/SCHOOL OF ENROLLMENT,Z,N
2425,4,3900,BRADFORD,FAMILY EMPOWERMENT SCHOLARSHIP PROGRAM,Z,N
2425,4,6001,BRADFORD,BELIEVER'S SCHOOL OF LEARNING,R,N
2425,4,7001,BRADFORD,BRADFORD VIRTUAL INSTRUCTION PROGRAM,Z,N
2425,4,7004,BRADFORD,BRADFORD VIRTUAL FRANCHISE WITH FLVS,Z,N
2425,4,7006,BRADFORD,BRADFORD VIRTUAL INSTRUCTION PROGRAM,Z,N
2425,4,7023,BRADFORD,BRADFORD VIRTUAL INSTRUCTION PROGRAM (DISTRICT PROVIDED),Z,N
2425,4,9001,BRADFORD,BRADFORD DISTRICT SUPERINTENDENT'S OFFICE,Z,N
2425,4,9045,BRADFORD,CONTRACTED RESIDENTIAL SERVICES,Z,N
2425,4,9100,BRADFORD,HUMAN RESOURCES,Z,N
2425,4,9997,BRADFORD,TITLE I MIGRANT NON-ENROLLED STUDENTS,Z,N
2425,4,9998,BRADFORD,HOME EDUCATION PROGRAM,Z,N
2425,5,11,BREVARD,TITUSVILLE HIGH SCHOOL,Z,N
2425,5,51,BREVARD,OAK PARK ELEMENTARY SCHOOL,Z,Y
2425,5,52,BREVARD,JAMES MADISON MIDDLE SCHOOL,Z,Y
2425,5,61,BREVARD,APOLLO ELEMENTARY SCHOOL,Z,Y
2425,5,71,BREVARD,RIVERVIEW ELEMENTARY SCHOOL,Z,N
2425,5,72,BREVARD,RIVERVIEW SCHOOL,Z,N
2425,5,73,BREVARD,SOUTH AREA HEAD START,Z,N
2425,5,81,BREVARD,WHISPERING HILLS PRIMARY SCHOOL,Z,N
2425,5,82,BREVARD,BREVARD ADULT EDUCATION AT TITUSVILLE,Z,N
2425,5,83,BREVARD,NORTH AREA ARC CENTER,Z,N
2425,5,85,BREVARD,COMMUNITY INCLUSION FACILITATION PROGRAM,Z,N
2425,5,86,BREVARD,NORTH AREA ADULT EDUCATION-NIGHT PROGRAM,Z,N
2425,5,89,BREVARD,GARDENDALE SEPARATE DAY SCHOOL,Z,Y
2425,5,91,BREVARD,COQUINA ELEMENTARY SCHOOL,Z,Y
2425,5,101,BREVARD,MIMS ELEMENTARY SCHOOL,Z,Y
2425,5,111,BREVARD,DEVEREUX CENTER AT WHISPERING HILLS,Z,N
2425,5,121,BREVARD,SOUTH LAKE ELEMENTARY SCHOOL,Z,N
2425,5,122,BREVARD,SOUTH LAKE ELEMENTARY,Z,N
2425,5,141,BREVARD,ANDREW JACKSON MIDDLE SCHOOL,Z,Y
2425,5,151,BREVARD,IMPERIAL ESTATES ELEMENTARY SCHOOL,Z,Y
2425,5,161,BREVARD,ASTRONAUT HIGH SCHOOL,Z,N
2425,5,181,BREVARD,PINEWOOD ELEMENTARY SCHOOL,Z,Y
2425,5,191,BREVARD,CHALLENGER 7 ELEMENTARY SCHOOL,Z,Y
2425,5,201,BREVARD,ATLANTIS ELEMENTARY SCHOOL,Z,N
2425,5,301,BREVARD,ENTERPRISE ELEMENTARY SCHOOL,Z,N
2425,5,302,BREVARD,SPACE COAST JUNIOR/SENIOR HIGH SCHOOL,Z,N
2425,5,1001,BREVARD,CROSSWINDS/RAINWATER FOR GIRLS,Z,N
2425,5,1002,BREVARD,BREVARD GROUP TREATMENT HOME,Z,N
2425,5,1003,BREVARD,BEHAVIORAL HEALTH SERVICES,Z,N
2425,5,1010,BREVARD,BREVARD ADULT EDUCATION ONLINE ACADEMY,Z,N
2425,5,1011,BREVARD,ROCKLEDGE SENIOR HIGH SCHOOL,Z,N
2425,5,1012,BREVARD,BREVARD ADULT EDUCATION AT COCOA,Z,N
2425,5,1013,BREVARD,CHILDREN'S INTERAGENCY PROGRAM,Z,N
2425,5,1014,BREVARD,BREVARD COUNTY JAIL COMPLEX,Z,N
2425,5,1015,BREVARD,EARLY INTERVENTION CENTER,Z,N
2425,5,1016,BREVARD,NORTH AREA ALTERNATIVE LEARNING CENTER,Z,N
2425,5,1017,BREVARD,NORTH/CENTRAL AREA ALTERNATIVE LEARNING CENTER,Z,Y
2425,5,1018,BREVARD,SOUTH AREA ALTERNATIVE LEARNING CENTER,Z,Y
2425,5,1019,BREVARD,ALTERNATIVE SCHOOL,Z,N
2425,5,1020,BREVARD,OUTWARD BOUND,Z,N
2425,5,1021,BREVARD,PRE-K ESE SERVICES,Z,N
2425,5,1022,BREVARD,EXCEPTIONAL EDUCATION CENTER,Z,N
2425,5,1023,BREVARD,ETP CENTER,Z,N
2425,5,1024,BREVARD,PREKINDERGARTEN CENTERS,Z,N
2425,5,1025,BREVARD,BREVARD COUNTY JUVENILE DETENTION CENTER,Z,N
2425,5,1026,BREVARD,FRANCES WALKER HALFWAY HOUSE,Z,N
2425,5,1027,BREVARD,MELBOURNE CENTER FOR PERSONAL GROWTH,Z,N
2425,5,1028,BREVARD,DEVEREUX HOSPITAL,Z,N
2425,5,1029,BREVARD,RIVERDALE COUNTRY DAY SCHOOL,Z,N
2425,5,1031,BREVARD,CLEARLAKE MIDDLE SCHOOL,Z,N
2425,5,1032,BREVARD,HORACE MANN ACADEMY,Z,N
2425,5,1041,BREVARD,CAMBRIDGE ELEMENTARY MAGNET SCHOOL,Z,Y
2425,5,1051,BREVARD,ENDEAVOUR ELEMENTARY SCHOOL,Z,Y
2425,5,1071,BREVARD,GOLFVIEW ELEMENTARY MAGNET SCHOOL,Z,Y
2425,5,1073,BREVARD,PROJECT SEARCH,Z,N
2425,5,1081,BREVARD,RONALD MCNAIR MAGNET MIDDLE SCHOOL,Z,Y
2425,5,1091,BREVARD,FAIRGLEN ELEMENTARY SCHOOL,Z,Y
2425,5,1101,BREVARD,JOHN F. KENNEDY MIDDLE SCHOOL,Z,N
2425,5,1102,BREVARD,KENNEDY MIDDLE ADULT EDUCATION,Z,N
2425,5,1103,BREVARD,BREVARD ACHIEVEMENT CENTER,Z,N
2425,5,1104,BREVARD,"BRIDGES BTC, INC",Z,N
2425,5,1111,BREVARD,CENTRAL PINE GROVE SCHOOL,Z,N
2425,5,1112,BREVARD,CENTRAL PINE GROVE ADULT EDUCATION,Z,N
2425,5,1121,BREVARD,COCOA HIGH SCHOOL,Z,Y
2425,5,1122,BREVARD,COCOA HIGH ADULT EDUCATION,Z,N
2425,5,1131,BREVARD,SATURN ELEMENTARY SCHOOL,Z,Y
2425,5,1141,BREVARD,HANS CHRISTIAN ANDERSEN ELEMENTARY SCHOOL,Z,Y
2425,5,1151,BREVARD,RALPH M WILLIAMS JUNIOR ELEMENTARY SCHOOL,Z,N
2425,5,1161,BREVARD,MANATEE ELEMENTARY SCHOOL,Z,N
2425,5,1171,BREVARD,VIERA HIGH SCHOOL,Z,N
2425,5,2011,BREVARD,MELBOURNE SENIOR HIGH SCHOOL,Z,N
2425,5,2012,BREVARD,MELBOURNE HIGH ADULT EDUCATION,Z,N
2425,5,2013,BREVARD,"EASTER SEALS FLORIDA, INC.",Z,N
2425,5,2014,BREVARD,SOUTH AREA ARC CENTER,Z,N
2425,5,2021,BREVARD,PALM BAY MAGNET SENIOR HIGH SCHOOL,Z,Y
2425,5,2022,BREVARD,BREVARD ADULT EDUCATION AT PALM BAY,Z,N
2425,5,2031,BREVARD,MEADOWLANE INTERMEDIATE ELEMENTARY SCHOOL,Z,N
2425,5,2041,BREVARD,MEADOWLANE PRIMARY ELEMENTARY SCHOOL,Z,N
2425,5,2042,BREVARD,W. MELBOURNE ELEMENTARY SCHOOL FOR SCIENCE,Z,N
2425,5,2043,BREVARD,SOUTH AREA ROPES SCHOOL,Z,N
2425,5,2051,BREVARD,UNIVERSITY PARK ELEMENTARY SCHOOL,Z,Y
2425,5,2061,BREVARD,PORT MALABAR ELEMENTARY SCHOOL,Z,Y
2425,5,2071,BREVARD,STONE MAGNET MIDDLE SCHOOL,Z,Y
2425,5,2072,BREVARD,BREVARD ADULT EDUCATION AT MELBOURNE,Z,N
2425,5,2073,BREVARD,SOUTH AREA ADULT EDUCATION-NIGHT PROGRAM,Z,N
2425,5,2081,BREVARD,PALM BAY ELEMENTARY SCHOOL,Z,Y
2425,5,2111,BREVARD,LOCKMAR ELEMENTARY SCHOOL,Z,Y
2425,5,2121,BREVARD,"JOHN F. TURNER, SENIOR ELEMENTARY SCHOOL",Z,Y
2425,5,2122,BREVARD,SOUTHWEST MIDDLE SCHOOL,Z,N
2425,5,2131,BREVARD,COLUMBIA ELEMENTARY SCHOOL,Z,Y
2425,5,2151,BREVARD,DISCOVERY ELEMENTARY SCHOOL,Z,Y
2425,5,2161,BREVARD,CHRISTA MCAULIFFE ELEMENTARY SCHOOL,Z,Y
2425,5,2171,BREVARD,RIVIERA ELEMENTARY SCHOOL,Z,Y
2425,5,2191,BREVARD,JUPITER ELEMENTARY SCHOOL,Z,Y
2425,5,2211,BREVARD,BAYSIDE HIGH SCHOOL,Z,N
2425,5,2212,BREVARD,WESTSIDE ELEMENTARY SCHOOL,Z,N
2425,5,2221,BREVARD,SUNRISE ELEMENTARY SCHOOL,Z,N
2425,5,2311,BREVARD,HERITAGE HIGH SCHOOL,Z,N
2425,5,3011,BREVARD,EAU GALLIE HIGH SCHOOL,Z,N
2425,5,3021,BREVARD,CENTRAL MIDDLE SCHOOL,Z,N
2425,5,3031,BREVARD,LYNDON B. JOHNSON MIDDLE SCHOOL,Z,Y
2425,5,3041,BREVARD,SHERWOOD ELEMENTARY SCHOOL,Z,Y
2425,5,3052,BREVARD,MID-SOUTH AREA ADULT COMMUNITY EDUCATION,Z,N
2425,5,3061,BREVARD,HARBOR CITY ELEMENTARY SCHOOL,Z,Y
2425,5,3071,BREVARD,SABAL ELEMENTARY SCHOOL,Z,Y
2425,5,3081,BREVARD,SOUTH PINE GROVE SCHOOL,Z,N
2425,5,3082,BREVARD,SOUTH PINE GROVE ADULT EDUCATION,Z,N
2425,5,3083,BREVARD,DEVEREUX SOUTH PINE GROVE,Z,N
2425,5,3091,BREVARD,CROTON ELEMENTARY SCHOOL,Z,Y
2425,5,3101,BREVARD,ROY ALLEN ELEMENTARY SCHOOL,Z,N
2425,5,3121,BREVARD,SUNTREE ELEMENTARY SCHOOL,Z,N
2425,5,3131,BREVARD,LONGLEAF ELEMENTARY SCHOOL,Z,N
2425,5,3141,BREVARD,WEST SHORE JUNIOR/SENIOR HIGH SCHOOL,Z,N
2425,5,3151,BREVARD,QUEST ELEMENTARY SCHOOL,Z,N
2425,5,3161,BREVARD,VIERA ELEMENTARY SCHOOL,Z,N
2425,5,3171,BREVARD,VIERA MIDDLE SCHOOL,Z,N
2425,5,3450,BREVARD,PERSONALIZED EDUCATION PROGRAM,Z,N
2425,5,3518,BREVARD,MCKAY SCHOLARSHIP/SCHOOL OF ENROLLMENT,Z,N
2425,5,3818,BREVARD,OPPORTUNITY SCHOLARSHIP/SCHOOL OF ENROLLMENT,Z,N
2425,5,3900,BREVARD,FAMILY EMPOWERMENT SCHOLARSHIP PROGRAM,Z,N
2425,5,4011,BREVARD,MERRITT ISLAND HIGH SCHOOL,Z,N
2425,5,4012,BREVARD,MERRITT ISLAND ADULT EDUCATION,Z,N
2425,5,4013,BREVARD,GED TESTING,Z,N
2425,5,4021,BREVARD,EDGEWOOD JR/SR HIGH SCHOOL,Z,N
2425,5,4031,BREVARD,MILA ELEMENTARY SCHOOL,Z,Y
2425,5,4041,BREVARD,TROPICAL ELEMENTARY SCHOOL,Z,N
2425,5,4051,BREVARD,AUDUBON ELEMENTARY SCHOOL,Z,N
2425,5,4071,BREVARD,ROBERT L. STEVENSON ELEMENTARY SCHOOL,Z,N
2425,5,4072,BREVARD,STEVENSON ROPES SCHOOL (ALTERNATIVE EDUCATION),Z,N
2425,5,4101,BREVARD,GARDENDALE ELEMENTARY MAGNET SCHOOL,Z,N
2425,5,4111,BREVARD,THOMAS JEFFERSON MIDDLE SCHOOL,Z,N
2425,5,4121,BREVARD,LEWIS CARROLL ELEMENTARY SCHOOL,Z,N
2425,5,5011,BREVARD,COCOA BEACH JUNIOR/SENIOR HIGH SCHOOL,Z,N
2425,5,5012,BREVARD,THEODORE ROOSEVELT ELEMENTARY SCHOOL,Z,N
2425,5,5021,BREVARD,FREEDOM 7 ELEMENTARY SCHOOL OF INTERNATIONAL STUDIES,Z,N
2425,5,5031,BREVARD,CAPE VIEW ELEMENTARY SCHOOL,Z,N
2425,5,6011,BREVARD,SATELLITE SENIOR HIGH SCHOOL,Z,N
2425,5,6012,BREVARD,DELAURA MIDDLE SCHOOL,Z,N
2425,5,6013,BREVARD,SPESSARD L. HOLLAND ELEMENTARY SCHOOL,Z,N
2425,5,6051,BREVARD,SEA PARK ELEMENTARY SCHOOL,Z,N
2425,5,6061,BREVARD,SURFSIDE ELEMENTARY SCHOOL,Z,N
2425,5,6071,BREVARD,OCEAN BREEZE ELEMENTARY SCHOOL,Z,N
2425,5,6081,BREVARD,INDIALANTIC ELEMENTARY SCHOOL,Z,N
2425,5,6082,BREVARD,HERBERT C. HOOVER MIDDLE SCHOOL,Z,N
2425,5,6083,BREVARD,HOOVER JUNIOR HIGH ADULT EDUCATION,Z,N
2425,5,6101,BREVARD,GEMINI ELEMENTARY SCHOOL,Z,N
2425,5,6141,BREVARD,DR. W.J. CREEL ELEMENTARY SCHOOL,Z,Y
2425,5,6501,BREVARD,PALM BAY ACADEMY CHARTER SCHOOL,R,Y
2425,5,6502,BREVARD,NEW LIGHT SPECIAL CARE SCHOOL,R,N
2425,5,6503,BREVARD,EXPLORER ELEMENTARY/MIDDLE CHARTER,R,N
2425,5,6504,BREVARD,ROCKLEDGE EDUCATIONAL HORIZONS CHARTER SCHOOL  (FORMERLY ED. HORIZONS),R,N
2425,5,6505,BREVARD,RIVERS CHARTER ACADEMY,R,N
2425,5,6506,BREVARD,CAMPUS CHARTER SCHOOL,R,N
2425,5,6507,BREVARD,ODYSSEY CHARTER SCHOOL,R,Y
2425,5,6508,BREVARD,SCULPTOR CHARTER SCHOOL,R,N
2425,5,6509,BREVARD,ROYAL PALM CHARTER SCHOOL,R,N
2425,5,6510,BREVARD,STEPPING STONES CHARTER SCHOOL,R,N
2425,5,6511,BREVARD,EDUCATIONAL HORIZONS CHARTER,R,N
2425,5,6512,BREVARD,EINSTEIN MONTESSORI,R,N
2425,5,6513,BREVARD,SUMMIT QUEST CHARTER ACADEMY,R,N
2425,5,6515,BREVARD,IMAGINE SCHOOLS AT WEST MELBOURNE,R,N
2425,5,6516,BREVARD,OAKWOOD ACADEMY,R,N
2425,5,6517,BREVARD,OSPREY ELEMENTARY SCHOOL,R,N
2425,5,6518,BREVARD,SAWGRASS ACADEMY,R,N
2425,5,6519,BREVARD,PALM BAY COMMUNITY CHARTER-PATRIOT CAMPUS,R,N
2425,5,6520,BREVARD,PALM BAY MUNICIPAL CHARTER HIGH SCHOOL,R,N
2425,5,6521,BREVARD,RIVERSIDE CHARTER HIGH SCHOOL,R,N
2425,5,6523,BREVARD,EMMA JEWEL CHARTER ACADEMY,R,Y
2425,5,6529,BREVARD,PINEAPPLE COVE CLASSICAL ACADEMY AT LOCKMAR,R,N
2425,5,6540,BREVARD,VIERA CHARTER SCHOOL,R,N
2425,5,6541,BREVARD,ODYSSEY PREPARATORY CHARTER ACADEMY,R,Y
2425,5,6543,BREVARD,PINEAPPLE COVE CLASSICAL ACADEMY,R,N
2425,5,6546,BREVARD,LEGACY ACADEMY CHARTER,R,N
2425,5,6554,BREVARD,PINEAPPLE COVE CLASSICAL ACADEMY AT WEST MELBOURNE,R,N
2425,5,6558,BREVARD,PINECREST ACADEMY SPACE COAST,R,N
2425,5,7001,BREVARD,BREVARD VIRTUAL INSTRUCTION PROGRAM,Z,N
2425,5,7004,BREVARD,BREVARD VIRTUAL FRANCHISE,Z,N
2425,5,7006,BREVARD,BREVARD VIRTUAL INSTRUCTION (COURSE OFFERINGS),Z,N
2425,5,7023,BREVARD,BREVARD VIRTUAL ESCHOOL,Z,N
2425,5,9001,BREVARD,BREVARD DISTRICT OFFICE,Z,N
2425,5,9045,BREVARD,CONTRACTED RESIDENTIAL SERVICES,Z,N
2425,5,9100,BREVARD,HUMAN RESOURCES,Z,N
2425,5,9240,BREVARD,ADULT/COMMUNITY EDUCATION,Z,N
2425,5,9997,BREVARD,MIGRANT NON-ENROLLED STUDENTS,Z,N
2425,5,9998,BREVARD,HOME EDUCATION PROGRAM STUDENTS,Z,N
2425,6,7,BROWARD,BROWARD COUNTY ACCELERATION ACADEMIES,Z,N
2425,6,11,BROWARD,DEERFIELD BEACH ELEMENTARY SCHOOL,Z,Y
2425,6,21,BROWARD,POMPANO BEACH MIDDLE SCHOOL,Z,Y
2425,6,31,BROWARD,OAKLAND PARK ELEMENTARY SCHOOL,Z,Y
2425,6,41,BROWARD,NORTH SIDE ELEMENTARY SCHOOL,Z,Y
2425,6,63,BROWARD,ADULT CENTER,Z,N
2425,6,100,BROWARD,HOSPITAL HOMEBOUND SERVICES,Z,N
2425,6,101,BROWARD,DANIA ELEMENTARY SCHOOL,Z,Y
2425,6,111,BROWARD,HOLLYWOOD HILLS ELEMENTARY SCHOOL,Z,Y
2425,6,121,BROWARD,HOLLYWOOD CENTRAL ELEMENTARY SCHOOL,Z,Y
2425,6,131,BROWARD,GULFSTREAM ACADEMY OF HALLANDALE BEACH,Z,Y
2425,6,151,BROWARD,RIVERLAND ELEMENTARY SCHOOL,Z,Y
2425,6,161,BROWARD,WEST HOLLYWOOD ELEMENTARY SCHOOL,Z,Y
2425,6,171,BROWARD,SOUTH BROWARD HIGH SCHOOL,Z,N
2425,6,181,BROWARD,POMPANO MULTI-PURPOSE EDUCATION CENTER,Z,N
2425,6,183,BROWARD,OFF-CAMPUS ALTERNATIVE PROGRAMS,Z,N
2425,6,184,BROWARD,POMPANO MULTI-PURPOSE EDUCATION CENTER,Z,N
2425,6,185,BROWARD,POMPANO BEACH HIGH SCHOOL,Z,N
2425,6,191,BROWARD,WILTON MANORS ELEMENTARY SCHOOL,Z,Y
2425,6,201,BROWARD,BENNETT ELEMENTARY SCHOOL,Z,Y
2425,6,211,BROWARD,STRANAHAN HIGH SCHOOL,Z,N
2425,6,212,BROWARD,ADULT & VOCATIONAL OFF-CAMPUS PROGRAMS,Z,N
2425,6,221,BROWARD,CROISSANT PARK ELEMENTARY SCHOOL,Z,Y
2425,6,231,BROWARD,COLBERT ELEMENTARY SCHOOL,Z,Y
2425,6,241,BROWARD,MCARTHUR HIGH SCHOOL,Z,N
2425,6,251,BROWARD,SUNRISE MIDDLE SCHOOL,Z,Y
2425,6,271,BROWARD,DILLARD ELEMENTARY SCHOOL,Z,Y
2425,6,301,BROWARD,NORTH AREA ADULT EDUCATION,Z,N
2425,6,321,BROWARD,WALKER ELEMENTARY SCHOOL,Z,Y
2425,6,331,BROWARD,COLLINS ELEMENTARY SCHOOL,Z,Y
2425,6,341,BROWARD,MARY M BETHUNE ELEMENTARY SCHOOL,Z,Y
2425,6,343,BROWARD,ATTUCKS MIDDLE SCHOOL,Z,Y
2425,6,361,BROWARD,BLANCHE ELY HIGH SCHOOL,Z,N
2425,6,371,BROWARD,DILLARD 6-12,Z,Y
2425,6,391,BROWARD,DEERFIELD PARK ELEMENTARY SCHOOL,Z,Y
2425,6,403,BROWARD,HALLANDALE HIGH SCHOOL,Z,N
2425,6,405,BROWARD,LANIER-JAMES EDUCATION CENTER,Z,N
2425,6,411,BROWARD,EDGEWOOD ELEMENTARY SCHOOL,Z,N
2425,6,422,BROWARD,SUNSET SCHOOL,Z,N
2425,6,431,BROWARD,LAUDERDALE MANORS ELEMENTARY,Z,N
2425,6,451,BROWARD,ROGERS MIDDLE SCHOOL,Z,N
2425,6,452,BROWARD,WHIDDON RODGERS EDUCATION CENTER,Z,N
2425,6,461,BROWARD,OAKRIDGE ELEMENTARY SCHOOL,Z,Y
2425,6,471,BROWARD,OLSEN MIDDLE SCHOOL,Z,Y
2425,6,481,BROWARD,MCNICOL MIDDLE SCHOOL,Z,Y
2425,6,491,BROWARD,HARBORDALE ELEMENTARY SCHOOL,Z,N
2425,6,501,BROWARD,BROWARD ESTATES ELEMENTARY SCHOOL,Z,Y
2425,6,511,BROWARD,WATKINS ELEMENTARY SCHOOL,Z,Y
2425,6,521,BROWARD,NORTH ANDREWS GARDENS ELEMENTARY SCHOOL,Z,Y
2425,6,531,BROWARD,MIRAMAR ELEMENTARY SCHOOL,Z,Y
2425,6,551,BROWARD,PLANTATION MIDDLE SCHOOL,Z,Y
2425,6,561,BROWARD,NORCREST ELEMENTARY SCHOOL,Z,Y
2425,6,571,BROWARD,TEDDER ELEMENTARY SCHOOL,Z,Y
2425,6,581,BROWARD,MARGATE MIDDLE SCHOOL,Z,Y
2425,6,592,BROWARD,HENRY D PERRY EDUCATIONAL CENTER,Z,N
2425,6,601,BROWARD,SEAGULL SCHOOL,Z,N
2425,6,611,BROWARD,SUNLAND PARK ACADEMY,Z,Y
2425,6,621,BROWARD,LARKDALE ELEMENTARY SCHOOL,Z,Y
2425,6,631,BROWARD,WESTWOOD HEIGHTS ELEMENTARY SCHOOL,Z,Y
2425,6,641,BROWARD,BAYVIEW ELEMENTARY SCHOOL,Z,N
2425,6,652,BROWARD,PINE RIDGE ALTERNATIVE CENTER,Z,N
2425,6,653,BROWARD,PINE RIDGE ALTERNATIVE CENTER,Z,N
2425,6,681,BROWARD,ROCK ISLAND ELEMENTARY SCHOOL,Z,N
2425,6,691,BROWARD,STIRLING ELEMENTARY SCHOOL,Z,Y
2425,6,701,BROWARD,PARKWAY MIDDLE SCHOOL,Z,Y
2425,6,711,BROWARD,ORANGE BROOK ELEMENTARY SCHOOL,Z,Y
2425,6,721,BROWARD,DRIFTWOOD ELEMENTARY SCHOOL,Z,Y
2425,6,731,BROWARD,TROPICAL ELEMENTARY SCHOOL,Z,Y
2425,6,751,BROWARD,POMPANO BEACH ELEMENTARY SCHOOL,Z,Y
2425,6,761,BROWARD,MEADOWBROOK ELEMENTARY SCHOOL,Z,Y
2425,6,811,BROWARD,BROADVIEW ELEMENTARY SCHOOL,Z,Y
2425,6,831,BROWARD,LAKE FOREST ELEMENTARY SCHOOL,Z,Y
2425,6,841,BROWARD,MCNAB ELEMENTARY SCHOOL,Z,Y
2425,6,851,BROWARD,FLORANADA ELEMENTARY SCHOOL,Z,Y
2425,6,861,BROWARD,DRIFTWOOD MIDDLE SCHOOL,Z,Y
2425,6,871,BROWARD,BRIGHT HORIZONS,Z,N
2425,6,881,BROWARD,NEW RIVER MIDDLE SCHOOL,Z,Y
2425,6,891,BROWARD,SANDERS PARK ELEMENTARY SCHOOL,Z,Y
2425,6,901,BROWARD,CRESTHAVEN ELEMENTARY SCHOOL,Z,Y
2425,6,911,BROWARD,DEERFIELD BEACH MIDDLE SCHOOL,Z,Y
2425,6,921,BROWARD,STEPHEN FOSTER ELEMENTARY SCHOOL,Z,Y
2425,6,931,BROWARD,PETERS ELEMENTARY SCHOOL,Z,Y
2425,6,941,BROWARD,PLANTATION ELEMENTARY SCHOOL,Z,Y
2425,6,951,BROWARD,FORT LAUDERDALE HIGH SCHOOL,Z,N
2425,6,971,BROWARD,BOULEVARD HEIGHTS ELEMENTARY,Z,Y
2425,6,991,BROWARD,WINGATE OAKS CENTER,Z,N
2425,6,1011,BROWARD,HENRY D. PERRY MIDDLE SCHOOL,Z,N
2425,6,1021,BROWARD,THE QUEST CENTER,Z,N
2425,6,1051,BROWARD,SHERIDAN TECHNICAL COLLEGE,Z,N
2425,6,1052,BROWARD,ADULT & VOCATONAL OFF CAMPUS-SOUTH,Z,N
2425,6,1071,BROWARD,WILLIAM DANDY MIDDLE SCHOOL,Z,Y
2425,6,1091,BROWARD,LLOYD ESTATES ELEMENTARY SCHOOL,Z,Y
2425,6,1131,BROWARD,PALMVIEW ELEMENTARY SCHOOL,Z,Y
2425,6,1151,BROWARD,CORAL SPRINGS HIGH SCHOOL,Z,N
2425,6,1161,BROWARD,MARGATE ELEMENTARY SCHOOL,Z,Y
2425,6,1171,BROWARD,SUNSHINE ELEMENTARY SCHOOL,Z,Y
2425,6,1191,BROWARD,NORTH FORK ELEMENTARY SCHOOL,Z,Y
2425,6,1211,BROWARD,COOPER CITY ELEMENTARY SCHOOL,Z,N
2425,6,1221,BROWARD,PEMBROKE PINES ELEMENTARY SCHOOL,Z,Y
2425,6,1241,BROWARD,NORTHEAST HIGH SCHOOL,Z,N
2425,6,1251,BROWARD,PLANTATION PARK ELEMENTARY,Z,Y
2425,6,1271,BROWARD,NOVA DWIGHT D. EISENHOWER ELEM,Z,Y
2425,6,1281,BROWARD,NOVA HIGH SCHOOL,Z,N
2425,6,1282,BROWARD,NOVA BLANCHE FORMAN ELEMENTARY,Z,Y
2425,6,1291,BROWARD,MCFATTER TECHNICAL COLLEGE,Z,N
2425,6,1311,BROWARD,NOVA MIDDLE SCHOOL,Z,Y
2425,6,1321,BROWARD,SHERIDAN PARK ELEMENTARY SCHOOL,Z,Y
2425,6,1381,BROWARD,LAUDERHILL PAUL TURNER ELEMENTARY SCHOOL,Z,Y
2425,6,1382,BROWARD,CASTLE HILL ELEMENTARY ANNEX,Z,N
2425,6,1391,BROWARD,LAUDERHILL 6-12,Z,Y
2425,6,1421,BROWARD,COCONUT CREEK ELEMENTARY SCHOOL,Z,Y
2425,6,1451,BROWARD,PLANTATION HIGH SCHOOL,Z,N
2425,6,1461,BROWARD,CASTLE HILL ELEMENTARY SCHOOL,Z,Y
2425,6,1611,BROWARD,"DR. MARTIN LUTHER KING, JR. MONTESSORI ACADEMY",Z,Y
2425,6,1621,BROWARD,VILLAGE ELEMENTARY SCHOOL,Z,Y
2425,6,1631,BROWARD,ANNABEL C. PERRY PK-8,Z,Y
2425,6,1641,BROWARD,FAIRWAY ELEMENTARY SCHOOL,Z,Y
2425,6,1661,BROWARD,HOLLYWOOD HILLS HIGH SCHOOL,Z,N
2425,6,1671,BROWARD,ROBERT C. MARKHAM ELEMENTARY,Z,Y
2425,6,1681,BROWARD,COCONUT CREEK HIGH SCHOOL,Z,N
2425,6,1701,BROWARD,LAUDERDALE LAKES MIDDLE SCHOOL,Z,Y
2425,6,1711,BROWARD,DEERFIELD BEACH HIGH SCHOOL,Z,N
2425,6,1741,BROWARD,BOYD H. ANDERSON HIGH SCHOOL,Z,N
2425,6,1751,BROWARD,MIRAMAR HIGH SCHOOL,Z,N
2425,6,1752,BROWARD,WHISPERING PINES EXCEPTIONAL EDUCATION CENTER,Z,N
2425,6,1761,BROWARD,HOLLYWOOD PARK ELEMENTARY SCHOOL,Z,Y
2425,6,1762,BROWARD,POSTSECONDARY ALTERNATIVES FOR SECONDARY STUDENTS-PASS,Z,N
2425,6,1781,BROWARD,CYPRESS ELEMENTARY SCHOOL,Z,Y
2425,6,1791,BROWARD,APOLLO MIDDLE SCHOOL,Z,Y
2425,6,1811,BROWARD,SHERIDAN HILLS ELEMENTARY SCHOOL,Z,Y
2425,6,1831,BROWARD,ORIOLE ELEMENTARY SCHOOL,Z,Y
2425,6,1841,BROWARD,MIRROR LAKE ELEMENTARY SCHOOL,Z,Y
2425,6,1851,BROWARD,ROYAL PALM ELEMENTARY SCHOOL,Z,Y
2425,6,1871,BROWARD,CRYSTAL LAKE MIDDLE SCHOOL,Z,Y
2425,6,1881,BROWARD,PINES MIDDLE SCHOOL,Z,Y
2425,6,1891,BROWARD,SEMINOLE MIDDLE SCHOOL,Z,Y
2425,6,1901,BROWARD,PIPER HIGH SCHOOL,Z,N
2425,6,1931,BROWARD,COOPER CITY HIGH SCHOOL,Z,N
2425,6,1951,BROWARD,PARK RIDGE ELEMENTARY SCHOOL,Z,Y
2425,6,1971,BROWARD,JAMES S. HUNT ELEMENTARY SCHOOL,Z,Y
2425,6,2001,BROWARD,BANYAN ELEMENTARY SCHOOL,Z,Y
2425,6,2011,BROWARD,CORAL COVE ELEMENTARY SCHOOL,Z,Y
2425,6,2021,BROWARD,GLADES MIDDLE SCHOOL,Z,Y
2425,6,2041,BROWARD,BEACHSIDE MONTESSORI VILLAGE,Z,N
2425,6,2052,BROWARD,WESTPINE MIDDLE SCHOOL,Z,Y
2425,6,2071,BROWARD,PASADENA LAKES ELEMENTARY SCHOOL,Z,Y
2425,6,2121,BROWARD,JAMES S. RICKARDS MIDDLE SCHOOL,Z,Y
2425,6,2123,BROWARD,CYPRESS RUN ALTERNATIVE CENTER,Z,N
2425,6,2141,BROWARD,GENE A. WHIDDON ADULT CENTER,Z,N
2425,6,2221,BROWARD,ATLANTIC TECHNICAL COLLEGE,Z,N
2425,6,2231,BROWARD,NORTH LAUDERDALE ELEMENTARY SCHOOL,Z,Y
2425,6,2351,BROWARD,SOUTH PLANTATION HIGH SCHOOL,Z,N
2425,6,2511,BROWARD,ATLANTIC WEST ELEMENTARY SCHOOL,Z,Y
2425,6,2531,BROWARD,HORIZON ELEMENTARY SCHOOL,Z,Y
2425,6,2541,BROWARD,FLAMINGO ELEMENTARY SCHOOL,Z,Y
2425,6,2551,BROWARD,CORAL SPRINGS ELEMENTARY SCHOOL,Z,Y
2425,6,2561,BROWARD,CORAL SPRINGS MIDDLE SCHOOL,Z,Y
2425,6,2571,BROWARD,PIONEER MIDDLE SCHOOL,Z,N
2425,6,2611,BROWARD,BAIR MIDDLE SCHOOL,Z,Y
2425,6,2621,BROWARD,TAMARAC ELEMENTARY SCHOOL,Z,Y
2425,6,2631,BROWARD,FOREST HILLS ELEMENTARY SCHOOL,Z,Y
2425,6,2641,BROWARD,CENTRAL PARK ELEMENTARY SCHOOL,Z,N
2425,6,2661,BROWARD,PEMBROKE LAKES ELEMENTARY SCHOOL,Z,Y
2425,6,2671,BROWARD,NOB HILL ELEMENTARY SCHOOL,Z,Y
2425,6,2681,BROWARD,WESTCHESTER ELEMENTARY SCHOOL,Z,Y
2425,6,2691,BROWARD,MORROW ELEMENTARY SCHOOL,Z,Y
2425,6,2711,BROWARD,RAMBLEWOOD MIDDLE SCHOOL,Z,Y
2425,6,2721,BROWARD,RAMBLEWOOD ELEMENTARY SCHOOL,Z,Y
2425,6,2741,BROWARD,MAPLEWOOD ELEMENTARY SCHOOL,Z,Y
2425,6,2751,BROWARD,J. P. TARAVELLA HIGH SCHOOL,Z,N
2425,6,2771,BROWARD,BROWARD FIRE,Z,N
2425,6,2801,BROWARD,DAVIE ELEMENTARY SCHOOL,Z,Y
2425,6,2811,BROWARD,PINEWOOD ELEMENTARY SCHOOL,Z,Y
2425,6,2831,BROWARD,WESTERN HIGH SCHOOL,Z,N
2425,6,2851,BROWARD,GRIFFIN ELEMENTARY SCHOOL,Z,N
2425,6,2861,BROWARD,PINES LAKES ELEMENTARY SCHOOL,Z,Y
2425,6,2871,BROWARD,SEA CASTLE ELEMENTARY SCHOOL,Z,Y
2425,6,2881,BROWARD,WELLEBY ELEMENTARY SCHOOL,Z,Y
2425,6,2891,BROWARD,RIVERGLADES ELEMENTARY SCHOOL,Z,N
2425,6,2942,BROWARD,EVERGLADES ELEMENTARY SCHOOL,Z,N
2425,6,2961,BROWARD,CHAPEL TRAIL ELEMENTARY SCHOOL,Z,N
2425,6,2971,BROWARD,SILVER LAKES MIDDLE SCHOOL,Z,Y
2425,6,2981,BROWARD,COUNTRY ISLES ELEMENTARY SCHOOL,Z,N
2425,6,3001,BROWARD,WALTER C. YOUNG MIDDLE SCHOOL,Z,Y
2425,6,3011,BROWARD,MARJORY STONEMAN DOUGLAS HIGH SCHOOL,Z,N
2425,6,3031,BROWARD,RIVERSIDE ELEMENTARY SCHOOL,Z,N
2425,6,3041,BROWARD,CORAL PARK ELEMENTARY SCHOOL,Z,Y
2425,6,3051,BROWARD,FOREST GLEN MIDDLE SCHOOL,Z,Y
2425,6,3061,BROWARD,SANDPIPER ELEMENTARY SCHOOL,Z,Y
2425,6,3081,BROWARD,SILVER RIDGE ELEMENTARY SCHOOL,Z,N
2425,6,3091,BROWARD,WINSTON PARK ELEMENTARY SCHOOL,Z,Y
2425,6,3101,BROWARD,LYONS CREEK MIDDLE SCHOOL,Z,Y
2425,6,3111,BROWARD,COUNTRY HILLS ELEMENTARY SCHOOL,Z,N
2425,6,3121,BROWARD,QUIET WATERS ELEMENTARY SCHOOL,Z,Y
2425,6,3131,BROWARD,HAWKES BLUFF ELEMENTARY SCHOOL,Z,N
2425,6,3151,BROWARD,TEQUESTA TRACE MIDDLE SCHOOL,Z,N
2425,6,3171,BROWARD,PARK SPRINGS ELEMENTARY SCHOOL,Z,N
2425,6,3181,BROWARD,INDIAN TRACE ELEMENTARY SCHOOL,Z,N
2425,6,3191,BROWARD,EMBASSY CREEK ELEMENTARY SCHOOL,Z,N
2425,6,3221,BROWARD,CHARLES DREW ELEMENTARY SCHOOL,Z,Y
2425,6,3222,BROWARD,CROSS CREEK SCHOOL,Z,N
2425,6,3291,BROWARD,THURGOOD MARSHALL ELEMENTARY SCHOOL,Z,Y
2425,6,3301,BROWARD,ENDEAVOUR PRIMARY LEARNING CENTER,Z,Y
2425,6,3311,BROWARD,PALM COVE ELEMENTARY SCHOOL,Z,Y
2425,6,3321,BROWARD,VIRGINIA SHUMAN YOUNG ELEMENTARY SCHOOL,Z,N
2425,6,3331,BROWARD,SILVER TRAIL MIDDLE SCHOOL,Z,N
2425,6,3361,BROWARD,CENTRAL AREA ALTERNATIVE CENTER SITE,Z,N
2425,6,3371,BROWARD,SILVER LAKES ELEMENTARY SCHOOL,Z,Y
2425,6,3381,BROWARD,CENTRAL AREA HEAD START SITE,Z,N
2425,6,3391,BROWARD,CHARLES W FLANAGAN HIGH SCHOOL,Z,N
2425,6,3401,BROWARD,SAWGRASS ELEMENTARY SCHOOL,Z,Y
2425,6,3411,BROWARD,BROWARD CHILDREN'S CENTER,Z,N
2425,6,3431,BROWARD,SAWGRASS SPRINGS MIDDLE SCHOOL,Z,Y
2425,6,3441,BROWARD,EAGLE RIDGE ELEMENTARY SCHOOL,Z,N
2425,6,3450,BROWARD,PERSONALIZED EDUCATION PROGRAM,Z,N
2425,6,3461,BROWARD,EAGLE POINT ELEMENTARY SCHOOL,Z,N
2425,6,3471,BROWARD,INDIAN RIDGE MIDDLE SCHOOL,Z,N
2425,6,3481,BROWARD,TRADEWINDS ELEMENTARY SCHOOL,Z,Y
2425,6,3491,BROWARD,SILVER PALMS ELEMENTARY SCHOOL,Z,N
2425,6,3518,BROWARD,MCKAY SCHOLARSHIP/SCHOOL OF ENROLLMENT,Z,N
2425,6,3531,BROWARD,FOX TRAIL ELEMENTARY SCHOOL,Z,Y
2425,6,3541,BROWARD,MONARCH HIGH SCHOOL,Z,N
2425,6,3561,BROWARD,TECHNOLOGY & SUPPORT SERVICES,Z,N
2425,6,3571,BROWARD,PANTHER RUN ELEMENTARY SCHOOL,Z,N
2425,6,3581,BROWARD,SILVER SHORES ELEMENTARY SCHOOL,Z,Y
2425,6,3591,BROWARD,LAKESIDE ELEMENTARY SCHOOL,Z,Y
2425,6,3601,BROWARD,NORTH AREA MAINT. & WHSE.,Z,N
2425,6,3622,BROWARD,FALCON COVE MIDDLE SCHOOL,Z,N
2425,6,3623,BROWARD,CYPRESS BAY HIGH SCHOOL,Z,N
2425,6,3631,BROWARD,PARKSIDE ELEMENTARY SCHOOL,Z,Y
2425,6,3642,BROWARD,GATOR RUN ELEMENTARY SCHOOL,Z,N
2425,6,3651,BROWARD,DAVE THOMAS EDUCATION CENTER WEST,Z,N
2425,6,3661,BROWARD,SUNSET LAKES ELEMENTARY SCHOOL,Z,N
2425,6,3697,BROWARD,DAVE THOMAS EAST,Z,N
2425,6,3701,BROWARD,ROCK ISLAND ELEMENTARY SCHOOL,Z,Y
2425,6,3731,BROWARD,EVERGLADES HIGH SCHOOL,Z,N
2425,6,3741,BROWARD,COCONUT PALM ELEMENTARY SCHOOL,Z,Y
2425,6,3751,BROWARD,DOLPHIN BAY ELEMENTARY SCHOOL,Z,Y
2425,6,3761,BROWARD,PARK LAKES ELEMENTARY SCHOOL,Z,Y
2425,6,3771,BROWARD,CHALLENGER ELEMENTARY SCHOOL,Z,Y
2425,6,3781,BROWARD,PARK TRAILS ELEMENTARY SCHOOL,Z,N
2425,6,3818,BROWARD,OPPORTUNITY SCHOLARSHIP/SCHOOL OF ENROLLMENT,Z,N
2425,6,3821,BROWARD,LIBERTY ELEMENTARY SCHOOL,Z,Y
2425,6,3841,BROWARD,MANATEE BAY ELEMENTARY SCHOOL,Z,N
2425,6,3851,BROWARD,COLLEGE ACADEMY AT BROWARD COLLEGE,Z,N
2425,6,3861,BROWARD,CORAL GLADES HIGH SCHOOL,Z,N
2425,6,3871,BROWARD,WESTGLADES MIDDLE SCHOOL,Z,N
2425,6,3900,BROWARD,FAMILY EMPOWERMENT SCHOLARSHIP PROGRAM,Z,N
2425,6,3911,BROWARD,NEW RENAISSANCE MIDDLE SCHOOL,Z,Y
2425,6,3921,BROWARD,BROWARD VIRTUAL EDUCATION,Z,N
2425,6,3931,BROWARD,GULFSTREAM MIDDLE SCHOOL,Z,N
2425,6,3941,BROWARD,COMMUNITY SCHOOL NORTH,Z,N
2425,6,3945,BROWARD,COMMUNITY SCHOOL NORTH (FORT LAUDERDALE SCHOOL),Z,N
2425,6,3947,BROWARD,CASTLE ANNEX,Z,N
2425,6,3951,BROWARD,COMMUNITY SCHOOL SOUTH,Z,N
2425,6,3961,BROWARD,HERON HEIGHTS ELEMENTARY SCHOOL,Z,N
2425,6,3962,BROWARD,DISCOVERY ELEMENTARY SCHOOL,Z,Y
2425,6,3971,BROWARD,WEST BROWARD HIGH SCHOOL,Z,N
2425,6,3981,BROWARD,ARTHUR ROBERT ASHE CENTER,Z,N
2425,6,3999,BROWARD,LAUDERDALE MANORS EARLY LEARNING & RESOURCE CENTER,Z,N
2425,6,4702,BROWARD,"ARTHUR ROBERT ASHE, JUNIOR MIDDLE SCHOOL",Z,N
2425,6,4772,BROWARD,MILLENNIUM 6-12 COLLEGIATE ACADEMY,Z,Y
2425,6,5001,BROWARD,BEN GAMLA CHARTER SCHOOL NORTH CAMPUS,R,N
2425,6,5002,BROWARD,SOMERSET ACADEMY VILLAGE CHARTER MIDDLE SCHOOL,R,Y
2425,6,5003,BROWARD,SOMERSET PREPARATORY ACADEMY CHARTER SCHOOL AT NORTH LAUDERDALE,R,Y
2425,6,5004,BROWARD,SOMERSET VILLAGE ACADEMY,R,Y
2425,6,5005,BROWARD,BEN GAMLA CHARTER HIGH SCHOOL,R,N
2425,6,5006,BROWARD,SOMERSET PREPARATORY ACADEMY CHARTER HIGH AT NORTH LAUDERDALE,R,N
2425,6,5007,BROWARD,SOMERSET ACADEMY CHARTER HIGH SCHOOL MIRAMAR CAMPUS,R,N
2425,6,5009,BROWARD,ANDREWS HIGH SCHOOL,R,N
2425,6,5010,BROWARD,FRANKLIN ACADEMY SUNRISE,R,Y
2425,6,5011,BROWARD,SMART SCHOOL INSTITUTE OF TECHNOLOGY AND COMMERCE,R,N
2425,6,5012,BROWARD,FRANKLIN ACADEMY PEMBROKE PINES,R,N
2425,6,5014,BROWARD,RENAISSANCE CHARTER MIDDLE SCHOOL AT PINES,R,Y
2425,6,5015,BROWARD,AVANT GARDE ACADEMY K-5 BROWARD,R,Y
2425,6,5017,BROWARD,AVANT GARDE ACADEMY FOUNDATION K8,R,Y
2425,6,5020,BROWARD,RENAISSANCE CHARTER SCHOOL AT CORAL SPRINGS,R,Y
2425,6,5021,BROWARD,SOMERSET NEIGHBORHOOD SCHOOL,R,Y
2425,6,5022,BROWARD,BRIDGEPREP ACADEMY OF BROWARD K-8,R,N
2425,6,5023,BROWARD,RENAISSANCE CHARTER SCHOOL AT PLANTATION,R,Y
2425,6,5024,BROWARD,IMAGINE SCHOOL AT BROWARD,R,N
2425,6,5025,BROWARD,BEN GAMLA CHARTER SCHOOL HALLANDALE,R,N
2425,6,5026,BROWARD,CHARTER SCHOOL OF EXCELLENCE DAVIE 2,R,N
2425,6,5028,BROWARD,ACADEMIC SOLUTIONS HIGH SCHOOL,R,N
2425,6,5029,BROWARD,ATLANTIC MONTESSORI CHARTER SCHOOL,R,N
2425,6,5030,BROWARD,SOMERSET PINES ACADEMY,R,Y
2425,6,5031,BROWARD,CHARTER SCHOOL OF EXCELLENCE,R,Y
2425,6,5032,BROWARD,FLAGLER HIGH,R,N
2425,6,5037,BROWARD,FRANKLIN ACADEMY COOPER CITY,R,Y
2425,6,5038,BROWARD,BROWARD MATH AND SCIENCE SCHOOLS,R,Y
2425,6,5041,BROWARD,CENTRAL CHARTER SCHOOL,R,Y
2425,6,5042,BROWARD,IMAGINE MIDDLE SCHOOL WEST,R,N
2425,6,5044,BROWARD,IMAGINE SCHOOLS PLANTATION CAMPUS,R,N
2425,6,5045,BROWARD,KATHLEEN C. WRIGHT LEADERSHIP ACADEMY,R,N
2425,6,5046,BROWARD,FRANKLIN ACADEMY F,R,Y
2425,6,5047,BROWARD,COLLEGE BOUND ACADEMY OF EXCELLENCE,R,N
2425,6,5048,BROWARD,RENAISSANCE CHARTER SCHOOL AT UNIVERSITY,R,Y
2425,6,5049,BROWARD,RENAISSANCE CHARTER SCHOOL AT COOPER CITY,R,Y
2425,6,5051,BROWARD,PEMBROKE PINES CHARTER ELEMENTARY SCHOOL,R,N
2425,6,5052,BROWARD,WEST BROWARD ACADEMY,R,Y
2425,6,5053,BROWARD,SUNED HIGH OF SOUTH BROWARD,R,N
2425,6,5054,BROWARD,SOMERSET ACADEMY MIRAMAR SOUTH,R,Y
2425,6,5055,BROWARD,BROWARD CHARTER SCHOOL OF SCIENCE AND TECHNOLOGY,R,N
2425,6,5056,BROWARD,SOMERSET PARKLAND ACADEMY,R,N
2425,6,5057,BROWARD,NEXT GENERATION CHARTER SCHOOL,R,N
2425,6,5059,BROWARD,FLORIDA VIRTUAL ACADEMY AT BROWARD COUNTY,R,N
2425,6,5060,BROWARD,SUNFIRE HIGH SCHOOL,R,N
2425,6,5061,BROWARD,N. LAUDERDALE ACADEMY HIGH SCHOOL,R,N
2425,6,5071,BROWARD,SMART SCHOOL CHARTER MIDDLE,R,N
2425,6,5081,BROWARD,CITY/PEMBROKE PINES CHARTER MIDDLE SCHOOL,R,N
2425,6,5091,BROWARD,CORAL SPRINGS CHARTER SCHOOL,R,N
2425,6,5101,BROWARD,CHARTER SCHOOL INSTITUTE TRAINING,R,N
2425,6,5109,BROWARD,PARAMOUNT CHARTER SCHOOL,R,N
2425,6,5111,BROWARD,IMAGINE CHARTER SCHOOL AT WESTON,R,N
2425,6,5116,BROWARD,BRIDGEPREP ACADEMY OF HOLLYWOOD HILLS,R,Y
2425,6,5119,BROWARD,MAGNOLIA ACADEMY,R,N
2425,6,5121,BROWARD,CITY/PEMBROKE PINES CHARTER HIGH SCHOOL,R,N
2425,6,5130,BROWARD,GREENTREE PREPARATORY CHARTER SCHOOL,R,N
2425,6,5131,BROWARD,CHARTER SCHOOL INSTITUTE TRAINING CENTER ANNEX,R,N
2425,6,5141,BROWARD,SOMERSET ACADEMY,R,N
2425,6,5142,BROWARD,FRANKLIN ACADEMY PEMBROKE PINES HIGH SCHOOL,R,N
2425,6,5151,BROWARD,SOMERSET ACADEMY MIDDLE SCHOOL,R,N
2425,6,5161,BROWARD,NORTH BROWARD ACADEMY OF EXCELLENCE,R,Y
2425,6,5164,BROWARD,ATLANTIC MONTESSORI CHARTER SCHOOL WEST CAMPUS,R,N
2425,6,5171,BROWARD,IMAGINE CHARTER SCHOOL AT NORTH LAUDERDALE ELEMENTARY,R,Y
2425,6,5177,BROWARD,INNOVATION CHARTER SCHOOL,R,Y
2425,6,5181,BROWARD,PARKWAY ACADEMY,R,N
2425,6,5182,BROWARD,THE BEN GAMLA PREPARATORY ACADEMY,R,N
2425,6,5201,BROWARD,CHARTER SCHOOL OF EXCELLENCE TAMARAC 1,R,N
2425,6,5204,BROWARD,BEN GAMLA PREPARATORY SCHOOL,R,N
2425,6,5209,BROWARD,ASCEND CAREER ACADEMY,R,N
2425,6,5211,BROWARD,SOMERSET ACADEMY DAVIE CHARTER SCHOOL,R,Y
2425,6,5215,BROWARD,CHAMPIONSHIP ACADEMY OF DISTINCTION MIDDLE SCHOOL,R,Y
2425,6,5219,BROWARD,CHAMPIONSHIP ACADEMY OF DISTINCTION HIGH SCHOOL,R,N
2425,6,5221,BROWARD,SOMERSET ACADEMY CHARTER HIGH,R,N
2425,6,5224,BROWARD,SOMERSET ACADEMY KEY CHARTER HIGH SCHOOL,R,N
2425,6,5231,BROWARD,EAGLE ACADEMY CHARTER SCHOOL,R,N
2425,6,5233,BROWARD,ACADEMIC SOLUTIONS ACADEMY A,R,N
2425,6,5234,BROWARD,CHAMPIONSHIP ACADEMY OF DISTINCTION OF WEST BROWARD,R,N
2425,6,5238,BROWARD,BRIDGEPREP ACADEMY BROWARD COUNTY,R,N
2425,6,5241,BROWARD,SMART SCHOOL INSTITUTE OF TECH/COM,R,N
2425,6,5261,BROWARD,IMAGINE AT N LAUDERDALE MIDDLE SCHOOL,R,N
2425,6,5263,BROWARD,SOMERSET ACADEMY ELEMENTARY SOUTH CAMPUS,R,N
2425,6,5271,BROWARD,CHARTER SCHOOL OF EXCELLENCE AT DAVIE,R,Y
2425,6,5281,BROWARD,CHARTER SCHOOL OF EXCELLENCE AT RIVERLAND,R,N
2425,6,5291,BROWARD,CHARTER SCHOOL OF EXCELLENCE TAMARAC 2,R,N
2425,6,5311,BROWARD,MAGNOLIA SCHOOL FOR ARTS AND TECHNOLOGY INC.,R,N
2425,6,5315,BROWARD,BROWARD COMMUNITY CHARTER SCHOOL,R,N
2425,6,5320,BROWARD,SUMMIT ACADEMY CHARTER SCHOOL,R,N
2425,6,5321,BROWARD,DOWNTOWN ACADEMY OF TECHNOLOGY & ARTS,R,N
2425,6,5322,BROWARD,PIVOT CHARTER SCHOOL,R,N
2425,6,5323,BROWARD,MELROSE HIGH,R,N
2425,6,5325,BROWARD,HOLLYWOOD ACADEMY OF ARTS & SCIENCE,R,Y
2425,6,5331,BROWARD,DOLPHIN PARK HIGH,R,N
2425,6,5335,BROWARD,TOUCHDOWNS4LIFE,R,N
2425,6,5341,BROWARD,NORTH UNIVERSITY HIGH,R,N
2425,6,5345,BROWARD,NORTH LAUDERDALE ACADEMY HIGH SCHOOL,R,N
2425,6,5351,BROWARD,LAUDERHILL HIGH,R,N
2425,6,5355,BROWARD,EAGLES NEST CHARTER ACADEMY,R,Y
2425,6,5356,BROWARD,EAGLES NEST MIDDLE CHARTER SCHOOL,R,Y
2425,6,5361,BROWARD,CHAMPIONSHIP ACADEMY OF DISTINCTION AT HOLLYWOOD,R,Y
2425,6,5362,BROWARD,HOLLYWOOD ACADEMY OF ARTS AND SCIENCE MIDDLE SCHOOL,R,Y
2425,6,5365,BROWARD,SUCCESS LEADERSHIP ACADEMY,R,N
2425,6,5371,BROWARD,NORTH BROWARD ACADEMY OF EXCELLENCE MIDDLE,R,Y
2425,6,5372,BROWARD,PATHWAYS ACADEMY K-8 CENTER,R,N
2425,6,5375,BROWARD,PARAGON ELEMENTARY CHARTER SCHOOL,R,N
2425,6,5381,BROWARD,PARAGON ACADEMY OF TECHNOLOGY,R,Y
2425,6,5385,BROWARD,EARLY BEGINNINGS ACADEMY WEST,R,N
2425,6,5386,BROWARD,BROWARD COMMUNITY CHARTER MIDDLE SCHOOL,R,N
2425,6,5387,BROWARD,SOMERSET ACADEMY RIVERSIDE,R,Y
2425,6,5388,BROWARD,SOMERSET ACADEMY POMPANO (K-5),R,Y
2425,6,5389,BROWARD,RISE ACADEMY II,R,N
2425,6,5390,BROWARD,NEW GENERATION PREPARATORY HIGH SCHOOL OF PERFORMING ARTS,R,N
2425,6,5391,BROWARD,SOMERSET ACADEMY EAST PREPARATORY,R,Y
2425,6,5392,BROWARD,BEN GAMLA CHARTER SCHOOL SOUTH BROWARD,R,Y
2425,6,5393,BROWARD,EXCELSIOR CHARTER OF BROWARD,R,N
2425,6,5394,BROWARD,CHARTER SCHOOL OF EXCELLENCE 2,R,N
2425,6,5395,BROWARD,POMPANO CHARTER MIDDLE SCHOOL,R,N
2425,6,5396,BROWARD,SOMERSET ARTS CONSERVATORY,R,N
2425,6,5397,BROWARD,CHARTER SCHOOLS OF EXCELLENCE RIVERLAND,R,N
2425,6,5398,BROWARD,SUNRISE COMMUNITY CHARTER,R,N
2425,6,5399,BROWARD,SUNSHINE ACADEMY CHARTER,R,N
2425,6,5400,BROWARD,SUNSHINE ELEMENTARY CHARTER SCHOOL,R,Y
2425,6,5401,BROWARD,SUNFIRE HIGH SCHOOL OF FT LAUDERDALE,R,N
2425,6,5403,BROWARD,BROWARD COMMUNITY CHARTER WEST,R,N
2425,6,5404,BROWARD,SUSIE DANIELS CHARTER SCHOOL,R,N
2425,6,5405,BROWARD,SOMERSET ACADEMY ELEMENTARY (MIRAMAR CAMPUS),R,Y
2425,6,5406,BROWARD,SOMERSET ACADEMY MIDDLE (MIRAMAR CAMPUS),R,Y
2425,6,5407,BROWARD,EVEREST CHARTER SCHOOL,R,Y
2425,6,5409,BROWARD,KIDZ CHOICE CHARTER SCHOOL,R,N
2425,6,5410,BROWARD,BEN GAMLA CHARTER SCHOOL,R,N
2425,6,5411,BROWARD,DAYSPRING ELEMENTARY CHARTER SCHOOL,R,N
2425,6,5412,BROWARD,DISCOVERY MIDDLE CHARTER SCHOOL,R,N
2425,6,5413,BROWARD,SOMERSET ACADEMY KEY MIDDLE SCHOOL,R,Y
2425,6,5414,BROWARD,FLORIDA INTERCULTURAL ACADEMY MIDDLE,R,N
2425,6,5415,BROWARD,IMAGINE CHARTER SCHOOL OF BROWARD,R,N
2425,6,5416,BROWARD,INTERNATIONAL SCHOOL OF BROWARD,R,N
2425,6,5417,BROWARD,IGENERATION EMPOWERMENT ACADEMY OF BROWARD COUNTY,R,N
2425,6,5418,BROWARD,HENRY MCNEAL TURNER LEARNING ACADEMY,R,N
2425,6,5419,BROWARD,SOMERSET ACADEMY RIVERSIDE CHARTER MIDDLE SCHOOL,R,Y
2425,6,5420,BROWARD,RISE ACADEMY SCHOOL OF SCIENCE AND TECHNOLOGY,R,Y
2425,6,5421,BROWARD,ALPHA INTERNATIONAL ACADEMY,R,N
2425,6,5422,BROWARD,CHAMPIONSHIP ACADEMY OF DISTINCTION AT DAVIE,R,Y
2425,6,5431,BROWARD,THE OBAMA ACADEMY FOR BOYS,R,N
2425,6,5434,BROWARD,THE RED SHOE CHARTER SCHOOL FOR GIRLS,R,N
2425,6,5441,BROWARD,SOMERSET PREPARATORY CHARTER MIDDLE SCHOOL,R,Y
2425,6,5481,BROWARD,SANDRA MARIE CURTIS HIGH SCHOOL,R,N
2425,6,5501,BROWARD,"ARC BROWARD, INC.",Z,N
2425,6,5506,BROWARD,"KIDS IN DISTRESS, INC.",Z,N
2425,6,5511,BROWARD,"ANN STORCK CENTER, INC.",Z,N
2425,6,5521,BROWARD,BAUDHUIN ORAL SCHOOL-NOVA UNIVERSITY,Z,N
2425,6,5531,BROWARD,BROWARD CHILDREN'S CENTER NORTH,Z,N
2425,6,5541,BROWARD,BROWARD CHILDREN'S CENTER SOUTH,Z,N
2425,6,5551,BROWARD,RIVERWOOD YOUTH,Z,N
2425,6,5555,BROWARD,INTERNATIONAL STUDIES ACADEMY HIGH SCHOOL,R,N
2425,6,5556,BROWARD,INTERNATIONAL STUDIES ACADEMY MIDDLE SCHOOL,R,Y
2425,6,5561,BROWARD,UCP EARLY BEGINNINGS,Z,N
2425,6,5571,BROWARD,RIVERWOOD SOUTH YOUTH,Z,N
2425,6,5581,BROWARD,ALPHABET LAND-MARGATE,Z,N
2425,6,5591,BROWARD,JACK AND JILL,Z,N
2425,6,5601,BROWARD,CARVER RANCHES,Z,N
2425,6,5602,BROWARD,BABY BOOMERS,Z,N
2425,6,5603,BROWARD,"PRODIGY CENTER FOR YOUTH DEVELOPMENT AND ACADEMIC EXCELLENCE, INC.",Z,N
2425,6,5611,BROWARD,DREW PK,Z,N
2425,6,5621,BROWARD,ALPHABET LAND-N. LAUDERDALE,Z,N
2425,6,5631,BROWARD,ONCE-UPON A-TIME,Z,N
2425,6,5641,BROWARD,GULFSTREAM EARLY CHILDHOOD CENTER OF EXCELLENCE,Z,N
2425,6,5710,BROWARD,RENAISSANCE CHARTER SCHOOLS AT PINES,R,Y
2425,6,5717,BROWARD,SOUTH BROWARD MONTESSORI CHARTER SCHOOL,R,Y
2425,6,5731,BROWARD,IVY ACADEMY HIGH,R,N
2425,6,5791,BROWARD,AVANT GARDE ACADEMY OF BROWARD,R,Y
2425,6,5801,BROWARD,PANACEA PREP CHARTER SCHOOL,R,Y
2425,6,5831,BROWARD,IVY ACADEMY MIDDLE,R,N
2425,6,5852,BROWARD,NEW LIFE CHARTER ACADEMY,R,Y
2425,6,5861,BROWARD,SUNED HIGH SCHOOL OF NORTH BROWARD,R,N
2425,6,6011,BROWARD,BROWARD DETENTION CENTER,Z,N
2425,6,6012,BROWARD,THOMPSON ACADEMY,Z,N
2425,6,6013,BROWARD,SOUTH PINES ACADEMY,Z,N
2425,6,6015,BROWARD,BROWARD GIRLS ACADEMY,Z,N
2425,6,6016,BROWARD,POMPANO YOUTH TREATMENT CENTER,Z,N
2425,6,6017,BROWARD,BROWARD YOUTH TREATMENT CENTER,Z,N
2425,6,6021,BROWARD,BROWARD INTENSIVE HALFWAY,Z,N
2425,6,6031,BROWARD,BROWN SCHOOL DAY TREATMENT - THRESHOLD,Z,N
2425,6,6041,BROWARD,ELAINE GORDON TREATMENT CENTER,Z,N
2425,6,6051,BROWARD,AMIKIDS OF GREATER FORT LAUDERDALE,Z,N
2425,6,6061,BROWARD,INTENSIVE DAY TREATMENT,Z,N
2425,6,6071,BROWARD,LEAF GROUP TREATMENT HOME,Z,N
2425,6,6081,BROWARD,MATTHEW PROJECT,Z,N
2425,6,6091,BROWARD,"PACE CENTER FOR GIRLS, INC.",Z,N
2425,6,6111,BROWARD,POMPANO ACADEMY,Z,N
2425,6,6121,BROWARD,AKANKE/FRIENDS OF CHILDREN,Z,N
2425,6,6131,BROWARD,BOYS RANCH/FRIENDS OF CHILDREN,Z,N
2425,6,6141,BROWARD,S. FL. INTENSIVE HALFWAY HOUSE,Z,N
2425,6,6211,BROWARD,SANKOFA HOUSE,Z,N
2425,6,6311,BROWARD,SOUTH BROWARD GROUP HOME,Z,N
2425,6,6411,BROWARD,CANNON POINT,Z,N
2425,6,6501,BROWARD,HENRY D PERRY EDUCATION CENTER,Z,N
2425,6,7001,BROWARD,BROWARD VIRTUAL INSTRUCTION PROGRAM,Z,N
2425,6,7004,BROWARD,BROWARD VIRTUAL FRANCHISE,Z,N
2425,6,7006,BROWARD,FUTURE VIRTUAL SCHOOL,Z,N
2425,6,7023,BROWARD,BROWARD VIRTUAL INSTRUCTION PROGRAM (DISTRICT PROVIDED),Z,N
2425,6,9001,BROWARD,BROWARD DISTRICT OFFICE,Z,N
2425,6,9045,BROWARD,CONTRACTED RESIDENTIAL SERVICES,Z,N
2425,6,9100,BROWARD,HUMAN RESOURCES,Z,N
2425,6,9997,BROWARD,MIGRANT NON-ENROLLED STUDENTS,Z,N
2425,6,9998,BROWARD,HOME EDUCATION PROGRAM STUDENTS,Z,N
2425,7,21,CALHOUN,BLOUNTSTOWN HIGH SCHOOL,Z,Y
2425,7,31,CALHOUN,CALHOUN COUNTY ADULT EDUCATION CENTER,Z,N
2425,7,51,CALHOUN,BLOUNTSTOWN MIDDLE SCHOOL,Z,N
2425,7,91,CALHOUN,CARR ELEMENTARY & MIDDLE SCHOOL,Z,Y
2425,7,101,CALHOUN,ALTHA PUBLIC SCHOOL,Z,Y
2425,7,131,CALHOUN,BLOUNTSTOWN ELEMENTARY SCHOOL,Z,Y
2425,7,3450,CALHOUN,PERSONALIZED EDUCATION PROGRAM,Z,N
2425,7,3518,CALHOUN,MCKAY SCHOLARSHIP/SCHOOL OF ENROLLMENT,Z,N
2425,7,3818,CALHOUN,OPPORTUNITY SCHOLARSHIP/SCHOOL OF ENROLLMENT,Z,N
2425,7,3900,CALHOUN,FAMILY EMPOWERMENT SCHOLARSHIP PROGRAM,Z,N
2425,7,7001,CALHOUN,CALHOUN VIRTUAL INSTRUCTION PROGRAM,Z,N
2425,7,7004,CALHOUN,CALHOUN VIRTUAL FRANCHISE,Z,N
2425,7,7006,CALHOUN,CALHOUN VIRTUAL INSTRUCTION (COURSE OFFERINGS),Z,N
2425,7,7023,CALHOUN,CALHOUN VIRTUAL  INSTRUCTION PROGRAM (DISTRICT PROVIDED),Z,N
2425,7,9001,CALHOUN,CALHOUN DISTRICT OFFICE,Z,N
2425,7,9045,CALHOUN,CONTRACTED RESIDENTIAL SERVICES,Z,N
2425,7,9100,CALHOUN,HUMAN RESOURCES,Z,N
2425,7,9997,CALHOUN,MIGRANT NON-ENROLLED STUDENTS,Z,N
2425,7,9998,CALHOUN,HOME EDUCATION PROGRAM STUDENTS,Z,N
2425,8,21,CHARLOTTE,SALLIE JONES ELEMENTARY SCHOOL,Z,Y
2425,8,31,CHARLOTTE,CHARLOTTE HIGH SCHOOL,Z,N
2425,8,32,CHARLOTTE,SCHOOL AND COMMUNITY RELATIONS,Z,N
2425,8,41,CHARLOTTE,PEACE RIVER ELEMENTARY SCHOOL,Z,Y
2425,8,42,CHARLOTTE,CHARLOTTE HARBOR SCHOOL,Z,N
2425,8,51,CHARLOTTE,LEMON BAY HIGH SCHOOL,Z,N
2425,8,62,CHARLOTTE,BAKER/HEAD START,Z,N
2425,8,81,CHARLOTTE,EAST ELEMENTARY SCHOOL,Z,Y
2425,8,111,CHARLOTTE,NEIL ARMSTRONG ELEMENTARY SCHOOL,Z,Y
2425,8,121,CHARLOTTE,PUNTA GORDA MIDDLE SCHOOL,Z,N
2425,8,131,CHARLOTTE,PORT CHARLOTTE MIDDLE SCHOOL,Z,Y
2425,8,141,CHARLOTTE,MEADOW PARK ELEMENTARY SCHOOL,Z,Y
2425,8,151,CHARLOTTE,PORT CHARLOTTE HIGH SCHOOL,Z,N
2425,8,161,CHARLOTTE,CHARLOTTE TECHNICAL COLLEGE,Z,N
2425,8,171,CHARLOTTE,THE ACADEMY,Z,Y
2425,8,181,CHARLOTTE,L. A. AINGER MIDDLE SCHOOL,Z,N
2425,8,191,CHARLOTTE,VINELAND ELEMENTARY SCHOOL,Z,Y
2425,8,201,CHARLOTTE,LIBERTY ELEMENTARY SCHOOL,Z,Y
2425,8,211,CHARLOTTE,MURDOCK MIDDLE SCHOOL,Z,Y
2425,8,231,CHARLOTTE,MYAKKA RIVER ELEMENTARY SCHOOL,Z,Y
2425,8,251,CHARLOTTE,DEEP CREEK ELEMENTARY SCHOOL,Z,Y
2425,8,261,CHARLOTTE,NEW CHALLENGE SCHOOL OF CHARLOTTE COUNTY,Z,N
2425,8,271,CHARLOTTE,KELLY HALL,Z,N
2425,8,272,CHARLOTTE,COMPASS LEARNING CENTER,Z,N
2425,8,281,CHARLOTTE,CROSSROADS WILDERNESS INSTITUTE,Z,N
2425,8,282,CHARLOTTE,CROSSROADS HOPE ACADEMY,C,N
2425,8,291,CHARLOTTE,CHARLOTTE COUNTY SHERIFF'S OFFICE LEVEL 2 INTENSIVE DAY TREATMENT PROG.,Z,N
2425,8,301,CHARLOTTE,KINGSWAY ELEMENTARY SCHOOL,Z,Y
2425,8,401,CHARLOTTE,EAGLE VISION,Z,N
2425,8,501,CHARLOTTE,ALPHA CENTER CHARTER SCHOOL,R,N
2425,8,502,CHARLOTTE,FLORIDA SOUTHWESTERN COLLEGIATE HIGH SCHOOL,R,N
2425,8,503,CHARLOTTE,BABCOCK NEIGHBORHOOD SCHOOL,R,N
2425,8,504,CHARLOTTE,BABCOCK HIGH SCHOOL,R,N
2425,8,601,CHARLOTTE,CHARLOTTE COUNTY JAIL,Z,N
2425,8,3450,CHARLOTTE,PERSONALIZED EDUCATION PROGRAM,Z,N
2425,8,3518,CHARLOTTE,MCKAY SCHOLARSHIP/SCHOOL OF ENROLLMENT,Z,N
2425,8,3818,CHARLOTTE,OPPORTUNITY SCHOLARSHIP/SCHOOL OF ENROLLMENT,Z,N
2425,8,3900,CHARLOTTE,FAMILY EMPOWERMENT SCHOLARSHIP PROGRAM,Z,N
2425,8,7001,CHARLOTTE,CHARLOTTE VIRTUAL INSTRUCTION PROGRAM,Z,N
2425,8,7004,CHARLOTTE,CHARLOTTE VIRTUAL FRANCHISE,Z,N
2425,8,7006,CHARLOTTE,FUTURE VIRTUAL SCHOOL,Z,N
2425,8,7023,CHARLOTTE,FUTURE VIRTUAL SCHOOL,Z,N
2425,8,9001,CHARLOTTE,CHARLOTTE DISTRICT OFFICE,Z,N
2425,8,9045,CHARLOTTE,CONTRACTED RESIDENTIAL SERVICES,Z,N
2425,8,9100,CHARLOTTE,HUMAN RESOURCES,Z,N
2425,8,9997,CHARLOTTE,MIGRANT NON-ENROLLED STUDENTS,Z,N
2425,8,9998,CHARLOTTE,HOME EDUCATION PROGRAM STUDENTS,Z,N
2425,9,21,CITRUS,PLEASANT GROVE ELEMENTARY SCHOOL,Z,Y
2425,9,25,CITRUS,FOREST RIDGE ELEMENTARY SCHOOL,Z,Y
2425,9,31,CITRUS,CITRUS HIGH SCHOOL,Z,N
2425,9,32,CITRUS,INVERNESS PRIMARY SCHOOL,Z,Y
2425,9,35,CITRUS,CENTRAL RIDGE ELEMENTARY SCHOOL,Z,Y
2425,9,42,CITRUS,INVERNESS MIDDLE SCHOOL,Z,Y
2425,9,51,CITRUS,LAKEVIEW SCHOOL,Z,N
2425,9,61,CITRUS,FLORAL CITY ELEMENTARY SCHOOL,Z,Y
2425,9,71,CITRUS,HOMOSASSA ELEMENTARY SCHOOL,Z,Y
2425,9,83,CITRUS,CRYSTAL RIVER MIDDLE SCHOOL,Z,Y
2425,9,102,CITRUS,CRYSTAL RIVER PRIMARY SCHOOL,Z,Y
2425,9,121,CITRUS,CRYSTAL RIVER HIGH SCHOOL,Z,N
2425,9,131,CITRUS,WITHLACOOCHEE TECHNICAL COLLEGE,Z,N
2425,9,141,CITRUS,MARINE SCIENCE STATION,Z,N
2425,9,151,CITRUS,PRE-KINDERGARTEN EARLY INTERVENTION PROGRAM CENTER,Z,N
2425,9,161,CITRUS,LECANTO PRIMARY SCHOOL,Z,Y
2425,9,162,CITRUS,LECANTO MIDDLE SCHOOL,Z,Y
2425,9,163,CITRUS,LECANTO HIGH SCHOOL,Z,N
2425,9,171,CITRUS,HERNANDO ELEMENTARY SCHOOL,Z,Y
2425,9,181,CITRUS,CITRUS SPRINGS ELEMENTARY SCHOOL,Z,Y
2425,9,191,CITRUS,ROCK CRUSHER ELEMENTARY SCHOOL,Z,Y
2425,9,201,CITRUS,CREST SCHOOL,Z,N
2425,9,211,CITRUS,CITRUS SPRINGS MIDDLE SCHOOL,Z,Y
2425,9,215,CITRUS,ACADEMY OF ENVIRONMENTAL SCIENCE,R,N
2425,9,216,CITRUS,CITRUS MYCROSCHOOL OF INTEGRATED ACADEMICS AND TECHNOLOGIES,R,N
2425,9,321,CITRUS,SRMI @ RENAISSANCE CENTER,Z,Y
2425,9,322,CITRUS,THE HORIZON EDUCATIONAL CENTER,Z,N
2425,9,3450,CITRUS,PERSONALIZED EDUCATION PROGRAM,Z,N
2425,9,3518,CITRUS,MCKAY SCHOLARSHIP/SCHOOL OF ENROLLMENT,Z,N
2425,9,3818,CITRUS,OPPORTUNITY SCHOLARSHIP/SCHOOL OF ENROLLMENT,Z,N
2425,9,3900,CITRUS,FAMILY EMPOWERMENT SCHOLARSHIP PROGRAM,Z,N
2425,9,7001,CITRUS,CITRUS VIRTUAL INSTRUCTION PROGRAM,Z,N
2425,9,7004,CITRUS,CITRUS ESCHOOL,Z,N
2425,9,7006,CITRUS,CITRUS VIRTUAL (COURSE OFFERINGS),Z,N
2425,9,7023,CITRUS,CITRUS ESCHOOL 6-12,Z,N
2425,9,7073,CITRUS,CAMP E-NINI HASSEE,Z,Y
2425,9,8001,CITRUS,CYPRESS CREEK TREATMENT CENTER,Z,N
2425,9,8002,CITRUS,BROWN SCHOOLS OF FLORIDA,Z,N
2425,9,8003,CITRUS,PACE CENTER FOR GIRLS,Z,Y
2425,9,9001,CITRUS,CITRUS DISTRICT OFFICE,Z,N
2425,9,9045,CITRUS,CONTRACTED RESIDENTIAL SERVICES,Z,N
2425,9,9100,CITRUS,HUMAN RESOURCES,Z,N
2425,9,9992,CITRUS,"PRIVATE SCHOOL STUDENTS, TITLE I, PART C (MIGRANT PROGRAMS)",Z,N
2425,9,9993,CITRUS,MIGRANT TITLE I PART C HOME EDUCATION SETTING,Z,N
2425,9,9997,CITRUS,MIGRANT NON-ENROLLED STUDENTS,Z,N
2425,9,9998,CITRUS,HOME EDUCATION PROGRAM STUDENTS,Z,N
2425,10,20,CLAY,FLORIDA YOUTH CHALLENGE ACADEMY,Z,N
2425,10,21,CLAY,GREEN COVE SPRINGS JUNIOR HIGH SCHOOL,Z,N
2425,10,71,CLAY,CHARLES E. BENNETT ELEMENTARY SCHOOL,Z,Y
2425,10,111,CLAY,R. C. BANNERMAN LEARNING CENTER,Z,N
2425,10,112,CLAY,PACE CENTER FOR GIRLS CLAY,Z,N
2425,10,113,CLAY,AMIKIDS CLAY COUNTY,Z,Y
2425,10,114,CLAY,CATAPULT ACADEMY,Z,N
2425,10,201,CLAY,ORANGE PARK ELEMENTARY SCHOOL,Z,N
2425,10,232,CLAY,GROVE PARK ELEMENTARY SCHOOL,Z,Y
2425,10,241,CLAY,W E CHERRY ELEMENTARY SCHOOL,Z,Y
2425,10,252,CLAY,ORANGE PARK HIGH SCHOOL,Z,Y
2425,10,261,CLAY,DOCTORS INLET ELEMENTARY SCHOOL,Z,Y
2425,10,271,CLAY,MIDDLEBURG ELEMENTARY SCHOOL,Z,Y
2425,10,301,CLAY,KEYSTONE HEIGHTS ELEMENTARY,Z,Y
2425,10,311,CLAY,KEYSTONE HEIGHTS JUNIOR/SENIOR HIGH,Z,Y
2425,10,331,CLAY,S BRYAN JENNINGS ELEMENTARY SCHOOL,Z,Y
2425,10,341,CLAY,CLAY HIGH SCHOOL,Z,N
2425,10,351,CLAY,LAKESIDE JUNIOR HIGH SCHOOL,Z,N
2425,10,352,CLAY,LAKESIDE ELEMENTARY SCHOOL,Z,Y
2425,10,361,CLAY,ORANGE PARK JUNIOR HIGH SCHOOL,Z,Y
2425,10,371,CLAY,WILKINSON JUNIOR HIGH SCHOOL,Z,Y
2425,10,381,CLAY,MONTCLAIR ELEMENTARY SCHOOL,Z,Y
2425,10,391,CLAY,MIDDLEBURG HIGH SCHOOL,Z,N
2425,10,401,CLAY,RIDGEVIEW ELEMENTARY SCHOOL,Z,Y
2425,10,411,CLAY,CLAY HILL ELEMENTARY SCHOOL,Z,Y
2425,10,431,CLAY,RIDGEVIEW HIGH SCHOOL,Z,N
2425,10,451,CLAY,LAKE ASBURY ELEMENTARY SCHOOL,Z,N
2425,10,471,CLAY,ROBERT M. PATERSON ELEMENTARY,Z,N
2425,10,481,CLAY,LAKE ASBURY JUNIOR HIGH SCHOOL,Z,N
2425,10,491,CLAY,J.L. WILKINSON ELEMENTARY SCHOOL,Z,Y
2425,10,501,CLAY,TYNES ELEMENTARY SCHOOL,Z,N
2425,10,511,CLAY,MCRAE ELEMENTARY SCHOOL,Z,Y
2425,10,521,CLAY,FLEMING ISLAND ELEMENTARY SCHOOL,Z,N
2425,10,531,CLAY,THUNDERBOLT ELEMENTARY SCHOOL,Z,N
2425,10,541,CLAY,RIDEOUT ELEMENTARY SCHOOL,Z,N
2425,10,551,CLAY,FLEMING ISLAND HIGH SCHOOL,Z,N
2425,10,571,CLAY,SWIMMING PEN CREEK ELEMENTARY SCHOOL,Z,Y
2425,10,591,CLAY,ARGYLE ELEMENTARY SCHOOL,Z,Y
2425,10,601,CLAY,COPPERGATE ELEMENTARY SCHOOL,Z,Y
2425,10,611,CLAY,OAKLEAF JUNIOR HIGH,Z,N
2425,10,621,CLAY,OAKLEAF VILLAGE ELEMENTARY SCHOOL,Z,N
2425,10,631,CLAY,SHADOWLAWN ELEMENTARY SCHOOL,Z,N
2425,10,641,CLAY,DISCOVERY OAKS ELEMENTARY,Z,N
2425,10,651,CLAY,PLANTATION OAKS ELEMENTARY SCHOOL,Z,N
2425,10,661,CLAY,OAKLEAF HIGH SCHOOL,Z,N
2425,10,662,CLAY,ORANGE PARK PERFORMING ARTS ACADEMY (OPPAA),R,N
2425,10,663,CLAY,FLORIDA CYBER CHARTER ACADEMY AT CLAY,R,N
2425,10,664,CLAY,CLAY CHARTER ACADEMY,R,N
2425,10,667,CLAY,ST JOHNS CLASSICAL ACADEMY,R,N
2425,10,671,CLAY,SPRING PARK ELEMENTARY,Z,N
2425,10,672,CLAY,HOSPITAL HOMEBOUND HOMEBASED PROGRAMS,Z,N
2425,10,677,CLAY,ST. JOHNS CLASSICAL ACADEMY ORANGE PARK,R,N
2425,10,681,CLAY,SCHOOL A,Z,N
2425,10,691,CLAY,SCHOOL AA,Z,N
2425,10,1234,CLAY,MIGRANT,Z,N
2425,10,3450,CLAY,PERSONALIZED EDUCATION PROGRAM,Z,N
2425,10,3518,CLAY,MCKAY SCHOLARSHIP/SCHOOL OF ENROLLMENT,Z,N
2425,10,3818,CLAY,OPPORTUNITY SCHOLARSHIP/SCHOOL OF ENROLLMENT,Z,N
2425,10,3900,CLAY,FAMILY EMPOWERMENT SCHOLARSHIP PROGRAM,Z,N
2425,10,4050,CLAY,LIGHTHOUSE LEARNING CENTER,Z,N
2425,10,7001,CLAY,CLAY VIRTUAL INSTRUCTION PROGRAM,Z,N
2425,10,7004,CLAY,CLAY VIRTUAL FRANCHISE,Z,N
2425,10,7006,CLAY,CLAY VIRTUAL INSTRUCTION (COURSE OFFERINGS),Z,N
2425,10,7023,CLAY,CLAY VIRTUAL ACADEMY,Z,N
2425,10,9001,CLAY,CLAY DISTRICT OFFICE,Z,N
2425,10,9008,CLAY,CLAY COUNTY CENTER FOR ADULT & COMMUNITY EDUCATION,Z,N
2425,10,9045,CLAY,CONTRACTED RESIDENTIAL SERVICES,Z,N
2425,10,9997,CLAY,MIGRANT NON-ENROLLED STUDENTS,Z,N
2425,10,9998,CLAY,HOME EDUCATION PROGRAM STUDENTS,Z,N
2425,11,5,COLLIER,AUTISM COLLIER CHARTER SCHOOL,R,N
2425,11,51,COLLIER,EVERGLADES CITY SCHOOL,Z,Y
2425,11,61,COLLIER,GULFVIEW MIDDLE SCHOOL,Z,N
2425,11,82,COLLIER,IMMOKALEE MIDDLE SCHOOL,Z,N
2425,11,83,COLLIER,THE LEARNING CENTER,Z,N
2425,11,111,COLLIER,BETHUNE EDUCATION CENTER,Z,N
2425,11,121,COLLIER,LAKE PARK ELEMENTARY SCHOOL,Z,N
2425,11,131,COLLIER,TOMMIE BARFIELD ELEMENTARY SCHOOL,Z,N
2425,11,141,COLLIER,SHADOWLAWN ELEMENTARY SCHOOL,Z,Y
2425,11,151,COLLIER,NAPLES HIGH SCHOOL,Z,N
2425,11,152,COLLIER,NAPLES ADULT HIGH SCHOOL                        (INACTIVE 11/01),Z,N
2425,11,154,COLLIER,SUMMER PROGRAMS,Z,N
2425,11,161,COLLIER,PINECREST ELEMENTARY SCHOOL,Z,Y
2425,11,171,COLLIER,SEA GATE ELEMENTARY SCHOOL,Z,N
2425,11,181,COLLIER,HIGHLANDS ELEMENTARY SCHOOL,Z,Y
2425,11,191,COLLIER,LAKE TRAFFORD ELEMENTARY SCHOOL,Z,Y
2425,11,201,COLLIER,AVALON ELEMENTARY SCHOOL,Z,Y
2425,11,211,COLLIER,EAST NAPLES MIDDLE SCHOOL,Z,Y
2425,11,221,COLLIER,POINCIANA ELEMENTARY SCHOOL,Z,Y
2425,11,231,COLLIER,GOLDEN GATE ELEMENTARY SCHOOL,Z,Y
2425,11,241,COLLIER,NAPLES PARK ELEMENTARY SCHOOL,Z,Y
2425,11,251,COLLIER,PINE RIDGE MIDDLE SCHOOL,Z,N
2425,11,261,COLLIER,LELY HIGH SCHOOL,Z,Y
2425,11,271,COLLIER,IMMOKALEE HIGH SCHOOL,Z,Y
2425,11,281,COLLIER,LORENZO WALKER TECHNICAL COLLEGE,Z,N
2425,11,282,COLLIER,LORENZO WALKER TECHNICAL HIGH SCHOOL,Z,Y
2425,11,311,COLLIER,BARRON COLLIER HIGH SCHOOL,Z,N
2425,11,321,COLLIER,GOLDEN GATE MIDDLE SCHOOL,Z,Y
2425,11,331,COLLIER,BIG CYPRESS ELEMENTARY SCHOOL,Z,Y
2425,11,341,COLLIER,VILLAGE OAKS ELEMENTARY SCHOOL,Z,Y
2425,11,351,COLLIER,GOLDEN TERRACE ELEMENTARY SCHOOL,Z,Y
2425,11,361,COLLIER,IMMOKALEE MIDDLE SCHOOL,Z,Y
2425,11,371,COLLIER,VINEYARDS ELEMENTARY SCHOOL,Z,N
2425,11,381,COLLIER,LELY ELEMENTARY SCHOOL,Z,Y
2425,11,391,COLLIER,LAUREL OAK ELEMENTARY SCHOOL,Z,N
2425,11,392,COLLIER,GULF COAST HIGH SCHOOL,Z,N
2425,11,401,COLLIER,OAKRIDGE MIDDLE SCHOOL,Z,N
2425,11,421,COLLIER,MANATEE ELEMENTARY SCHOOL,Z,Y
2425,11,422,COLLIER,MANATEE MIDDLE SCHOOL,Z,Y
2425,11,431,COLLIER,PELICAN MARSH ELEMENTARY SCHOOL,Z,N
2425,11,441,COLLIER,CORKSCREW ELEMENTARY SCHOOL,Z,N
2425,11,442,COLLIER,CORKSCREW MIDDLE SCHOOL,Z,N
2425,11,451,COLLIER,OSCEOLA ELEMENTARY SCHOOL,Z,N
2425,11,452,COLLIER,NORTH NAPLES MIDDLE SCHOOL,Z,N
2425,11,461,COLLIER,CALUSA PARK ELEMENTARY SCHOOL,Z,Y
2425,11,471,COLLIER,SABAL PALM ELEMENTARY SCHOOL,Z,Y
2425,11,472,COLLIER,CYPRESS PALM MIDDLE SCHOOL,Z,Y
2425,11,481,COLLIER,LAVERN GAYNOR ELEMENTARY,Z,Y
2425,11,491,COLLIER,HERBERT CAMBRIDGE ELEMENTARY SCHOOL,Z,Y
2425,11,493,COLLIER,PALMETTO RIDGE HIGH SCHOOL,Z,N
2425,11,501,COLLIER,GOLDEN GATE HIGH SCHOOL,Z,Y
2425,11,511,COLLIER,ESTATES ELEMENTARY SCHOOL,Z,Y
2425,11,521,COLLIER,VETERANS MEMORIAL ELEMENTARY SCHOOL,Z,N
2425,11,531,COLLIER,MIKE DAVIS ELEMENTARY SCHOOL,Z,Y
2425,11,541,COLLIER,PALMETTO ELEMENTARY SCHOOL,Z,Y
2425,11,551,COLLIER,PARKSIDE ELEMENTARY SCHOOL,Z,Y
2425,11,561,COLLIER,BEAR CREEK ELEMENTARY SCHOOL,Z,N
2425,11,571,COLLIER,ELEMENTARY SCHOOL Q,Z,N
2425,11,581,COLLIER,IMMOKALEE TECHNICAL COLLEGE,Z,N
2425,11,631,COLLIER,EDEN PARK ELEMENTARY SCHOOL,Z,Y
2425,11,641,COLLIER,AUBREY ROGERS HIGH SCHOOL,Z,N
2425,11,3450,COLLIER,PERSONALIZED EDUCATION PROGRAM,Z,N
2425,11,3518,COLLIER,MCKAY SCHOLARSHIP/SCHOOL OF ENROLLMENT,Z,N
2425,11,3818,COLLIER,OPPORTUNITY SCHOLARSHIP/SCHOOL OF ENROLLMENT,Z,N
2425,11,3900,COLLIER,FAMILY EMPOWERMENT SCHOLARSHIP PROGRAM,Z,N
2425,11,7001,COLLIER,ECOLLIER ACADEMY,Z,N
2425,11,7004,COLLIER,FLORIDA VIRTUAL COURSE OFFERINGS,Z,N
2425,11,7006,COLLIER,COLLIER VIRTUAL INSTRUCTION COURSE OFFERINGS,Z,N
2425,11,7023,COLLIER,ECOLLIER ACADEMY,Z,N
2425,11,9001,COLLIER,COLLIER DISTRICT OFFICE,Z,N
2425,11,9002,COLLIER,BANYAN PAVILION - (FTE ACCOUNTING),Z,N
2425,11,9003,COLLIER,JTPA (JOB TRAINING PARTNERSHIP ACT),Z,N
2425,11,9004,COLLIER,IMMOKALEE TEEN PARENTING PROG,Z,N
2425,11,9005,COLLIER,READLANDS CHRISTIAN MIGRANT ASSOCIATION (RCMA),Z,N
2425,11,9006,COLLIER,STEP BY STEP/TECH,Z,N
2425,11,9007,COLLIER,NEW BEGINNINGS IMMOKALEE,Z,N
2425,11,9008,COLLIER,NAPLES AREA TEENAGE PARENTING,Z,N
2425,11,9009,COLLIER,SUNSHINE SCHOOL,Z,N
2425,11,9010,COLLIER,NEW BEGINNINGS - NAPLES,Z,Y
2425,11,9011,COLLIER,D.R.I.L.L. ACADEMY,Z,N
2425,11,9012,COLLIER,BIG CYPRESS WILDERNESS INSTITUTE,Z,N
2425,11,9013,COLLIER,COLLIER JUVENILE DETENTION CENTER,Z,N
2425,11,9014,COLLIER,"FIRST COLLIER COUNTY CHARTER SCHOOL, INC.",R,N
2425,11,9015,COLLIER,THE PHOENIX PROGRAM NAPLES,Z,N
2425,11,9016,COLLIER,THE EXCEL PROGRAM                               (INACTIVE 08/02),Z,N
2425,11,9017,COLLIER,THE PACE PROGRAM,Z,Y
2425,11,9018,COLLIER,MARCO ISLAND CHARTER MIDDLE,R,N
2425,11,9019,COLLIER,HOSPITAL/HOMEBOUND,Z,N
2425,11,9020,COLLIER,ESE/EXTENDED SCHOOL YEAR PROG.,Z,N
2425,11,9021,COLLIER,RCMA IMMOKALEE COMMUNITY ACADEMY,R,Y
2425,11,9022,COLLIER,NAPLES TECHNOLOGY ACADEMY (ACE),Z,N
2425,11,9024,COLLIER,RENAISSANCE PROGRAM,Z,N
2425,11,9025,COLLIER,COLLIER COUNTY DROP-BACK-IN-ACADEMY,Z,N
2425,11,9026,COLLIER,THE PHOENIX PROGRAM-IMMOKALEE,Z,N
2425,11,9027,COLLIER,BEACON HIGH SCHOOL,Z,Y
2425,11,9028,COLLIER,NAPLES MARINE INSTITUTE,Z,N
2425,11,9029,COLLIER,COLLIER HALFWAY HOUSE,Z,N
2425,11,9032,COLLIER,MARCO ISLAND ACADEMY,R,N
2425,11,9033,COLLIER,IGENERATION EMPOWERMENT ACADEMY OF COLLIER COUNTY,R,N
2425,11,9034,COLLIER,GULF COAST CHARTER ACADEMY SOUTH,R,N
2425,11,9035,COLLIER,MASON CLASSICAL ACADEMY,R,N
2425,11,9036,COLLIER,COLLIER CHARTER ACADEMY,R,N
2425,11,9037,COLLIER,BRIDGEPREP ACADEMY COLLIER,R,Y
2425,11,9039,COLLIER,NAPLES CLASSICAL ACADEMY,R,N
2425,11,9040,COLLIER,OPTIMA CLASSICAL ACADEMY,R,N
2425,11,9045,COLLIER,CONTRACTED RESIDENTIAL SERVICES,Z,N
2425,11,9061,COLLIER,CUSTOMIZED WORKFORCE PROGRAMS,Z,N
2425,11,9081,COLLIER,IMMOKALEE TECHNOLOGY ACADEMY,Z,N
2425,11,9281,COLLIER,COLLIER ADULT & COMMUNITY EDUCATION CENTER,Z,N
2425,11,9997,COLLIER,MIGRANT NON-ENROLLED STUDENTS,Z,N
2425,11,9998,COLLIER,HOME EDUCATION PROGRAM STUDENTS,Z,N
2425,12,11,COLUMBIA,COLUMBIA HIGH SCHOOL,Z,N
2425,12,12,COLUMBIA,VOCATIONAL/ADULT/COMMUNITY EDUCATION,Z,N
2425,12,31,COLUMBIA,RICHARDSON SIXTH GRADE ACADEMY,Z,Y
2425,12,71,COLUMBIA,MELROSE PARK ELEMENTARY SCHOOL,Z,Y
2425,12,81,COLUMBIA,EASTSIDE ELEMENTARY SCHOOL,Z,Y
2425,12,91,COLUMBIA,FIVE POINTS ELEMENTARY SCHOOL,Z,Y
2425,12,121,COLUMBIA,FORT WHITE ELEMENTARY SCHOOL,Z,Y
2425,12,122,COLUMBIA,FORT WHITE ADULT EDUCATION,Z,N
2425,12,123,COLUMBIA,FORT WHITE HIGH SCHOOL,Z,N
2425,12,141,COLUMBIA,SUMMERS ELEMENTARY SCHOOL,Z,Y
2425,12,161,COLUMBIA,NIBLACK ELEMENTARY SCHOOL,Z,N
2425,12,221,COLUMBIA,PATHWAYS ACADEMY,Z,N
2425,12,241,COLUMBIA,LAKE CITY MIDDLE SCHOOL,Z,Y
2425,12,261,COLUMBIA,COLUMBIA CITY ELEMENTARY SCHOOL,Z,Y
2425,12,271,COLUMBIA,WESTSIDE ELEMENTARY SCHOOL,Z,Y
2425,12,281,COLUMBIA,DAMASCUS ROAD PROJECT,Z,N
2425,12,291,COLUMBIA,PINEMOUNT ELEMENTARY SCHOOL,Z,Y
2425,12,400,COLUMBIA,SHINING STAR ACADEMY OF THE ARTS,R,N
2425,12,402,COLUMBIA,BELMONT ACADEMY,R,N
2425,12,403,COLUMBIA,NORTH FLORIDA AVIATION ACADEMY,Z,N
2425,12,3450,COLUMBIA,PERSONALIZED EDUCATION PROGRAM,Z,N
2425,12,3518,COLUMBIA,MCKAY SCHOLARSHIP/SCHOOL OF ENROLLMENT,Z,N
2425,12,3818,COLUMBIA,OPPORTUNITY SCHOLARSHIP/SCHOOL OF ENROLLMENT,Z,N
2425,12,3900,COLUMBIA,FAMILY EMPOWERMENT SCHOLARSHIP PROGRAM,Z,N
2425,12,7001,COLUMBIA,COLUMBIA VIRTUAL INSTRUCTION PROGRAM,Z,N
2425,12,7004,COLUMBIA,COLUMBIA VIRTUAL FRANCHISE,Z,N
2425,12,7006,COLUMBIA,FUTURE VIRTUAL SCHOOL,Z,N
2425,12,7023,COLUMBIA,COLUMBIA VIRTUAL INSTRUCTION PROGRAM (DISTRICT PROVIDED),Z,N
2425,12,8001,COLUMBIA,PREK ESE,Z,N
2425,12,8002,COLUMBIA,RESIDENTIAL SERVICES,Z,N
2425,12,9001,COLUMBIA,COLUMBIA DISTRICT OFFICE,Z,N
2425,12,9045,COLUMBIA,CONTRACTED RESIDENTIAL SERVICES,Z,N
2425,12,9997,COLUMBIA,MIGRANT NON-ENROLLED STUDENTS,Z,N
2425,12,9998,COLUMBIA,HOME EDUCATION PROGRAM STUDENTS,Z,N
2425,13,9,MIAMI-DADE,NEW K-8,Z,N
2425,13,26,MIAMI-DADE,BRIDGE PREP ACADEMY OF MIAMI GARDENS,R,N
2425,13,40,MIAMI-DADE,LIBERTY CITY CHARTER SCHOOL,R,N
2425,13,41,MIAMI-DADE,AIR BASE K-8 CENTER FOR INTERNATIONAL EDUCATION,Z,N
2425,13,70,MIAMI-DADE,CORAL REEF MONTESSORI ACADEMY CHARTER SCHOOL,R,N
2425,13,71,MIAMI-DADE,EUGENIA B. THOMAS K-8 CENTER,Z,N
2425,13,72,MIAMI-DADE,SUMMERVILLE ADVANTAGE ACADEMY,R,Y
2425,13,73,MIAMI-DADE,MANDARIN LAKES K-8 ACADEMY,Z,Y
2425,13,81,MIAMI-DADE,LENORA BRAYNON SMITH ELEMENTARY,Z,Y
2425,13,91,MIAMI-DADE,BOB GRAHAM EDUCATION CENTER,Z,Y
2425,13,92,MIAMI-DADE,NORMAN S. EDELCUP/SUNNY ISLES BEACH K-8,Z,N
2425,13,100,MIAMI-DADE,MATER ACADEMY,R,Y
2425,13,101,MIAMI-DADE,ARCOLA LAKE ELEMENTARY SCHOOL,Z,Y
2425,13,102,MIAMI-DADE,MIAMI COMMUNITY CHARTER SCHOOL,R,Y
2425,13,110,MIAMI-DADE,NORTH COUNTY CHARTER SCHOOL,R,N
2425,13,111,MIAMI-DADE,MAYA ANGELOU ELEMENTARY SCHOOL,Z,Y
2425,13,113,MIAMI-DADE,BALERE LANGUAGE ACADEMY,R,N
2425,13,120,MIAMI-DADE,NORTHEAST ACADEMY,R,N
2425,13,121,MIAMI-DADE,AUBURNDALE ELEMENTARY SCHOOL,Z,Y
2425,13,122,MIAMI-DADE,DR. ROLANDO ESPINOSA K-8 CENTER,Z,N
2425,13,125,MIAMI-DADE,NORMA BUTLER BOSSARD ELEMENTARY SCHOOL,Z,Y
2425,13,161,MIAMI-DADE,AVOCADO ELEMENTARY SCHOOL,Z,Y
2425,13,200,MIAMI-DADE,SPIRAL TECH ELEMENTARY CHARTER SCH,R,N
2425,13,201,MIAMI-DADE,BANYAN ELEMENTARY SCHOOL,Z,Y
2425,13,211,MIAMI-DADE,DR. MANUEL C. BARREIRO ELEMENTARY SCHOOL,Z,N
2425,13,215,MIAMI-DADE,LAWRENCE ACADEMY ELEMENTARY CHARTER SCHOOL,R,N
2425,13,231,MIAMI-DADE,AVENTURA WATERWAYS K-8 CENTER,Z,N
2425,13,241,MIAMI-DADE,RUTH K. BROAD BAY HARBOR K-8 CENTER,Z,N
2425,13,251,MIAMI-DADE,ETHEL KOGER BECKHAM K-8 CENTER,Z,N
2425,13,261,MIAMI-DADE,BEL-AIRE ELEMENTARY SCHOOL,Z,Y
2425,13,271,MIAMI-DADE,BENT TREE ELEMENTARY SCHOOL,Z,Y
2425,13,300,MIAMI-DADE,ROSA PARKS CHARTER SCHOOL,R,N
2425,13,302,MIAMI-DADE,EXCEL ACADEMY CHARTER SCHOOL,R,N
2425,13,311,MIAMI-DADE,GOULDS ELEMENTARY SCHOOL,Z,Y
2425,13,312,MIAMI-DADE,MATER GARDENS ACADEMY,R,N
2425,13,321,MIAMI-DADE,BISCAYNE BEACH ELEMENTARY SCHOOL,Z,Y
2425,13,331,MIAMI-DADE,CHAPMAN PARTNERSHIP EARLY CHILDHOOD CENTER N,Z,N
2425,13,332,MIAMI-DADE,SOMERSET ACADEMY SILVER PALMS,R,Y
2425,13,339,MIAMI-DADE,SOMERSET ACADEMY CHARTER ELEMENTARY SCHOOL (SOUTH HOMESTEAD),R,Y
2425,13,341,MIAMI-DADE,ARCHCREEK ELEMENTARY SCHOOL,Z,Y
2425,13,342,MIAMI-DADE,PINECREST ACADEMY (SOUTH CAMPUS),R,N
2425,13,351,MIAMI-DADE,CHAPMAN PARTNERSHIP EARLY CHILDHOOD CENTER SOUTH,Z,N
2425,13,361,MIAMI-DADE,BISCAYNE GARDENS ELEMENTARY,Z,N
2425,13,400,MIAMI-DADE,RENAISSANCE ELEMENTARY CHARTER SCHOOL,R,N
2425,13,401,MIAMI-DADE,VAN E. BLANTON ELEMENTARY SCHOOL,Z,Y
2425,13,402,MIAMI-DADE,SOMERSET ACADEMY CONTINENTAL,R,N
2425,13,403,MIAMI-DADE,ASPIRE PREPARATORY ACADEMY,R,N
2425,13,410,MIAMI-DADE,ACADEMIR CHARTER SCHOOL WEST,R,N
2425,13,412,MIAMI-DADE,ACADEMIR CHARTER SCHOOL EAST AT DORAL,R,N
2425,13,422,MIAMI-DADE,ACADEMIR CHARTER SCHOOL EAST MIDDLE,R,N
2425,13,441,MIAMI-DADE,BLUE LAKES ELEMENTARY SCHOOL,Z,Y
2425,13,451,MIAMI-DADE,BOWMAN ASHE/DOOLIN K-8 ACADEMY,Z,Y
2425,13,461,MIAMI-DADE,BRENTWOOD ELEMENTARY SCHOOL,Z,Y
2425,13,481,MIAMI-DADE,JAMES H. BRIGHT ELEMENTARY/J.W. JOHNSON ELEMENTARY,Z,Y
2425,13,500,MIAMI-DADE,ROSA PARKS COMMUNITY - OVERTON,R,N
2425,13,510,MIAMI-DADE,ARCHIMEDEAN ACADEMY,R,N
2425,13,520,MIAMI-DADE,SOMERSET ACADEMY,R,N
2425,13,521,MIAMI-DADE,BROADMOOR ELEMENTARY SCHOOL,Z,Y
2425,13,561,MIAMI-DADE,W. J. BRYAN ELEMENTARY,Z,Y
2425,13,600,MIAMI-DADE,PINECREST PREPARATORY ACADEMY,R,N
2425,13,601,MIAMI-DADE,BUENA VISTA ELEMENTARY SCHOOL,Z,N
2425,13,641,MIAMI-DADE,BUNCHE PARK ELEMENTARY SCHOOL,Z,Y
2425,13,651,MIAMI-DADE,CAMPBELL DRIVE K-8 CENTER,Z,Y
2425,13,661,MIAMI-DADE,CARIBBEAN K-8 CENTER,Z,Y
2425,13,671,MIAMI-DADE,CALUSA ELEMENTARY SCHOOL,Z,N
2425,13,681,MIAMI-DADE,CAROL CITY ELEMENTARY SCHOOL,Z,Y
2425,13,721,MIAMI-DADE,GEORGE W. CARVER ELEMENTARY SCHOOL,Z,N
2425,13,754,MIAMI-DADE,SOMERSET PREPARATORY ACADEMY (HOMESTEAD),R,Y
2425,13,761,MIAMI-DADE,MIAMI BEACH FEINBERG/FISHER K-8,Z,N
2425,13,762,MIAMI-DADE,IDA M. FISHER ELEMENTARY SCHOOL,Z,N
2425,13,771,MIAMI-DADE,DR. WILLIAM A. CHAPMAN ELEMENTARY SCHOOL,Z,Y
2425,13,801,MIAMI-DADE,CITRUS GROVE K-8 CENTER,Z,Y
2425,13,831,MIAMI-DADE,CLAUDE PEPPER ELEMENTARY SCHOOL,Z,Y
2425,13,841,MIAMI-DADE,COCONUT GROVE ELEMENTARY SCHOOL,Z,N
2425,13,861,MIAMI-DADE,JOHNNIE M PARRIS COLONIAL DRIVE ELEMENTARY SCHOOL,Z,Y
2425,13,881,MIAMI-DADE,COMSTOCK ELEMENTARY SCHOOL,Z,Y
2425,13,921,MIAMI-DADE,NEVA KING COOPER EDUCATIONAL CENTER,Z,Y
2425,13,950,MIAMI-DADE,AVENTURA CITY OF EXCELLENCE SCHOOL,R,N
2425,13,961,MIAMI-DADE,CORAL GABLES PREPARATORY ACADEMY,Z,N
2425,13,1000,MIAMI-DADE,TRUE NORTH CLASSICAL ACADEMY,R,N
2425,13,1001,MIAMI-DADE,CORAL PARK ELEMENTARY SCHOOL,Z,Y
2425,13,1002,MIAMI-DADE,TRUE NORTH CLASSICAL ACADEMY AT DADELAND,R,N
2425,13,1010,MIAMI-DADE,THE CHARTER SCHOOL AT WATERSTONE,R,Y
2425,13,1012,MIAMI-DADE,EXCEL ACADEMY CHARTER SCHOOL NORTH,R,N
2425,13,1014,MIAMI-DADE,HIVE PREPARATORY SCHOOL,R,Y
2425,13,1015,MIAMI-DADE,ACADEMIR CHARTER SCHOOL PREPARATORY,R,Y
2425,13,1017,MIAMI-DADE,MATER ACADEMY OF INTERNATIONAL STUDIES,R,Y
2425,13,1019,MIAMI-DADE,TRUE NORTH CLASSICAL ACADEMY AT PINECREST,R,N
2425,13,1020,MIAMI-DADE,YOUTH CO-OP CHARTER SCHOOL,R,Y
2425,13,1024,MIAMI-DADE,TRUE NORTH CLASSICAL ACADEMY AT GATEWAY,R,N
2425,13,1041,MIAMI-DADE,CORAL REEF ELEMENTARY SCHOOL,Z,N
2425,13,1070,MIAMI-DADE,SOUTH FLORIDA AUTISM CHARTER SCHOOL INC,R,N
2425,13,1081,MIAMI-DADE,CORAL TERRACE ELEMENTARY SCHOOL,Z,Y
2425,13,1121,MIAMI-DADE,CORAL WAY K-8 CENTER,Z,Y
2425,13,1161,MIAMI-DADE,CRESTVIEW ELEMENTARY SCHOOL,Z,Y
2425,13,1241,MIAMI-DADE,CUTLER RIDGE ELEMENTARY SCHOOL,Z,Y
2425,13,1281,MIAMI-DADE,CYPRESS K-8 CENTER,Z,Y
2425,13,1331,MIAMI-DADE,DEVON AIRE K-8 CENTER,Z,N
2425,13,1361,MIAMI-DADE,FREDERICK R. DOUGLASS ELEMENTARY,Z,Y
2425,13,1371,MIAMI-DADE,MARJORY STONEMAN DOUGLAS ELEM,Z,Y
2425,13,1401,MIAMI-DADE,CHARLES R DREW K-8 CENTER,Z,Y
2425,13,1441,MIAMI-DADE,PAUL LAURENCE DUNBAR K-8 CENTER,Z,Y
2425,13,1481,MIAMI-DADE,JOHN G. DUPUIS ELEMENTARY SCHOOL,Z,Y
2425,13,1521,MIAMI-DADE,AMELIA EARHART ELEMENTARY SCHOOL,Z,Y
2425,13,1561,MIAMI-DADE,EARLINGTON HEIGHTS ELEMENTARY SCHOOL,Z,Y
2425,13,1601,MIAMI-DADE,EDISON PARK K-8 CENTER,Z,Y
2425,13,1641,MIAMI-DADE,EMERSON ELEMENTARY SCHOOL,Z,Y
2425,13,1681,MIAMI-DADE,LILLIE C. EVANS K-8 CENTER,Z,Y
2425,13,1691,MIAMI-DADE,CHRISTINA M. EVE ELEMENTARY SCHOOL,Z,N
2425,13,1721,MIAMI-DADE,EVERGLADES K-8 CENTER,Z,Y
2425,13,1761,MIAMI-DADE,DAVID FAIRCHILD ELEMENTARY SCHOOL,Z,N
2425,13,1801,MIAMI-DADE,FAIRLAWN ELEMENTARY SCHOOL,Z,Y
2425,13,1811,MIAMI-DADE,DANTE B. FASCELL ELEMENTARY SCHOOL,Z,Y
2425,13,1841,MIAMI-DADE,FLAGAMI ELEMENTARY SCHOOL,Z,Y
2425,13,1881,MIAMI-DADE,HENRY M. FLAGLER ELEMENTARY SCHOOL,Z,Y
2425,13,1921,MIAMI-DADE,FLAMINGO ELEMENTARY SCHOOL,Z,Y
2425,13,1961,MIAMI-DADE,FLORAL HEIGHTS ELEMENTARY SCHOOL                (INACTIVE 06/03),Z,N
2425,13,2001,MIAMI-DADE,FLORIDA CITY ELEMENTARY SCHOOL,Z,Y
2425,13,2002,MIAMI-DADE,ACADEMIR PREPARATORY ACADEMY,R,Y
2425,13,2003,MIAMI-DADE,BRIDGEPREP ACADEMY SOUTH,R,Y
2425,13,2004,MIAMI-DADE,INTEGRATED SCIENCE AND ASIAN CULTURE (ISAAC) ACADEMY,R,N
2425,13,2005,MIAMI-DADE,RISE ACADEMY-SOUTH DADE CHARTER SCHOOL,R,N
2425,13,2006,MIAMI-DADE,RICHARD ALLEN LEADERSHIP ACADEMY,R,N
2425,13,2007,MIAMI-DADE,SOMERSET ACADEMY ELEMENTARY SCHOOL (SOUTH MIAMI CAMPUS),R,N
2425,13,2008,MIAMI-DADE,KIPP MIAMI SUNRISE ACADEMY,R,N
2425,13,2012,MIAMI-DADE,SOMERSET ARTS ACADEMY,R,Y
2425,13,2013,MIAMI-DADE,BRIDGEPREP ACADEMY OF GREATER MIAMI,R,Y
2425,13,2021,MIAMI-DADE,GLORIA FLOYD ELEMENTARY SCHOOL,Z,Y
2425,13,2022,MIAMI-DADE,MATER BISCAYNE ACADEMY NORTH MIAMI ELEMENTARY SCHOOL,R,N
2425,13,2031,MIAMI-DADE,PINECREST GLADES ACADEMY,R,N
2425,13,2032,MIAMI-DADE,ACADEMIR MIDDLE SCHOOL OF MATH AND SCIENCE,R,Y
2425,13,2041,MIAMI-DADE,BENJAMIN FRANKLIN K-8 CENTER,Z,Y
2425,13,2060,MIAMI-DADE,THEODORE R. AND THELMA A. GIBSON CHARTER SCHOOL,R,Y
2425,13,2081,MIAMI-DADE,FULFORD ELEMENTARY SCHOOL,Z,Y
2425,13,2111,MIAMI-DADE,HIALEAH GARDENS ELEMENTARY SCHOOL,Z,Y
2425,13,2151,MIAMI-DADE,JACK DAVID GORDON ELEMENTARY SCHOOL,Z,Y
2425,13,2161,MIAMI-DADE,GOLDEN GLADES ELEMENTARY SCHOOL,Z,Y
2425,13,2181,MIAMI-DADE,JOELLA C. GOOD ELEMENTARY SCHOOL,Z,Y
2425,13,2191,MIAMI-DADE,SPANISH LAKE ELEMENTARY SCHOOL,Z,Y
2425,13,2241,MIAMI-DADE,GRATIGNY ELEMENTARY SCHOOL,Z,Y
2425,13,2261,MIAMI-DADE,GREENGLADE ELEMENTARY SCHOOL,Z,Y
2425,13,2281,MIAMI-DADE,GREYNOLDS PARK ELEMENTARY SCHOOL,Z,Y
2425,13,2321,MIAMI-DADE,GULFSTREAM ELEMENTARY SCHOOL,Z,Y
2425,13,2331,MIAMI-DADE,CHARLES R HADLEY ELEMENTARY SCHOOL,Z,Y
2425,13,2332,MIAMI-DADE,KIPP MIAMI-LIBERTY CITY,H,Y
2425,13,2341,MIAMI-DADE,JOE HALL ELEMENTARY SCHOOL,Z,Y
2425,13,2351,MIAMI-DADE,ENEIDA M. HARTNER ELEMENTARY SCHOOL,Z,Y
2425,13,2361,MIAMI-DADE,HIALEAH ELEMENTARY SCHOOL,Z,Y
2425,13,2371,MIAMI-DADE,WEST HIALEAH GARDENS ELEMENTARY SCHOOL,Z,Y
2425,13,2401,MIAMI-DADE,HIBISCUS ELEMENTARY SCHOOL,Z,Y
2425,13,2441,MIAMI-DADE,VIRGINIA A BOONE-HIGHLAND OAKS SCHOOL,Z,N
2425,13,2501,MIAMI-DADE,HOLMES ELEMENTARY SCHOOL,Z,Y
2425,13,2511,MIAMI-DADE,ZORA NEALE HURSTON ELEMENTARY SCHOOL,Z,Y
2425,13,2521,MIAMI-DADE,OLIVER HOOVER ELEMENTARY SCHOOL,Z,N
2425,13,2531,MIAMI-DADE,THENA CROWDER EARLY CHILDHOOD DIAGNOSTIC SPECIAL EDUCATION CENTER,Z,N
2425,13,2541,MIAMI-DADE,HOWARD DRIVE ELEMENTARY SCHOOL,Z,N
2425,13,2581,MIAMI-DADE,MADIE IVES K-8 PREPARATORY ACADEMY,Z,Y
2425,13,2621,MIAMI-DADE,JAMES W. JOHNSON ELEMENTARY SCHOOL,Z,N
2425,13,2641,MIAMI-DADE,KENDALE ELEMENTARY SCHOOL,Z,N
2425,13,2651,MIAMI-DADE,KENDALE LAKES ELEMENTARY SCHOOL,Z,Y
2425,13,2661,MIAMI-DADE,KENSINGTON PARK ELEMENTARY SCHOOL,Z,Y
2425,13,2701,MIAMI-DADE,KENWOOD K-8 CENTER,Z,N
2425,13,2741,MIAMI-DADE,KEY BISCAYNE K-8 CENTER,Z,N
2425,13,2761,MIAMI-DADE,MARTIN LUTHER KING ELEMENTARY SCHOOL,Z,N
2425,13,2781,MIAMI-DADE,KINLOCH PARK ELEMENTARY SCHOOL,Z,Y
2425,13,2801,MIAMI-DADE,LAKE STEVENS ELEMENTARY SCHOOL,Z,Y
2425,13,2821,MIAMI-DADE,LAKEVIEW ELEMENTARY SCHOOL,Z,Y
2425,13,2861,MIAMI-DADE,YOUNG WOMENS ACADEMY FOR ACADEMIC AND CIVIC DEVELOPMENT AT J.R.E. LEE OPPORTUNITY SCHOOL,Z,N
2425,13,2881,MIAMI-DADE,LEEWOOD K-8 CENTER,Z,N
2425,13,2891,MIAMI-DADE,WILLIAM H. LEHMAN ELEMENTARY SCHOOL,Z,N
2425,13,2901,MIAMI-DADE,LEISURE CITY K-8 CENTER,Z,Y
2425,13,2911,MIAMI-DADE,LINDA LENTIN K-8 CENTER,Z,Y
2425,13,2941,MIAMI-DADE,LAURA C. SAUNDERS ELEMENTARY SCHOOL,Z,Y
2425,13,2981,MIAMI-DADE,LIBERTY CITY ELEMENTARY SCHOOL,Z,Y
2425,13,3000,MIAMI-DADE,MATER INTERNATIONAL ACADEMY,R,Y
2425,13,3001,MIAMI-DADE,WEST LAKES PREPARATORY ACADEMY,Z,N
2425,13,3002,MIAMI-DADE,DOWNTOWN DORAL CHARTER ELEMENTARY SCHOOL,R,N
2425,13,3003,MIAMI-DADE,MATER PREPARATORY ACADEMY,R,Y
2425,13,3021,MIAMI-DADE,"JESSE J. MCCRARY, JR. ELEMENTARY SCHOOL",Z,Y
2425,13,3024,MIAMI-DADE,FLORIDA INTERNATIONAL ELEMENTARY ACADEMY,R,N
2425,13,3025,MIAMI-DADE,ADVANTAGE ACADEMY SANTA FE,R,N
2425,13,3026,MIAMI-DADE,DORAL INTERNATIONAL ACADEMY OF MATH AND SCIENCE,R,N
2425,13,3027,MIAMI-DADE,ADVANTAGE ACADEMY OF MATH AND SCIENCE AT WATERSTONE,R,N
2425,13,3029,MIAMI-DADE,DORAL ACADEMY OF TECHNOLOGY,R,N
2425,13,3030,MIAMI-DADE,DORAL ACADEMY,R,N
2425,13,3031,MIAMI-DADE,KENDALL SQUARE K-8 CENTER,Z,N
2425,13,3032,MIAMI-DADE,PALM GLADES PREPARATORY ACADEMY,R,Y
2425,13,3033,MIAMI-DADE,SOMERSET OAKS ACADEMY,R,Y
2425,13,3034,MIAMI-DADE,BRIDGEPREP ACADEMY OF VILLAGE GREEN,R,N
2425,13,3035,MIAMI-DADE,RAMZ ACADEMY K-5 MIAMI CAMPUS,R,N
2425,13,3036,MIAMI-DADE,BRIDGEPREP ACADEMY OF VILLAGE GREEN MIDDLE HIGH SCHOOL,R,N
2425,13,3041,MIAMI-DADE,LORAH PARK ELEMENTARY SCHOOL,Z,Y
2425,13,3051,MIAMI-DADE,TOUSSAINT L'OUVERTURE ELEMENTARY,Z,Y
2425,13,3061,MIAMI-DADE,LUDLAM ELEMENTARY SCHOOL,Z,Y
2425,13,3100,MIAMI-DADE,MATER ACADEMY EAST CHARTER SCHOOL,R,Y
2425,13,3101,MIAMI-DADE,FRANK CRAWFORD MARTIN K-8 CENTER,Z,Y
2425,13,3111,MIAMI-DADE,WESLEY MATTHEWS ELEMENTARY SCHOOL,Z,Y
2425,13,3141,MIAMI-DADE,MEADOWLANE ELEMENTARY SCHOOL,Z,Y
2425,13,3181,MIAMI-DADE,MELROSE ELEMENTARY SCHOOL,Z,Y
2425,13,3191,MIAMI-DADE,ADA MERRITT K-8 CENTER,Z,N
2425,13,3221,MIAMI-DADE,MERRICK SPECIAL EDUCATION CENTER,Z,N
2425,13,3241,MIAMI-DADE,MIAMI GARDENS ELEMENTARY SCHOOL,Z,Y
2425,13,3261,MIAMI-DADE,MIAMI HEIGHTS ELEMENTARY SCHOOL,Z,Y
2425,13,3281,MIAMI-DADE,MIAMI LAKES K-8 CENTER,Z,Y
2425,13,3301,MIAMI-DADE,MIAMI PARK ELEMENTARY SCHOOL,Z,N
2425,13,3341,MIAMI-DADE,MIAMI SHORES ELEMENTARY SCHOOL,Z,Y
2425,13,3381,MIAMI-DADE,MIAMI SPRINGS ELEMENTARY SCHOOL,Z,Y
2425,13,3421,MIAMI-DADE,MARCUS A. MILAM K-8 CENTER,Z,Y
2425,13,3431,MIAMI-DADE,PHYLLIS R. MILLER ELEMENTARY SCHOOL,Z,Y
2425,13,3450,MIAMI-DADE,PERSONALIZED EDUCATION PROGRAM,Z,N
2425,13,3461,MIAMI-DADE,MIRAMAR ELEMENTARY SCHOOL,Z,N
2425,13,3501,MIAMI-DADE,MORNINGSIDE K-8 ACADEMY,Z,Y
2425,13,3518,MIAMI-DADE,MCKAY SCHOLARSHIP/SCHOOL OF ENROLLMENT,Z,N
2425,13,3541,MIAMI-DADE,ROBERT RUSSA MOTON ELEMENTARY SCHOOL,Z,Y
2425,13,3581,MIAMI-DADE,MYRTLE GROVE ELEMENTARY,Z,Y
2425,13,3600,MIAMI-DADE,DOWNTOWN MIAMI CHARTER SCHOOL,R,Y
2425,13,3610,MIAMI-DADE,KEYS GATE CHARTER SCHOOL,R,Y
2425,13,3621,MIAMI-DADE,COCONUT PALM K-8 ACADEMY,Z,Y
2425,13,3661,MIAMI-DADE,NATURAL BRIDGE ELEMENTARY SCHOOL,Z,Y
2425,13,3701,MIAMI-DADE,NORLAND ELEMENTARY SCHOOL,Z,Y
2425,13,3741,MIAMI-DADE,NORTH BEACH ELEMENTARY SCHOOL,Z,N
2425,13,3781,MIAMI-DADE,BARBARA HAWKINS ELEMENTARY SCHOOL,Z,Y
2425,13,3818,MIAMI-DADE,OPPORTUNITY SCHOLARSHIP/SCHOOL OF ENROLLMENT,Z,N
2425,13,3821,MIAMI-DADE,NORTH COUNTY K-8 CENTER,Z,Y
2425,13,3861,MIAMI-DADE,NORTH GLADE ELEMENTARY SCHOOL,Z,Y
2425,13,3881,MIAMI-DADE,ANDREA CASTILLO PREPARATORY ACADEMY,Z,N
2425,13,3900,MIAMI-DADE,FAMILY EMPOWERMENT SCHOLARSHIP PROGRAM,Z,N
2425,13,3901,MIAMI-DADE,NORTH HIALEAH ELEMENTARY SCHOOL,Z,Y
2425,13,3941,MIAMI-DADE,NORTH MIAMI ELEMENTARY SCHOOL,Z,Y
2425,13,3981,MIAMI-DADE,NORTH TWIN LAKES ELEMENTARY SCHOOL,Z,Y
2425,13,4000,MIAMI-DADE,MIAMI CHILDREN'S MUSEUM CHARTER SCHOOL,R,N
2425,13,4001,MIAMI-DADE,NORWOOD ELEMENTARY SCHOOL,Z,Y
2425,13,4002,MIAMI-DADE,BEACON COLLEGE PREPARATORY ELEMENTARY SCHOOL,R,N
2425,13,4010,MIAMI-DADE,MATER ACADEMY BAY ELEMENTARY,R,N
2425,13,4011,MIAMI-DADE,DR. TONI BILBAO PREPARATORY ACADEMY,Z,N
2425,13,4012,MIAMI-DADE,SOMERSET ACADEMY SILVER PALMS AT PRINCETON,R,Y
2425,13,4021,MIAMI-DADE,OAK GROVE ELEMENTARY SCHOOL,Z,Y
2425,13,4031,MIAMI-DADE,GATEWAY ENVIRONMENTAL K-8 LEARNING CENTER,Z,Y
2425,13,4037,MIAMI-DADE,SOMERSET ACADEMY KENDALL,R,N
2425,13,4040,MIAMI-DADE,A CHILD'S JOURNEY CHARTER SCHOOL,R,N
2425,13,4050,MIAMI-DADE,BRIDGEPREP ACADEMY OF NORTH MIAMI BEACH,R,N
2425,13,4060,MIAMI-DADE,COOPERATIVE CHARTER SCHOOL,R,N
2425,13,4061,MIAMI-DADE,OJUS ELEMENTARY SCHOOL,Z,Y
2425,13,4070,MIAMI-DADE,EARLY BEGINNINGS ACADEMY,R,N
2425,13,4071,MIAMI-DADE,AGENORIA S PASCHAL/OLINDA ELEMENTARY SCHOOL,Z,Y
2425,13,4080,MIAMI-DADE,EARLY BEGINNINGS ACADEMY-NORTH SHORE,R,N
2425,13,4081,MIAMI-DADE,PRIMARY LEARNING CENTER,Z,N
2425,13,4091,MIAMI-DADE,OLYMPIA HEIGHTS ELEMENTARY SCHOOL,Z,Y
2425,13,4121,MIAMI-DADE,DR. ROBERT B. INGRAM ELEMENTARY SCHOOL,Z,Y
2425,13,4171,MIAMI-DADE,ORCHARD VILLA ELEMENTARY SCHOOL,Z,Y
2425,13,4221,MIAMI-DADE,PALMETTO ELEMENTARY SCHOOL,Z,N
2425,13,4241,MIAMI-DADE,PALM LAKES ELEMENTARY SCHOOL,Z,Y
2425,13,4242,MIAMI-DADE,ACADEMIR CHARTER SCHOOL OF MATH AND SCIENCE,R,Y
2425,13,4261,MIAMI-DADE,PALM SPRINGS ELEMENTARY SCHOOL,Z,Y
2425,13,4281,MIAMI-DADE,PALM SPRINGS NORTH K-8 CENTER,Z,Y
2425,13,4301,MIAMI-DADE,PARKVIEW EDUCATIONAL CENTER,Z,N
2425,13,4328,MIAMI-DADE,ACADEMIR CHARTER SCHOOL ELEMENTARY SOUTH,R,Y
2425,13,4341,MIAMI-DADE,PARKWAY ELEMENTARY SCHOOL,Z,Y
2425,13,4381,MIAMI-DADE,DR. HENRY E. PERRINE ACADEMY OF THE ARTS,Z,Y
2425,13,4391,MIAMI-DADE,IRVING & BEATRICE PESKOE K-8 CENTER,Z,Y
2425,13,4401,MIAMI-DADE,KELSEY L. PHARR ELEMENTARY SCHOOL,Z,Y
2425,13,4421,MIAMI-DADE,PINECREST ELEMENTARY SCHOOL,Z,N
2425,13,4441,MIAMI-DADE,PINE LAKE ELEMENTARY SCHOOL,Z,Y
2425,13,4461,MIAMI-DADE,PINE VILLA ELEMENTARY SCHOOL,Z,Y
2425,13,4491,MIAMI-DADE,HENRY E.S. REEVES K-8 CENTER,Z,Y
2425,13,4501,MIAMI-DADE,POINCIANA PARK ELEMENTARY SCHOOL,Z,Y
2425,13,4511,MIAMI-DADE,DR. GILBERT L. PORTER ELEMENTARY SCHOOL,Z,Y
2425,13,4521,MIAMI-DADE,PRIMARY LEARNING CENTER A,Z,N
2425,13,4531,MIAMI-DADE,PRIMARY LEARNING CENTER B,Z,N
2425,13,4541,MIAMI-DADE,RAINBOW PARK ELEMENTARY SCHOOL,Z,Y
2425,13,4551,MIAMI-DADE,PRIMARY LEARNING CENTER C,Z,N
2425,13,4561,MIAMI-DADE,PRIMARY LEARNING CENTER D,Z,N
2425,13,4581,MIAMI-DADE,REDLAND ELEMENTARY SCHOOL,Z,Y
2425,13,4611,MIAMI-DADE,REDONDO ELEMENTARY SCHOOL,Z,Y
2425,13,4634,MIAMI-DADE,PINECREST PALM ACADEMY,R,N
2425,13,4651,MIAMI-DADE,ETHEL F. BECKFORD/RICHMOND PRIMARY LEARNING CENTER,Z,N
2425,13,4681,MIAMI-DADE,RIVERSIDE ELEMENTARY SCHOOL,Z,Y
2425,13,4691,MIAMI-DADE,JANE S. ROBERTS K-8 CENTER,Z,N
2425,13,4721,MIAMI-DADE,ROCKWAY ELEMENTARY SCHOOL,Z,Y
2425,13,4741,MIAMI-DADE,ROYAL GREEN ELEMENTARY SCHOOL,Z,Y
2425,13,4761,MIAMI-DADE,ROYAL PALM ELEMENTARY SCHOOL,Z,Y
2425,13,4801,MIAMI-DADE,GERTRUDE K. EDELMAN/SABAL PALM,Z,Y
2425,13,4841,MIAMI-DADE,SANTA CLARA ELEMENTARY SCHOOL,Z,Y
2425,13,4881,MIAMI-DADE,SCOTT LAKE ELEMENTARY SCHOOL,Z,Y
2425,13,4921,MIAMI-DADE,SEMINOLE ELEMENTARY SCHOOL,Z,Y
2425,13,4961,MIAMI-DADE,SHADOWLAWN ELEMENTARY SCHOOL,Z,N
2425,13,5001,MIAMI-DADE,SHENANDOAH ELEMENTARY SCHOOL,Z,Y
2425,13,5002,MIAMI-DADE,SOMERSET PREPARATORY ACADEMY SUNSET,R,N
2425,13,5003,MIAMI-DADE,SOUTH DADE MIDDLE SCHOOL,Z,Y
2425,13,5004,MIAMI-DADE,PINECREST NORTH PREPARATORY (FONTAINEBLEAU CAMPUS),R,N
2425,13,5005,MIAMI-DADE,DAVID LAWRENCE JR. K-8 CENTER,Z,Y
2425,13,5006,MIAMI-DADE,EVERGLADES PREPARATORY ACADEMY,R,Y
2425,13,5007,MIAMI-DADE,LINCOLN-MARTI CHARTER SCHOOL (HIALEAH CAMPUS),R,Y
2425,13,5008,MIAMI-DADE,SOMERSET GABLES ACADEMY,R,N
2425,13,5010,MIAMI-DADE,OXFORD ACADEMY OF MIAMI,R,N
2425,13,5015,MIAMI-DADE,SOMERSET PALMS ACADEMY,R,N
2425,13,5020,MIAMI-DADE,BRIDGEPREP ACADEMY INTERAMERICAN CAMPUS,R,Y
2425,13,5021,MIAMI-DADE,BEN SHEPPARD ELEMENTARY SCHOOL,Z,Y
2425,13,5022,MIAMI-DADE,BEN GAMLA CHARTER SCHOOL,R,N
2425,13,5025,MIAMI-DADE,LINCOLN-MARTI CHARTER SCHOOL (LITTLE HAVANA CAMPUS),R,N
2425,13,5028,MIAMI-DADE,BRIDGEPREP ACADEMY OF MIAMI DADE,R,N
2425,13,5029,MIAMI-DADE,EXCELSIOR PREP CHARTER SCHOOL OF HIALEAH,R,Y
2425,13,5030,MIAMI-DADE,SANDOR WIENER SCHOOL OF OPPORTUNITY SOUTH,R,N
2425,13,5032,MIAMI-DADE,EXCELSIOR PREP CHARTER SCHOOL OF MIAMI GARDENS,R,Y
2425,13,5041,MIAMI-DADE,SILVER BLUFF ELEMENTARY SCHOOL,Z,Y
2425,13,5042,MIAMI-DADE,TREE OF KNOWLEDGE LEARNING ACADEMY,R,N
2425,13,5043,MIAMI-DADE,LINCOLN-MARTI SCHOOLS (INTERNATIONAL CAMPUS),R,Y
2425,13,5044,MIAMI-DADE,ACADEMY FOR INTERNATIONAL EDUCATION CHARTER SCHOOL,R,N
2425,13,5045,MIAMI-DADE,MATER GROVE ACADEMY,R,N
2425,13,5046,MIAMI-DADE,MATER BRICKELL PREPARATORY ACADEMY,R,N
2425,13,5047,MIAMI-DADE,MATER ACADEMY (MIAMI BEACH),R,Y
2425,13,5048,MIAMI-DADE,PINECREST ACADEMY (NORTH CAMPUS),R,N
2425,13,5049,MIAMI-DADE,PINECREST COVE ACADEMY,R,N
2425,13,5050,MIAMI-DADE,SUNSHINE ACADEMY,R,N
2425,13,5051,MIAMI-DADE,ERNEST R. GRAHAM K-8 ACADEMY,Z,Y
2425,13,5052,MIAMI-DADE,MATER LAKES COLLEGIATE ACADEMY HIGH SCHOOL,R,N
2425,13,5054,MIAMI-DADE,MATER ACADEMY AT MOUNT SINAI,R,N
2425,13,5056,MIAMI-DADE,BRIGHTVIEW PREPARATORY ACADEMY,R,Y
2425,13,5057,MIAMI-DADE,MATER LAKES COLLEGIATE ACADEMY MIDDLE SCHOOL,R,N
2425,13,5061,MIAMI-DADE,DR. CARLOS J. FINLAY ELEMENTARY,Z,Y
2425,13,5062,MIAMI-DADE,SOMERSET ACADEMY BAY,R,N
2425,13,5081,MIAMI-DADE,DR. FREDERICA S. WILSON/SKYWAY ELEMENTARY SCHOOL,Z,Y
2425,13,5091,MIAMI-DADE,MIAMI BEACH SOUTH POINTE ELEMENTARY SCHOOL,Z,N
2425,13,5101,MIAMI-DADE,JOHN I. SMITH K-8 CENTER,Z,N
2425,13,5119,MIAMI-DADE,MY CA.SA CHARTER SCHOOL,R,N
2425,13,5121,MIAMI-DADE,SNAPPER CREEK ELEMENTARY SCHOOL,Z,Y
2425,13,5130,MIAMI-DADE,NORTH DADE COMMUNITY CHARTER,R,N
2425,13,5131,MIAMI-DADE,NORTH DADE CENTER FOR MODERN LANGUAGES,Z,Y
2425,13,5141,MIAMI-DADE,HUBERT O. SIBLEY K-8 ACADEMY,Z,Y
2425,13,5201,MIAMI-DADE,SOUTH HIALEAH ELEMENTARY SCHOOL,Z,Y
2425,13,5219,MIAMI-DADE,DORAL ACADEMY NORTH CHARTER ELEMENTARY,R,N
2425,13,5241,MIAMI-DADE,SOUTH MIAMI K-8 CENTER,Z,Y
2425,13,5281,MIAMI-DADE,SOUTH MIAMI HEIGHTS ELEMENTARY,Z,Y
2425,13,5321,MIAMI-DADE,SOUTHSIDE PREPARATORY ACADEMY,Z,N
2425,13,5361,MIAMI-DADE,SPRINGVIEW ELEMENTARY SCHOOL,Z,Y
2425,13,5381,MIAMI-DADE,E.W.F. STIRRUP ELEMENTARY SCHOOL,Z,Y
2425,13,5384,MIAMI-DADE,IMATER ACADEMY,R,Y
2425,13,5401,MIAMI-DADE,SUNSET ELEMENTARY SCHOOL,Z,N
2425,13,5410,MIAMI-DADE,ALPHA CHARTER OF EXCELLENCE,R,Y
2425,13,5412,MIAMI-DADE,MATER BRICKELL ACADEMY MIDDLE,H,Y
2425,13,5416,MIAMI-DADE,MATER ACADEMY KIWANIS,H,Y
2425,13,5417,MIAMI-DADE,MIAMI TECH AT MATER INNOVATION ACADEMY,H,Y
2425,13,5421,MIAMI-DADE,SUNSET PARK ELEMENTARY SCHOOL,Z,Y
2425,13,5422,MIAMI-DADE,MATER BRICKELL ACADEMY HIGH,H,Y
2425,13,5431,MIAMI-DADE,SWEETWATER ELEMENTARY SCHOOL,Z,Y
2425,13,5441,MIAMI-DADE,SYLVANIA HEIGHTS ELEMENTARY SCHOOL,Z,Y
2425,13,5481,MIAMI-DADE,TREASURE ISLAND ELEMENTARY SCHOOL,Z,Y
2425,13,5521,MIAMI-DADE,TROPICAL ELEMENTARY SCHOOL,Z,Y
2425,13,5555,MIAMI-DADE,MATER BISCAYNE ACADEMY NORTH MIAMI MIDDLE SCHOOL,R,N
2425,13,5556,MIAMI-DADE,MATER BISCAYNE ACADEMY NORTH MIAMI HIGH SCHOOL,R,N
2425,13,5561,MIAMI-DADE,FRANCIS S.TUCKER K-8 CENTER,Z,Y
2425,13,5601,MIAMI-DADE,TWIN LAKES ELEMENTARY SCHOOL,Z,Y
2425,13,5641,MIAMI-DADE,VILLAGE GREEN ELEMENTARY SCHOOL,Z,Y
2425,13,5671,MIAMI-DADE,VINELAND K-8 CENTER,Z,N
2425,13,5710,MIAMI-DADE,SANDOR WIENER SCHOOL OF OPPORTUNITY,R,N
2425,13,5711,MIAMI-DADE,MAE M. WALTERS ELEMENTARY SCHOOL,Z,Y
2425,13,5791,MIAMI-DADE,WEST HOMESTEAD K-8 CENTER,Z,Y
2425,13,5831,MIAMI-DADE,HENRY S. WEST LABORATORY SCHOOL,Z,N
2425,13,5836,MIAMI-DADE,SOUTH PREP SCHOLARS ACADEMY,R,N
2425,13,5861,MIAMI-DADE,DR. HENRY W. MACK/WEST LITTLE RIVER K-8 CENTER,Z,Y
2425,13,5901,MIAMI-DADE,CARRIE P. MEEK/WESTVIEW K-8 CENTER,Z,Y
2425,13,5931,MIAMI-DADE,PHYLLIS WHEATLEY ELEMENTARY SCHOOL,Z,Y
2425,13,5951,MIAMI-DADE,WHISPERING PINES ELEMENTARY SCHOOL,Z,Y
2425,13,5961,MIAMI-DADE,WINSTON PARK K-8 CENTER,Z,Y
2425,13,5971,MIAMI-DADE,NATHAN B. YOUNG ELEMENTARY SCHOOL,Z,Y
2425,13,5981,MIAMI-DADE,DR. EDWARD L. WHIGHAM ELEMENTARY SCHOOL,Z,Y
2425,13,5991,MIAMI-DADE,"CHARLES DAVID WYCHE, JR ELEMENTARY SCHOOL",Z,Y
2425,13,6001,MIAMI-DADE,HERBERT A. AMMONS MIDDLE SCHOOL,Z,N
2425,13,6003,MIAMI-DADE,PINECREST ACADEMY MIDDLE SCHOOL (NORTH CAMPUS),R,N
2425,13,6004,MIAMI-DADE,SOMERSET ACADEMY CHARTER MIDDLE SCHOOL,R,Y
2425,13,6005,MIAMI-DADE,"RAMZ ACADEMY 6-8 MIDDLE, MIAMI CAMPUS",R,N
2425,13,6006,MIAMI-DADE,ARCHIMEDEAN MIDDLE CONSERVATORY,R,N
2425,13,6007,MIAMI-DADE,CHARTER ON THE BEACH MIDDLE SCHOOL,R,N
2425,13,6008,MIAMI-DADE,LAWRENCE ACADEMY,R,N
2425,13,6009,MIAMI-DADE,MATER ACADEMY EAST MIDDLE SCHOOL,R,N
2425,13,6010,MIAMI-DADE,FLORIDA INTERNATIONAL ACADEMY,R,N
2425,13,6011,MIAMI-DADE,GEORGIA JONES AYERS MIDDLE SCHOOL,Z,Y
2425,13,6012,MIAMI-DADE,MATER ACADEMY CHARTER MIDDLE SCHOOL,R,Y
2425,13,6013,MIAMI-DADE,SOMERSET ACADEMY CHARTER MIDDLE SCHOOL (SOUTH HOMESTEAD),R,Y
2425,13,6014,MIAMI-DADE,IMATER ACADEMY MIDDLE SCHOOL,R,Y
2425,13,6015,MIAMI-DADE,SPORTS LEADERSHIP AND MANAGEMENT CHARTER SCHOOL MIDDLE SCHOOL,R,Y
2425,13,6016,MIAMI-DADE,COLEGIATE PREPARATORY ACADEMY,R,N
2425,13,6017,MIAMI-DADE,INTERNATIONAL STUDIES VIRTUAL ACADEMY,R,N
2425,13,6018,MIAMI-DADE,THE SEED SCHOOL OF MIAMI,R,Y
2425,13,6020,MIAMI-DADE,ASPIRA RAUL ARNALDO MARTINEZ CHARTER SCHOOL,R,N
2425,13,6021,MIAMI-DADE,ARVIDA MIDDLE SCHOOL,Z,N
2425,13,6022,MIAMI-DADE,PINECREST ACADEMY CHARTER MIDDLE SCHOOL,R,N
2425,13,6023,MIAMI-DADE,ANDOVER MIDDLE SCHOOL,Z,Y
2425,13,6024,MIAMI-DADE,SPORTS LEADERSHIP AND MANAGEMENT (SLAM) MIDDLE SCHOOL - NORTH CAMPUS,R,Y
2425,13,6027,MIAMI-DADE,TRANSITIONAL LEARNING ACADEMY,R,N
2425,13,6028,MIAMI-DADE,RENAISSANCE MIDDLE CHARTER SCHOOL,R,N
2425,13,6029,MIAMI-DADE,SPIRIT CITY ACADEMY,R,N
2425,13,6030,MIAMI-DADE,DORAL ACADEMY CHARTER MIDDLE SCHOOL,R,N
2425,13,6031,MIAMI-DADE,BROWNSVILLE MIDDLE SCHOOL,Z,Y
2425,13,6032,MIAMI-DADE,MATER ACADEMY BAY MIDDLE SCHOOL,R,N
2425,13,6033,MIAMI-DADE,MATER ACADEMY LAKES MIDDLE SCHOOL,R,Y
2425,13,6034,MIAMI-DADE,BEACON COLLEGE PREP K-8,R,Y
2425,13,6040,MIAMI-DADE,DOCTORS CHARTER SCHOOL OF MIAMI SHORES,R,N
2425,13,6041,MIAMI-DADE,PAUL W. BELL MIDDLE SCHOOL,Z,Y
2425,13,6042,MIAMI-DADE,MATER GARDENS ACADEMY MIDDLE SCHOOL,R,N
2425,13,6043,MIAMI-DADE,SOMERSET ACADEMY CHARTER MIDDLE SCHOOL (COUNTRY PALMS),R,N
2425,13,6044,MIAMI-DADE,EXCEL ACADEMY MIDDLE CHARTER SCHOOL,R,N
2425,13,6045,MIAMI-DADE,INTERNATIONAL STUDIES CHARTER MIDDLE SCHOOL,R,N
2425,13,6046,MIAMI-DADE,SOMERSET PREPARATORY ACADEMY MIDDLE SCHOOL (HOMESTEAD),R,Y
2425,13,6047,MIAMI-DADE,MATER INTERNATIONAL PREPARATORY,R,Y
2425,13,6048,MIAMI-DADE,MIAMI COMMUNITY CHARTER MIDDLE SCHOOL,R,Y
2425,13,6049,MIAMI-DADE,RIVER CITIES COMMUNITY CHARTER SCHOOL,R,N
2425,13,6050,MIAMI-DADE,YOUTH CO-OP CHARTER SCHOOL         (INACTIVE 06/03 - CHANGED TO #1020),R,N
2425,13,6051,MIAMI-DADE,CAROL CITY MIDDLE SCHOOL,Z,Y
2425,13,6052,MIAMI-DADE,MIAMI ARTS STUDIO 6-12 AT ZELDA GLAZER,Z,N
2425,13,6053,MIAMI-DADE,SOMERSET ACADEMY CHARTER MIDDLE SCHOOL (SOUTH MIAMI CAMPUS),R,N
2425,13,6057,MIAMI-DADE,PHOENIX ACADEMY OF EXCELLENCE NORTH,R,Y
2425,13,6060,MIAMI-DADE,ASPIRA LEADERSHIP AND COLLEGE PREPARATORY ACADEMY,R,N
2425,13,6061,MIAMI-DADE,CAMPBELL DRIVE MIDDLE SCHOOL,Z,N
2425,13,6070,MIAMI-DADE,ASPIRA ARTS DECO CHARTER,R,N
2425,13,6071,MIAMI-DADE,GEORGE WASHINGTON CARVER MIDDLE SCHOOL,Z,N
2425,13,6081,MIAMI-DADE,CUTLER BAY SENIOR HIGH SCHOOL,Z,N
2425,13,6082,MIAMI-DADE,ACADEMIR CHARTER SCHOOL MIDDLE,R,Y
2425,13,6083,MIAMI-DADE,JUST ARTS AND MANAGEMENT CHARTER MIDDLE SCHOOL,R,N
2425,13,6091,MIAMI-DADE,CITRUS GROVE MIDDLE SCHOOL,Z,N
2425,13,6093,MIAMI-DADE,ACADEMY FOR INNOVATIVE EDUCATION,R,Y
2425,13,6099,MIAMI-DADE,PHOENIX ACADEMY OF EXCELLENCE,R,Y
2425,13,6111,MIAMI-DADE,CUTLER BAY MIDDLE,Z,Y
2425,13,6121,MIAMI-DADE,RUBEN DARIO MIDDLE SCHOOL,Z,Y
2425,13,6128,MIAMI-DADE,SOMERSET ACADEMY BAY MIDDLE SCHOOL,R,N
2425,13,6131,MIAMI-DADE,HOWARD A. DOOLIN MIDDLE SCHOOL,Z,N
2425,13,6141,MIAMI-DADE,CHARLES R. DREW MIDDLE SCHOOL,Z,N
2425,13,6151,MIAMI-DADE,DORAL MIDDLE SCHOOL,Z,N
2425,13,6161,MIAMI-DADE,LAWTON CHILES MIDDLE SCHOOL,Z,Y
2425,13,6171,MIAMI-DADE,HENRY H. FILER MIDDLE SCHOOL,Z,Y
2425,13,6211,MIAMI-DADE,GLADES MIDDLE SCHOOL,Z,Y
2425,13,6221,MIAMI-DADE,HAMMOCKS MIDDLE SCHOOL,Z,Y
2425,13,6231,MIAMI-DADE,HIALEAH MIDDLE SCHOOL,Z,Y
2425,13,6241,MIAMI-DADE,HIGHLAND OAKS MIDDLE SCHOOL,Z,N
2425,13,6251,MIAMI-DADE,HOMESTEAD MIDDLE SCHOOL,Z,Y
2425,13,6281,MIAMI-DADE,THOMAS JEFFERSON BISCAYNE GARDENS K-8 ACADEMY,Z,Y
2425,13,6301,MIAMI-DADE,JOHN F. KENNEDY MIDDLE SCHOOL,Z,Y
2425,13,6331,MIAMI-DADE,KINLOCH PARK MIDDLE SCHOOL,Z,Y
2425,13,6351,MIAMI-DADE,LAKE STEVENS MIDDLE SCHOOL,Z,Y
2425,13,6361,MIAMI-DADE,JOSE DE DIEGO MIDDLE SCHOOL,Z,Y
2425,13,6371,MIAMI-DADE,ROBERT E. LEE MIDDLE SCHOOL,Z,N
2425,13,6391,MIAMI-DADE,MADISON MIDDLE SCHOOL,Z,Y
2425,13,6411,MIAMI-DADE,HORACE MANN MIDDLE SCHOOL,Z,Y
2425,13,6421,MIAMI-DADE,JOSE MARTI MIDDLE SCHOOL,Z,N
2425,13,6431,MIAMI-DADE,MAYS COMMUNITY MIDDLE SCHOOL,Z,N
2425,13,6441,MIAMI-DADE,HOWARD D. MCMILLAN MIDDLE SCHOOL,Z,Y
2425,13,6481,MIAMI-DADE,MIAMI EDISON MIDDLE SCHOOL,Z,N
2425,13,6501,MIAMI-DADE,MIAMI LAKES MIDDLE SCHOOL,Z,Y
2425,13,6521,MIAMI-DADE,MIAMI SPRINGS MIDDLE SCHOOL,Z,Y
2425,13,6541,MIAMI-DADE,MIAMI BEACH NAUTILUS MIDDLE SCHOOL,Z,N
2425,13,6571,MIAMI-DADE,NORLAND MIDDLE SCHOOL,Z,Y
2425,13,6591,MIAMI-DADE,NORTH DADE MIDDLE SCHOOL,Z,Y
2425,13,6611,MIAMI-DADE,COUNTRY CLUB MIDDLE SCHOOL,Z,Y
2425,13,6631,MIAMI-DADE,NORTH MIAMI MIDDLE SCHOOL,Z,Y
2425,13,6681,MIAMI-DADE,PALM SPRINGS MIDDLE SCHOOL,Z,Y
2425,13,6701,MIAMI-DADE,PALMETTO MIDDLE SCHOOL,Z,N
2425,13,6721,MIAMI-DADE,PARKWAY MIDDLE COMMUNITY SCHOOL,Z,N
2425,13,6741,MIAMI-DADE,PONCE DE LEON MIDDLE SCHOOL,Z,Y
2425,13,6751,MIAMI-DADE,HIALEAH GARDENS MIDDLE SCHOOL,Z,Y
2425,13,6761,MIAMI-DADE,REDLAND MIDDLE SCHOOL,Z,Y
2425,13,6771,MIAMI-DADE,JORGE MAS CANOSA MIDDLE SCHOOL,Z,Y
2425,13,6781,MIAMI-DADE,RICHMOND HEIGHTS MIDDLE SCHOOL,Z,Y
2425,13,6801,MIAMI-DADE,RIVIERA MIDDLE SCHOOL,Z,Y
2425,13,6821,MIAMI-DADE,ROCKWAY MIDDLE SCHOOL,Z,Y
2425,13,6841,MIAMI-DADE,SHENANDOAH MIDDLE SCHOOL,Z,Y
2425,13,6861,MIAMI-DADE,SOUTHWOOD MIDDLE SCHOOL,Z,N
2425,13,6881,MIAMI-DADE,SOUTH MIAMI MIDDLE SCHOOL,Z,N
2425,13,6900,MIAMI-DADE,VANKARA ACADEMY CHARTER SCHOOL,R,N
2425,13,6901,MIAMI-DADE,W. R. THOMAS MIDDLE SCHOOL,Z,Y
2425,13,6911,MIAMI-DADE,BOOKER T. WASHINGTON MIDDLE SCHOOL,Z,N
2425,13,6921,MIAMI-DADE,LAMAR LOUISE CURRY MIDDLE SCHOOL,Z,Y
2425,13,6961,MIAMI-DADE,WEST MIAMI MIDDLE SCHOOL,Z,Y
2425,13,6981,MIAMI-DADE,WESTVIEW MIDDLE SCHOOL,Z,N
2425,13,6997,MIAMI-DADE,MATER ACADEMY VIRTUAL CHARTER SCHOOL,R,N
2425,13,7001,MIAMI-DADE,MIAMI-DADE ONLINE ACADEMY- VIRTUAL INSTRUCTION PROGRAM,Z,N
2425,13,7002,MIAMI-DADE,VIRTUAL ADULT REGISTRATION CENTER,Z,N
2425,13,7003,MIAMI-DADE,JOBS FOR MIAMI TRAINING ACADEMY,Z,N
2425,13,7004,MIAMI-DADE,MIAMI-DADE VIRTUAL HIGH SCHOOL FRANCHISE,Z,N
2425,13,7005,MIAMI-DADE,ITECH@THOMAS A EDISON EDUCATIONAL CENTER,Z,Y
2425,13,7006,MIAMI-DADE,GRADUATION ALLIANCE,Z,N
2425,13,7007,MIAMI-DADE,INTERNATIONAL STUDIES CHARTER HIGH SCHOOL,R,N
2425,13,7008,MIAMI-DADE,BIOTECH@RICHMOND HEIGHTS 9-12 HIGH SCHOOL,Z,N
2425,13,7009,MIAMI-DADE,DORAL PERFORMING ARTS & ENTERTAINMENT ACADEMY,R,N
2425,13,7010,MIAMI-DADE,TECHWORLD PUBLIC CHARTER SCHOOL,R,N
2425,13,7011,MIAMI-DADE,AMERICAN SENIOR HIGH SCHOOL,Z,Y
2425,13,7012,MIAMI-DADE,AMERICAN SENIOR ADULT AND CONTINUING EDUCATION CENTER,Z,N
2425,13,7013,MIAMI-DADE,METRO WEST DETENTION FACILITY,Z,N
2425,13,7014,MIAMI-DADE,MATER PERFORMING ARTS & ENTERTAINMENT ACADEMY,R,Y
2425,13,7015,MIAMI-DADE,STELLAR LEADERSHIP ACADEMY,R,N
2425,13,7016,MIAMI-DADE,SPORTS LEADERSHIP ARTS MANAGEMENT CHARTER HIGH SCHOOL,R,Y
2425,13,7017,MIAMI-DADE,LIFE SKILLS CENTER OPA LOCKA,R,N
2425,13,7018,MIAMI-DADE,MATER ACADEMY LAKES HIGH SCHOOL,R,Y
2425,13,7019,MIAMI-DADE,LIFE SKILLS CENTER-LIBERTY CITY AREA,R,N
2425,13,7020,MIAMI-DADE,DORAL ACADEMY CHARTER HIGH SCHOOL,R,N
2425,13,7021,MIAMI-DADE,CENTER FOR INTERNATIONAL EDUCATION A CAMBRIDGE ASSOCIATE SCHOOL,Z,Y
2425,13,7022,MIAMI-DADE,ACADEMY OF ARTS & MINDS,R,N
2425,13,7023,MIAMI-DADE,GRADUATION ALLIANCE,Z,N
2425,13,7024,MIAMI-DADE,MATER ACADEMY HIGH SCHOOL OF INTERNATIONAL STUDIES,R,N
2425,13,7025,MIAMI-DADE,MATER ACADEMY HIGH SCHOOL (MIAMI BEACH),R,N
2425,13,7026,MIAMI-DADE,DON SOFFER AVENTURA CHARTER HIGH SCHOOL,R,N
2425,13,7027,MIAMI-DADE,PINECREST GLADES PREPARATORY ACADEMY MIDDLE HIGH SCHOOL,R,N
2425,13,7029,MIAMI-DADE,TERRA ENVIRONMENTAL RESEARCH INSTITUTE,Z,N
2425,13,7030,MIAMI-DADE,SCHOOL FOR INTEGRATED ACADEMIC (NORTH CAMPUS),R,N
2425,13,7031,MIAMI-DADE,MAST@FIU,Z,N
2425,13,7032,MIAMI-DADE,PALM GLADES PREPARATORY HIGH SCHOOL,R,Y
2425,13,7033,MIAMI-DADE,LAW ENFORCEMENT OFFICERS MEMORIAL HIGH SCHOOL,Z,Y
2425,13,7034,MIAMI-DADE,SOMERSET ACADEMY CHARTER HIGH SCHOOL (SOUTH HOMESTEAD),R,Y
2425,13,7036,MIAMI-DADE,LAWRENCE ACADEMY SENIOR HIGH CHARTER SCHOOL,R,N
2425,13,7037,MIAMI-DADE,MATER ACADEMY EAST PREPARATORY,R,N
2425,13,7038,MIAMI-DADE,SOMERSET ACADEMY CHARTER HIGH SCHOOL (SOUTH CAMPUS),R,N
2425,13,7039,MIAMI-DADE,TRUE NORTH CLASSICAL ACADEMY HIGH SCHOOL,R,N
2425,13,7041,MIAMI-DADE,SCHOOL FOR ADVANCED STUDIES-WOLFSON,Z,N
2425,13,7042,MIAMI-DADE,SOMERSET ACADEMY CHARTER HIGH SCHOOL,R,Y
2425,13,7043,MIAMI-DADE,ARTS ACADEMY OF EXCELLENCE,R,N
2425,13,7044,MIAMI-DADE,DOWNTOWN DORAL CHARTER UPPER SCHOOL,R,N
2425,13,7048,MIAMI-DADE,ALONZO & TRACY MOURNING SENIOR HIGH SCHOOL,Z,N
2425,13,7049,MIAMI-DADE,WESTLAND HIALEAH SENIOR HIGH SCHOOL,Z,Y
2425,13,7050,MIAMI-DADE,KEYS GATE CHARTER HIGH SCHOOL,R,N
2425,13,7051,MIAMI-DADE,G. HOLMES BRADDOCK SENIOR HIGH,Z,Y
2425,13,7052,MIAMI-DADE,G. HOLMES BRADDOCK ADULT CENTER,Z,N
2425,13,7053,MIAMI-DADE,PINECREST PREPARATORY ACADEMY CHARTER HIGH SCHOOL,R,N
2425,13,7054,MIAMI-DADE,EXCELSIOR CHARTER HIGH SCHOOL,R,N
2425,13,7055,MIAMI-DADE,YOUNG WOMENS PREPARATORY ACADEMY,Z,N
2425,13,7056,MIAMI-DADE,YOUNG MEN'S PREPARATORY ACADEMY,Z,Y
2425,13,7058,MIAMI-DADE,MIAMI COMMUNITY CHARTER HIGH SCHOOL,R,Y
2425,13,7059,MIAMI-DADE,MIAMI ARTS CHARTER SCHOOL,R,N
2425,13,7060,MIAMI-DADE,EVERGLADES PREPARATORY ACADEMY HIGH SCHOOL,R,Y
2425,13,7061,MIAMI-DADE,SCHOOL FOR ADVANCED STUDIES NORTH,Z,Y
2425,13,7062,MIAMI-DADE,C. G. BETHEL HIGH SCHOOL,R,N
2425,13,7065,MIAMI-DADE,CHAMBERS HIGH SCHOOL,R,N
2425,13,7066,MIAMI-DADE,LATIN BUILDERS ASSOCIATION CONSTRUCTION AND BUSINESS MANAGEMENT ACADEMY,R,N
2425,13,7067,MIAMI-DADE,GREEN SPRINGS HIGH SCHOOL,R,N
2425,13,7068,MIAMI-DADE,NORTH GARDENS HIGH SCHOOL,R,N
2425,13,7069,MIAMI-DADE,NORTH PARK HIGH SCHOOL,R,N
2425,13,7070,MIAMI-DADE,YOUTH CO-OP PREPARATORY HIGH SCHOOL,R,Y
2425,13,7071,MIAMI-DADE,CORAL GABLES SENIOR HIGH SCHOOL,Z,Y
2425,13,7072,MIAMI-DADE,CORAL GABLES ADULT AND CONTINUING EDUCATION CENTER,Z,N
2425,13,7073,MIAMI-DADE,ACADEMY FOR ADVANCED ACADEMICS,Z,N
2425,13,7078,MIAMI-DADE,SOMERSET COLLEGE PREPARATORY ACADEMY SOUTH HIGH SCHOOL,R,Y
2425,13,7079,MIAMI-DADE,PINECREST NORTH PREPARATORY HIGH SCHOOL,R,N
2425,13,7080,MIAMI-DADE,CHARTER HIGH SCHOOL OF THE AMERICAS,R,N
2425,13,7081,MIAMI-DADE,DESIGN & ARCHITECTURE SENIOR HIGH,Z,N
2425,13,7090,MIAMI-DADE,IMATER PREPARATORY ACADEMY HIGH SCHOOL,R,Y
2425,13,7091,MIAMI-DADE,SCHOOL FOR ADVANCED STUDIES - SOUTH,Z,N
2425,13,7101,MIAMI-DADE,CORAL REEF SENIOR HIGH SCHOOL,Z,N
2425,13,7108,MIAMI-DADE,SPORTS LEADERSHIP ARTS MANAGEMENT CHARTER HIGH SCHOOL (NORTH CAMPUS),R,Y
2425,13,7111,MIAMI-DADE,HIALEAH SENIOR HIGH SCHOOL,Z,Y
2425,13,7112,MIAMI-DADE,HIALEAH ADULT AND CONTINUING EDUCATION CENTER,Z,N
2425,13,7120,MIAMI-DADE,MATER ACADEMY BAY HIGH SCHOOL,R,N
2425,13,7121,MIAMI-DADE,JOHN A. FERGUSON SENIOR HIGH,Z,Y
2425,13,7131,MIAMI-DADE,HIALEAH-MIAMI LAKES SENIOR HIGH,Z,Y
2425,13,7132,MIAMI-DADE,HIALEAH-MIAMI LAKES ADULT AND CONTINUING EDUCATION CENTER,Z,N
2425,13,7141,MIAMI-DADE,DR. MICHAEL M. KROP SENIOR HIGH,Z,Y
2425,13,7144,MIAMI-DADE,CHARTER HIGH SCHOOL OF THE AMERICAS (FLORIDA CITY CAMPUS),R,Y
2425,13,7151,MIAMI-DADE,HOMESTEAD SENIOR HIGH SCHOOL,Z,Y
2425,13,7160,MIAMI-DADE,MATER ACADEMY CHARTER HIGH SCHOOL,R,Y
2425,13,7161,MIAMI-DADE,MAST ACADEMY,Z,N
2425,13,7171,MIAMI-DADE,MEDICAL ACADEMY FOR SCIENCE AND TECHNOLOGY (M.A.S.T.) @ HOMESTEAD,Z,Y
2425,13,7191,MIAMI-DADE,HIALEAH GARDENS SENIOR HIGH SCHOOL,Z,Y
2425,13,7201,MIAMI-DADE,MIAMI BEACH SENIOR HIGH SCHOOL,Z,N
2425,13,7202,MIAMI-DADE,MIAMI BEACH ADULT AND CONTINUING EDUCATION CENTER,Z,N
2425,13,7211,MIAMI-DADE,FLORIDA HIGH SCHOOL FOR ACCELERATED LEARNING CUTLER BAY AREA,R,N
2425,13,7221,MIAMI-DADE,FLORIDA HIGH SCHOOL FOR ACCELERATED LEARNING NORTH MIAMI AREA,R,N
2425,13,7231,MIAMI-DADE,MIAMI CAROL CITY SENIOR HIGH,Z,Y
2425,13,7232,MIAMI-DADE,MIAMI CAROL CITY SENIOR ADULT EDUCATION,Z,N
2425,13,7241,MIAMI-DADE,RONALD W. REAGAN/DORAL SENIOR HIGH SCHOOL,Z,N
2425,13,7242,MIAMI-DADE,SOMERSET PREPARATORY ACADEMY HIGH SCHOOL HOMESTEAD,R,Y
2425,13,7251,MIAMI-DADE,MIAMI CENTRAL SENIOR HIGH SCHOOL,Z,Y
2425,13,7252,MIAMI-DADE,MIAMI CENTRAL SENIOR ADULT EDUCATION CENTER,Z,N
2425,13,7253,MIAMI-DADE,MIAMI AGRICULTURAL SCHOOL,Z,N
2425,13,7254,MIAMI-DADE,YOUNG MENS ACADEMY FOR ACADEMIC AND CIVIC DEVELOPMENT AT MIAMI DOUGLAS MACARTHUR NORTH SENIOR HIGH,Z,N
2425,13,7261,MIAMI-DADE,SCHOOL FOR ADVANCED STUDIES,Z,N
2425,13,7262,MIAMI-DADE,CITY OF HIALEAH EDUCATIONAL ACADEMY,R,Y
2425,13,7265,MIAMI-DADE,ARCHIMEDEAN UPPER CONSERVATORY,R,N
2425,13,7271,MIAMI-DADE,MIAMI CORAL PARK SENIOR HIGH,Z,Y
2425,13,7272,MIAMI-DADE,MIAMI CORAL PARK ADULT AND CONTINUING EDUCATION CENTER,Z,N
2425,13,7291,MIAMI-DADE,JOSE MARTI MAST 6-12 ACADEMY,Z,Y
2425,13,7301,MIAMI-DADE,MIAMI EDISON SENIOR HIGH SCHOOL,Z,Y
2425,13,7341,MIAMI-DADE,MIAMI JACKSON SENIOR HIGH SCHOOL,Z,Y
2425,13,7342,MIAMI-DADE,MIAMI JACKSON SENIOR ADULT ED CENTER,Z,N
2425,13,7351,MIAMI-DADE,ARTHUR AND POLLY MAYS CONSERVATORY OF THE ARTS,Z,Y
2425,13,7361,MIAMI-DADE,MIAMI KILLIAN SENIOR HIGH SCHOOL,Z,Y
2425,13,7371,MIAMI-DADE,ROBERT MORGAN SENIOR HIGH SCHOOL,Z,Y
2425,13,7381,MIAMI-DADE,MIAMI NORLAND SENIOR HIGH SCHOOL,Z,Y
2425,13,7391,MIAMI-DADE,MIAMI LAKES EDUCATIONAL CENTER,Z,Y
2425,13,7411,MIAMI-DADE,MIAMI NORTHWESTERN SENIOR HIGH,Z,Y
2425,13,7412,MIAMI-DADE,MIAMI NORTHWESTERN SENIOR ADULT,Z,N
2425,13,7431,MIAMI-DADE,MIAMI PALMETTO SENIOR HIGH SCHOOL,Z,N
2425,13,7432,MIAMI-DADE,MIAMI PALMETTO ADULT AND CONTINUING EDUCATION CENTER,Z,N
2425,13,7459,MIAMI-DADE,IPREP  ACADEMY NORTH,Z,N
2425,13,7461,MIAMI-DADE,MIAMI SENIOR HIGH SCHOOL,Z,Y
2425,13,7462,MIAMI-DADE,MIAMI SENIOR ADULT AND CONTINUING EDUCATION CENTER,Z,N
2425,13,7511,MIAMI-DADE,MIAMI SPRINGS SENIOR HIGH SCHOOL,Z,Y
2425,13,7512,MIAMI-DADE,MIAMI SPRINGS ADULT AND CONTINUING EDUCATION CENTER,Z,N
2425,13,7516,MIAMI-DADE,KENDALL GREENS HIGH SCHOOL,R,N
2425,13,7531,MIAMI-DADE,MIAMI SUNSET SENIOR HIGH SCHOOL,Z,Y
2425,13,7532,MIAMI-DADE,MIAMI SUNSET ADULT AND CONTINUING EDUCATION CENTER,Z,N
2425,13,7541,MIAMI-DADE,NORTH MIAMI BEACH SENIOR HIGH,Z,Y
2425,13,7551,MIAMI-DADE,SCHOOL FOR ADVANCED STUDIES HOMESTEAD,Z,N
2425,13,7571,MIAMI-DADE,INTERNATIONAL STUDIES PREPARATORY ACADEMY,Z,N
2425,13,7581,MIAMI-DADE,I PREPARATORY ACADEMY,Z,N
2425,13,7591,MIAMI-DADE,NORTH MIAMI SENIOR HIGH SCHOOL,Z,Y
2425,13,7592,MIAMI-DADE,NORTH MIAMI ADULT AND CONTINUING EDUCATION CENTER,Z,N
2425,13,7601,MIAMI-DADE,WILLIAM H. TURNER TECHNICAL ARTS HIGH SCHOOL,Z,Y
2425,13,7602,MIAMI-DADE,WILLIAM H. TURNER TECHNICAL ADULT,Z,N
2425,13,7631,MIAMI-DADE,MIAMI MACARTHUR EDUCATIONAL CENTER,Z,Y
2425,13,7641,MIAMI-DADE,J.C. BERMUDEZ DORAL SENIOR HIGH,Z,N
2425,13,7672,MIAMI-DADE,ACADEMIR PREPARATORY HIGH SCHOOL,R,N
2425,13,7675,MIAMI-DADE,DORAL PARK HIGH SCHOOL,R,Y
2425,13,7701,MIAMI-DADE,SOUTH DADE SENIOR HIGH SCHOOL,Z,Y
2425,13,7702,MIAMI-DADE,SOUTH DADE TECHNICAL COLLEGE,Z,N
2425,13,7721,MIAMI-DADE,SOUTH MIAMI SENIOR HIGH SCHOOL,Z,Y
2425,13,7731,MIAMI-DADE,MIAMI SOUTHRIDGE SENIOR HIGH,Z,Y
2425,13,7732,MIAMI-DADE,MIAMI SOUTHRIDGE SENIOR HIGH ADULT EDUCATION CENTER,Z,N
2425,13,7741,MIAMI-DADE,SOUTHWEST MIAMI SENIOR HIGH,Z,Y
2425,13,7742,MIAMI-DADE,SOUTHWEST MIAMI ADULT & COMMUNITY EDUCATION CENTER,Z,N
2425,13,7751,MIAMI-DADE,BARBARA GOLEMAN SENIOR HIGH,Z,Y
2425,13,7777,MIAMI-DADE,NEW OPPORTUNITY EDUCATIONAL CENTER,Z,N
2425,13,7781,MIAMI-DADE,FELIX VARELA SENIOR HIGH SCHOOL,Z,Y
2425,13,7791,MIAMI-DADE,BOOKER T. WASHINGTON SENIOR HIGH,Z,Y
2425,13,7801,MIAMI-DADE,GEORGE T. BAKER AVIATION TECHNICAL COLLEGE,Z,N
2425,13,7803,MIAMI-DADE,DEBORAH'S WAY,Z,N
2425,13,7804,MIAMI-DADE,AMIKIDS MIAMI-DADE SOUTH,Z,N
2425,13,7805,MIAMI-DADE,AMIKIDS MIAMI-DADE NORTH,Z,N
2425,13,7806,MIAMI-DADE,DADE JUVENILE RESIDENTIAL FACILITY,Z,N
2425,13,7807,MIAMI-DADE,SOUTHERN GLADES YOUTH CAMP,Z,N
2425,13,7808,MIAMI-DADE,ICARE - BAYPOINT SCHOOLS INC. EAST KENNEDY CAMPUS,Z,N
2425,13,7809,MIAMI-DADE,ICARE - NORTH,Z,N
2425,13,7811,MIAMI-DADE,MIAMI YOUTH ACADEMY,Z,N
2425,13,7812,MIAMI-DADE,MIAMI BRIDGE SOUTH,Z,N
2425,13,7813,MIAMI-DADE,PACE CENTER FOR GIRLS,Z,N
2425,13,7814,MIAMI-DADE,WOMEN IN NEED OF GREATER STRENGTH /WINGS,Z,N
2425,13,7815,MIAMI-DADE,MIAMI HALFWAY HOUSE,Z,N
2425,13,7816,MIAMI-DADE,ASPIRA,Z,N
2425,13,7817,MIAMI-DADE,ASPIRA OF HOMESTEAD,Z,N
2425,13,7818,MIAMI-DADE,CATHOLIC HOME ELEMENTARY SCHOOL,Z,N
2425,13,7819,MIAMI-DADE,BOYSTOWN,Z,N
2425,13,7820,MIAMI-DADE,CHARLEE OF DADE COUNTY,Z,N
2425,13,7821,MIAMI-DADE,COLLEGE AND CAREERS,Z,N
2425,13,7822,MIAMI-DADE,HIGHLAND PARK ADOLESCENT RECEIVING FACILITY,Z,N
2425,13,7823,MIAMI-DADE,HERE'S HELP,Z,Y
2425,13,7824,MIAMI-DADE,ALPHA MIDDLE SCHOOL,Z,N
2425,13,7825,MIAMI-DADE,HIGHLAND PARK DAY TREATMENT,Z,N
2425,13,7826,MIAMI-DADE,JACKSON SIPP/CHILD CRISIS,Z,N
2425,13,7827,MIAMI-DADE,PATH ACADEMY,Z,N
2425,13,7828,MIAMI-DADE,LINCOLN MARTI,Z,N
2425,13,7829,MIAMI-DADE,LITTLE HAVANA INSTITUTE,Z,N
2425,13,7830,MIAMI-DADE,MARTIN LUTHER KING ACADEMY,Z,N
2425,13,7831,MIAMI-DADE,GRADUATION ALLIANCE,Z,N
2425,13,7832,MIAMI-DADE,MIAMI BRIDGE NORTH,Z,N
2425,13,7833,MIAMI-DADE,CITRUS HEALTH SIPP/CRISIS,Z,N
2425,13,7834,MIAMI-DADE,ACCELERATION ACADEMIES LLC,Z,N
2425,13,7835,MIAMI-DADE,RICHMOND PERRINE OPTIMIST,Z,N
2425,13,7836,MIAMI-DADE,ROVING LEADERS,Z,N
2425,13,7839,MIAMI-DADE,JUVENILE CORRECTIONS (JC),Z,N
2425,13,7840,MIAMI-DADE,TURNER/GUILFORD/KNIGHT,Z,N
2425,13,7841,MIAMI-DADE,THE ENGLISH CENTER,Z,N
2425,13,7843,MIAMI-DADE,VILLAGE SOUTH (BOYS),Z,N
2425,13,7844,MIAMI-DADE,MIAMI GIRLS ACADEMY,Z,N
2425,13,7846,MIAMI-DADE,WOMEN'S DETENTION CENTER,Z,N
2425,13,7847,MIAMI-DADE,OPEN ARMS,Z,N
2425,13,7848,MIAMI-DADE,MIAMI RIVER OF LIFE,Z,N
2425,13,7849,MIAMI-DADE,KROME REGIONAL DETENTION CENTER,Z,N
2425,13,7850,MIAMI-DADE,MIAMI BEHAVIORAL HEALTH CENTER- JARF,Z,N
2425,13,7851,MIAMI-DADE,VILLAGE SOUTH (GIRLS),Z,N
2425,13,7852,MIAMI-DADE,BAY POINT PRIVATE,Z,N
2425,13,7853,MIAMI-DADE,CITRUS HEALTH LOU PANCI,Z,N
2425,13,7854,MIAMI-DADE,BANYAN BEHAVIORAL HEALTH SYSTEMS,Z,N
2425,13,7855,MIAMI-DADE,NICKLAUS CHILDREN'S HOSPITAL,Z,N
2425,13,7856,MIAMI-DADE,SOUTH MIAMI HOSPITAL,Z,N
2425,13,7860,MIAMI-DADE,SECONDARY STUDENT SUCCESS CENTER 801,Z,Y
2425,13,7861,MIAMI-DADE,SECONDARY STUDENT SUCCESS CENTER 802,Z,Y
2425,13,7862,MIAMI-DADE,SECONDARY STUDENT SUCCESS CENTER 803,Z,Y
2425,13,7863,MIAMI-DADE,SECONDARY STUDENT SUCCESS CENTER-804,Z,N
2425,13,7865,MIAMI-DADE,HIS HOUSE,Z,N
2425,13,7871,MIAMI-DADE,ACCELERATION ACADEMIES-CENTRAL MIAMI,Z,N
2425,13,7881,MIAMI-DADE,ACCELERATION ACADEMIES LEJEUNE,Z,N
2425,13,7891,MIAMI-DADE,ACCELERATION ACADEMIES LLC HOMESTEAD,Z,N
2425,13,7892,MIAMI-DADE,SOUTH FLORIDA YOUTH ACADEMY,Z,N
2425,13,7901,MIAMI-DADE,NEW WORLD SCHOOL OF THE ARTS,Z,N
2425,13,8005,MIAMI-DADE,LINDSEY HOPKINS TECHNICAL COLLEGE,Z,N
2425,13,8011,MIAMI-DADE,CITRUS GROVE OTC,Z,N
2425,13,8012,MIAMI-DADE,PACE CENTER FOR GIRLS,Z,Y
2425,13,8014,MIAMI-DADE,ALTERNATIVE OUTREACH-EXT. YEAR,Z,N
2425,13,8015,MIAMI-DADE,FLORIDA HOME EDUCATION PROGRAM,Z,N
2425,13,8016,MIAMI-DADE,TEENAGE PARENT PROGRAM,Z,N
2425,13,8017,MIAMI-DADE,ALTERNATIVE OUTREACH PROGRAM,Z,N
2425,13,8018,MIAMI-DADE,BUSINESS/INDUSTRY SERVICE CENTER,Z,N
2425,13,8019,MIAMI-DADE,DR. MARVIN DUNN ACADEMY FOR COMMUNITY EDUCATION.,Z,Y
2425,13,8020,MIAMI-DADE,THE PARENT ACADEMY,Z,N
2425,13,8021,MIAMI-DADE,TITLE I MIGRANT EDUCATION PROGRAM,Z,N
2425,13,8022,MIAMI-DADE,HIGHWAY TO SUCCESS PROGRAM,Z,N
2425,13,8101,MIAMI-DADE,JAN MANN EDUCATIONAL CENTER,Z,Y
2425,13,8111,MIAMI-DADE,NEW WORLD SCHOOL OF THE ARTS,Z,N
2425,13,8113,MIAMI-DADE,RESTART 500 ROLE MODELS,Z,N
2425,13,8119,MIAMI-DADE,THE 500 ROLE MODEL ACADEMY,Z,N
2425,13,8121,MIAMI-DADE,COPE CENTER NORTH,Z,Y
2425,13,8131,MIAMI-DADE,DOROTHY M. WALLACE COPE CENTER,Z,Y
2425,13,8139,MIAMI-DADE,D.A. DORSEY TECHNICAL COLLEGE,Z,N
2425,13,8141,MIAMI-DADE,JUVENILE JUSTICE CENTER ALT ED,Z,N
2425,13,8151,MIAMI-DADE,ROBERT RENICK EDUCATIONAL CENTER,Z,Y
2425,13,8161,MIAMI-DADE,CORPORATE ACADEMY NORTH,Z,N
2425,13,8171,MIAMI-DADE,SCHOOL FOR APPLIED TECHNOLOGY,Z,N
2425,13,8181,MIAMI-DADE,RUTH OWENS KRUSE EDUCATION CENTER,Z,Y
2425,13,8201,MIAMI-DADE,CORPORATE ACADEMY SOUTH,Z,N
2425,13,8221,MIAMI-DADE,FEINBERG-FISHER ADULT CENTER,Z,N
2425,13,8301,MIAMI-DADE,MIGRANT DISTRICT OFFICE,Z,N
2425,13,8701,MIAMI-DADE,SECONDARY SPECIAL CENTER FOR EXCEPTIONAL STUDENTS,Z,N
2425,13,8901,MIAMI-DADE,MIAMI LAKES EDUCATIONAL CENTER AND TECHNICAL COLLEGE,Z,N
2425,13,8911,MIAMI-DADE,ROBERT MORGAN EDUCATIONAL CENTER AND TECHNICAL COLLEGE,Z,N
2425,13,8931,MIAMI-DADE,RESTART PARKWAY,Z,N
2425,13,8981,MIAMI-DADE,SOUTH DADE SKILL CENTER,Z,N
2425,13,8991,MIAMI-DADE,MIAMI SKILL CENTER,Z,N
2425,13,9001,MIAMI-DADE,DADE DISTRICT OFFICE,Z,N
2425,13,9002,MIAMI-DADE,PK EARLY INTERVENTION - CDS,Z,N
2425,13,9003,MIAMI-DADE,PK EARLY INTERVENTION PROGRAM,Z,N
2425,13,9004,MIAMI-DADE,PK EARLY INTERVENTION - CDS,Z,N
2425,13,9005,MIAMI-DADE,EVEN START,Z,N
2425,13,9006,MIAMI-DADE,EVEN START,Z,N
2425,13,9013,MIAMI-DADE,PREK INTERVENTION,Z,N
2425,13,9029,MIAMI-DADE,SYSTEMS AND PROGRAMMING,Z,N
2425,13,9045,MIAMI-DADE,CONTRACTED RESIDENTIAL SERVICES,Z,N
2425,13,9077,MIAMI-DADE,FAMILY CENTRAL,Z,N
2425,13,9615,MIAMI-DADE,DIV OF EXCEPTIONAL STUDENT EDUCATION,Z,N
2425,13,9731,MIAMI-DADE,INSTRUCTIONAL CENTER SYSTEM WIDE,Z,N
2425,13,9732,MIAMI-DADE,BRUCIE BALL EDUCATIONAL CENTER,Z,Y
2425,13,9733,MIAMI-DADE,DISTRICT INSTRUCTIONAL CENTER (DIC),Z,N
2425,13,9734,MIAMI-DADE,DISTRICT SUMMER CENTER B,Z,N
2425,13,9735,MIAMI-DADE,DISTRICT SUMMER CENTER C,Z,N
2425,13,9736,MIAMI-DADE,DISTRICT SUMMER CENTER D,Z,N
2425,13,9737,MIAMI-DADE,DISTRICT SUMMER CENTER E,Z,N
2425,13,9738,MIAMI-DADE,DISTRICT SUMMER CENTER F,Z,N
2425,13,9739,MIAMI-DADE,DISTRICT SUMMER CENTER G,Z,N
2425,13,9741,MIAMI-DADE,DISTRICT SUMMER CENTER H,Z,N
2425,13,9742,MIAMI-DADE,DISTRICT SUMMER CENTER I,Z,N
2425,13,9743,MIAMI-DADE,DISTRICT SUMMER CENTER J,Z,N
2425,13,9744,MIAMI-DADE,DISTRICT SUMMER CENTER K,Z,N
2425,13,9745,MIAMI-DADE,DISTRICT SUMMER CENTER L,Z,N
2425,13,9746,MIAMI-DADE,DISTRICT SUMMER CENTER M,Z,N
2425,13,9747,MIAMI-DADE,DISTRICT SUMMER CENTER N,Z,N
2425,13,9748,MIAMI-DADE,DISTRICT SUMMER CENTER O,Z,N
2425,13,9749,MIAMI-DADE,ESY SUMMER CENTER,Z,N
2425,13,9772,MIAMI-DADE,PRETRIAL DETENTION CENTER I,Z,N
2425,13,9773,MIAMI-DADE,DISTRICT INSTRUCTIONAL CENTER #2,Z,N
2425,13,9995,MIAMI-DADE,"TITLE I, PART A PRIVATE SCHOOL STUDENTS",Z,N
2425,13,9997,MIAMI-DADE,MIGRANT NON-ENROLLED STUDENTS,Z,N
2425,13,9998,MIAMI-DADE,HOME EDUCATION PROGRAM STUDENTS,Z,N
2425,14,22,DESOTO,DESOTO COUNTY ADULT EDUCATION CENTER,Z,N
2425,14,31,DESOTO,DESOTO COUNTY HIGH SCHOOL,Z,Y
2425,14,41,DESOTO,DESOTO OPPORTUNITY SCHOOL,Z,N
2425,14,51,DESOTO,DESOTO ALTERNATIVE CENTER,Z,N
2425,14,61,DESOTO,WEST ELEMENTARY SCHOOL,Z,Y
2425,14,81,DESOTO,MEMORIAL ELEMENTARY SCHOOL,Z,Y
2425,14,161,DESOTO,DESOTO MIDDLE SCHOOL,Z,Y
2425,14,181,DESOTO,NOCATEE ELEMENTARY SCHOOL,Z,Y
2425,14,191,DESOTO,SPRING LAKE YOUTH ACADEMY,Z,N
2425,14,201,DESOTO,G. PIERCE WOOD MEMORIAL HOSPITAL,Z,N
2425,14,251,DESOTO,KINGSLEY CENTER,Z,N
2425,14,261,DESOTO,JOSHUA CREEK CENTER,Z,N
2425,14,271,DESOTO,CARLSTROM CENTER,Z,N
2425,14,291,DESOTO,DESOTO SECONDARY SCHOOL,Z,Y
2425,14,341,DESOTO,EARLY EDUCATION CENTER,Z,N
2425,14,501,DESOTO,THE ALPHA CENTER,R,N
2425,14,1001,DESOTO,THE COMMUNITY GREEN,R,N
2425,14,3450,DESOTO,PERSONALIZED EDUCATION PROGRAM,Z,N
2425,14,3518,DESOTO,MCKAY SCHOLARSHIP/SCHOOL OF ENROLLMENT,Z,N
2425,14,3818,DESOTO,OPPORTUNITY SCHOLARSHIP/SCHOOL OF ENROLLMENT,Z,N
2425,14,3900,DESOTO,FAMILY EMPOWERMENT SCHOLARSHIP PROGRAM,Z,N
2425,14,7001,DESOTO,DESOTO VIRTUAL INSTRUCTION PROGRAM,Z,N
2425,14,7004,DESOTO,DESOTO VIRTUAL FRANCHISE,Z,N
2425,14,7006,DESOTO,FUTURE VIRTUAL SCHOOL,Z,N
2425,14,7023,DESOTO,DESOTO VIRTUAL ACADEMY,Z,N
2425,14,9001,DESOTO,DESOTO DISTRICT OFFICE,Z,N
2425,14,9003,DESOTO,HOSPITAL AND HOMEBOUND,Z,N
2425,14,9045,DESOTO,CONTRACTED RESIDENTIAL SERVICES,Z,N
2425,14,9046,DESOTO,TEEN PARENT PK CHILD CARE PROGRAM,Z,N
2425,14,9112,DESOTO,THE ENVIRONMENTAL LEARNING CENTER,Z,N
2425,14,9113,DESOTO,DESOTO MIGRANT PROGRAM,Z,N
2425,14,9114,DESOTO,REDUCED SERVICES,Z,N
2425,14,9899,DESOTO,PRIVATE PK ESE,Z,N
2425,14,9997,DESOTO,MIGRANT NON-ENROLLED STUDENTS,Z,N
2425,14,9998,DESOTO,HOME EDUCATION PROGRAM STUDENTS,Z,N
2425,15,21,DIXIE,DIXIE COUNTY HIGH SCHOOL,Z,N
2425,15,22,DIXIE,DIXIE COUNTY ADULT CENTER,Z,N
2425,15,41,DIXIE,OLD TOWN ELEMENTARY SCHOOL,Z,Y
2425,15,43,DIXIE,KINDER CUB SCHOOL INC,R,Y
2425,15,101,DIXIE,JAMES M. ANDERSON ELEMENTARY SCHOOL,Z,Y
2425,15,111,DIXIE,RUTH RAINS MIDDLE SCHOOL,Z,Y
2425,15,3450,DIXIE,PERSONALIZED EDUCATION PROGRAM,Z,N
2425,15,3518,DIXIE,MCKAY SCHOLARSHIP/SCHOOL OF ENROLLMENT,Z,N
2425,15,3818,DIXIE,OPPORTUNITY SCHOLARSHIP/SCHOOL OF ENROLLMENT,Z,N
2425,15,3900,DIXIE,FAMILY EMPOWERMENT SCHOLARSHIP PROGRAM,Z,N
2425,15,7001,DIXIE,DIXIE VIRTUAL INSTRUCTION PROGRAM,Z,N
2425,15,7004,DIXIE,DIXIE VIRTUAL FRANCHISE,Z,N
2425,15,7006,DIXIE,DIXIE VIRTUAL INSTRUCTION (COURSE OFFERINGS),Z,N
2425,15,7023,DIXIE,DIXIE VIRTUAL INSTRUCTION PROGRAM,Z,N
2425,15,9001,DIXIE,DIXIE DISTRICT OFFICE,Z,N
2425,15,9045,DIXIE,CONTRACTED RESIDENTIAL SERVICES,Z,N
2425,15,9046,DIXIE,DIXIE TEEN PARENT PRESCHOOL,Z,N
2425,15,9997,DIXIE,MIGRANT NON-ENROLLED STUDENTS,Z,N
2425,15,9998,DIXIE,HOME EDUCATION PROGRAM STUDENTS,Z,N
2425,16,61,DUVAL,MATTIE V RUTHERFORD ALT ED CENTER,Z,Y
2425,16,81,DUVAL,J. ALLEN AXSON ELEMENTARY SCHOOL,Z,N
2425,16,101,DUVAL,LACKAWANNA ALTERNATIVE EDUCATION CENTER,Z,N
2425,16,111,DUVAL,BEULAH BEAL YOUNG PARENTS CENTER,Z,N
2425,16,112,DUVAL,SCHOOL FOR THE FUTURE,Z,N
2425,16,121,DUVAL,WEST RIVERSIDE ELEMENTARY SCHOOL,Z,Y
2425,16,131,DUVAL,LOLA M. CULVER ELEMENTARY SCHOOL,Z,N
2425,16,141,DUVAL,GRAND PARK CAREER CENTER,Z,Y
2425,16,151,DUVAL,BRENTWOOD ELEMENTARY SCHOOL,Z,N
2425,16,161,DUVAL,ORTEGA ELEMENTARY SCHOOL,Z,Y
2425,16,171,DUVAL,THE BRIDGE TO SUCCESS ACADEMY MIDDLE SCHOOL,Z,Y
2425,16,181,DUVAL,CENTRAL RIVERSIDE ELEMENTARY SCHOOL,Z,Y
2425,16,191,DUVAL,RUTH N. UPSON ELEMENTARY SCHOOL,Z,Y
2425,16,201,DUVAL,FISHWEIR ELEMENTARY SCHOOL,Z,N
2425,16,211,DUVAL,ANNIE R. MORGAN ELEMENTARY SCHOOL,Z,Y
2425,16,221,DUVAL,JOHN GORRIE JUNIOR HIGH SCHOOL,Z,N
2425,16,231,DUVAL,NORWOOD ELEMENTARY SCHOOL,Z,N
2425,16,241,DUVAL,CORINNE SCOTT ELEMENTARY SCHOOL,Z,N
2425,16,251,DUVAL,SPRINGFIELD MIDDLE SCHOOL,Z,Y
2425,16,261,DUVAL,ESE PRE KINDERGARTEN DISABILITIES CENTER,Z,N
2425,16,271,DUVAL,GRASP ACADEMY,Z,Y
2425,16,281,DUVAL,OAK HILL ACADEMY,Z,Y
2425,16,291,DUVAL,THE BRIDGE TO SUCCESS ACADEMY AT W JACKSONVILLE,Z,Y
2425,16,301,DUVAL,LORETTO ELEMENTARY SCHOOL,Z,N
2425,16,311,DUVAL,JULIA LANDON COLLEGE PREPARATORY & LEADERSHIP DEVELOPMENT SCHOOL,Z,N
2425,16,321,DUVAL,MARINE SCIENCE EDUCATION CENTER,Z,N
2425,16,331,DUVAL,RIVERSIDE HIGH SCHOOL,Z,Y
2425,16,351,DUVAL,ANDREW JACKSON HIGH SCHOOL,Z,Y
2425,16,371,DUVAL,HENRY F. KITE ELEMENTARY SCHOOL,Z,N
2425,16,381,DUVAL,BALDWIN MIDDLE-SENIOR HIGH SCHOOL,Z,Y
2425,16,391,DUVAL,GATEWAY COMMUNITY SERVICES,Z,Y
2425,16,401,DUVAL,JACKSONVILLE YOUTH CENTER,Z,N
2425,16,411,DUVAL,DUVAL ACADEMY,Z,N
2425,16,421,DUVAL,DUVAL START CENTER,Z,N
2425,16,431,DUVAL,IMPACT HALFWAY HOUSE,Z,N
2425,16,441,DUVAL,TIGER SUCCESS CENTER,Z,N
2425,16,451,DUVAL,DINSMORE ELEMENTARY SCHOOL,Z,Y
2425,16,461,DUVAL,ARLINGTON ELEMENTARY SCHOOL,Z,Y
2425,16,471,DUVAL,LONE STAR HIGH SCHOOL,R,Y
2425,16,481,DUVAL,THOMAS JEFFERSON ELEMENTARY,Z,Y
2425,16,491,DUVAL,DUVAL REGIONAL JUVENILE DETENTION CENTER,Z,Y
2425,16,501,DUVAL,CATAPULT ACADEMY,Z,N
2425,16,511,DUVAL,WHITEHOUSE ELEMENTARY SCHOOL,Z,Y
2425,16,521,DUVAL,HORIZON INSTITUTE,Z,N
2425,16,531,DUVAL,DUVAL MYCROSCHOOL OF INTEGRATED ACADEMICS AND TECHNOLOGIES,R,Y
2425,16,541,DUVAL,JAMES WELDON JOHNSON ACADEMIC AND CAREER TRAINING CENTER,Z,N
2425,16,571,DUVAL,WESCONNETT ELEMENTARY SCHOOL,Z,N
2425,16,581,DUVAL,R L BROWN GIFTED AND TALENTED ACADEMY,Z,Y
2425,16,591,DUVAL,GARDEN CITY ELEMENTARY SCHOOL,Z,Y
2425,16,601,DUVAL,KIPP VOICE ELEMENTARY SCHOOL,R,N
2425,16,611,DUVAL,OCEANWAY ELEMENTARY SCHOOL              (CHANGED TO #2701),Z,N
2425,16,621,DUVAL,OCEANWAY SCHOOL,Z,Y
2425,16,631,DUVAL,DUNCAN U. FLETCHER MIDDLE SCHOOL,Z,N
2425,16,641,DUVAL,HOGAN-SPRING GLEN ELEMENTARY SCHOOL,Z,Y
2425,16,651,DUVAL,ATLANTIC BEACH ELEMENTARY SCHOOL,Z,N
2425,16,661,DUVAL,ALFRED I. DUPONT MIDDLE SCHOOL,Z,Y
2425,16,681,DUVAL,VENETIA ELEMENTARY SCHOOL,Z,Y
2425,16,691,DUVAL,LAKE SHORE MIDDLE SCHOOL,Z,Y
2425,16,701,DUVAL,NORTH SHORE ELEMENTARY,Z,Y
2425,16,711,DUVAL,HENDRICKS AVENUE ELEMENTARY SCHOOL,Z,N
2425,16,721,DUVAL,SPRING PARK ELEMENTARY SCHOOL,Z,Y
2425,16,731,DUVAL,JOHN LOVE ELEMENTARY SCHOOL,Z,N
2425,16,734,DUVAL,JOHN LOVE EARLY LEARNING CENTER,Z,N
2425,16,741,DUVAL,LAKE FOREST ELEMENTARY SCHOOL,Z,N
2425,16,751,DUVAL,PAXON SCHOOL/ADVANCED STUDIES,Z,Y
2425,16,761,DUVAL,SOUTHSIDE ESTATES ELEMENTARY SCHOOL,Z,Y
2425,16,771,DUVAL,HYDE PARK ELEMENTARY SCHOOL,Z,Y
2425,16,781,DUVAL,BILTMORE ELEMENTARY SCHOOL,Z,Y
2425,16,791,DUVAL,RAMONA BOULEVARD ELEMENTARY SCHOOL,Z,Y
2425,16,801,DUVAL,SAN PABLO ELEMENTARY SCHOOL,Z,N
2425,16,811,DUVAL,PACE CENTER FOR GIRLS-JAX,Z,Y
2425,16,821,DUVAL,LOVE GROVE ELEMENTARY SCHOOL,Z,Y
2425,16,831,DUVAL,SAN JOSE ELEMENTARY SCHOOL,Z,Y
2425,16,841,DUVAL,BAYVIEW ELEMENTARY SCHOOL,Z,Y
2425,16,851,DUVAL,LAKE LUCINA ELEMENTARY SCHOOL,Z,Y
2425,16,861,DUVAL,TERRY PARKER HIGH SCHOOL,Z,Y
2425,16,871,DUVAL,ENGLEWOOD ELEMENTARY SCHOOL,Z,Y
2425,16,881,DUVAL,JOHN STOCKTON ELEMENTARY SCHOOL,Z,N
2425,16,891,DUVAL,WOODLAND ACRES ELEMENTARY SCHOOL,Z,Y
2425,16,901,DUVAL,ENGLEWOOD HIGH SCHOOL,Z,Y
2425,16,911,DUVAL,SALLYE B. MATHIS ELEMENTARY SCHOOL,Z,Y
2425,16,921,DUVAL,EUGENE BUTLER MIDDLE SCHOOL,Z,N
2425,16,931,DUVAL,PINEDALE ELEMENTARY SCHOOL,Z,Y
2425,16,941,DUVAL,WINDY HILL ELEMENTARY SCHOOL,Z,Y
2425,16,951,DUVAL,RUTLEDGE H. PEARSON ELEMENTARY SCHOOL,Z,Y
2425,16,961,DUVAL,JEAN RIBAULT HIGH SCHOOL,Z,Y
2425,16,971,DUVAL,CEDAR HILLS ELEMENTARY SCHOOL,Z,Y
2425,16,981,DUVAL,TIMUCUAN ELEMENTARY SCHOOL,Z,Y
2425,16,991,DUVAL,HIGHLANDS ESTATES ACADEMY,Z,Y
2425,16,1001,DUVAL,DANIEL PAYNE ACADEMY CHARTER,R,N
2425,16,1011,DUVAL,EMPOWERING YOUNG MINDS ACADEMY,R,N
2425,16,1021,DUVAL,SCHOOL OF SUCCESS ACADEMY-SOS,R,Y
2425,16,1031,DUVAL,KREATIVE KIDS ACADEMY,R,N
2425,16,1051,DUVAL,LEARNING ACADEMY OF DUVAL,R,N
2425,16,1061,DUVAL,LONG BRANCH ELEMENTARY SCHOOL,Z,Y
2425,16,1073,DUVAL,DOUGLAS ANDERSON SCHOOL OF THE ARTS,Z,N
2425,16,1081,DUVAL,PATTERSON ACADEMY FOR THE ARTS,R,N
2425,16,1091,DUVAL,HORIZONS UNLIMITED,R,N
2425,16,1111,DUVAL,IMPACT ACADEMY,R,N
2425,16,1121,DUVAL,DESTINY EDUCATIONAL ACADEMY,R,N
2425,16,1131,DUVAL,WAYMAN ACADEMY OF THE ARTS,R,Y
2425,16,1151,DUVAL,SCHOOL OF SUCCESS ACADEMY CHARTER HIGH SCHOOL,R,N
2425,16,1161,DUVAL,SADIE T. TILLIS ELEMENTARY SCHOOL,Z,Y
2425,16,1171,DUVAL,SOJOURNER TRUTH HIGH SCHOOL,R,N
2425,16,1181,DUVAL,"SCHOOL FOR ACCELERATED LEARNING AND TECHNOLOGIES, INC",R,N
2425,16,1191,DUVAL,PATHWAYS ACADEMY HIGH SCHOOL,R,N
2425,16,1201,DUVAL,RIVER CITY SCIENCE ACADEMY,R,Y
2425,16,1211,DUVAL,TIGER ACADEMY,R,Y
2425,16,1221,DUVAL,GLOBAL LEADERSHIP ACADEMY DISCOVERY,R,Y
2425,16,1231,DUVAL,DUVAL CHARTER SCHOLARS ACADEMY,R,Y
2425,16,1241,DUVAL,NORTHWESTERN LEGENDS ELEMENTARY,Z,Y
2425,16,1251,DUVAL,"SOMERSET ACADEMY-ELEMENTARY, EAGLE CAMPUS",R,Y
2425,16,1261,DUVAL,"SOMERSET ACADEMY-MIDDLE, EAGLE CAMPUS",R,Y
2425,16,1271,DUVAL,KIPP V.O.I.C.E ACADEMY,R,Y
2425,16,1281,DUVAL,SUSIE E. TOLBERT ELEMENTARY SCHOOL,Z,Y
2425,16,1291,DUVAL,RIVER CITY SCIENCE ELEMENTARY ACADEMY,R,N
2425,16,1311,DUVAL,DUVAL CHARTER HIGH SCHOOL AT BAYMEADOWS,R,N
2425,16,1321,DUVAL,DUVAL CHARTER AT BAYMEADOWS,R,N
2425,16,1331,DUVAL,WAVERLY ACADEMY,R,N
2425,16,1341,DUVAL,MURRAY HILL HIGH SCHOOL,R,N
2425,16,1371,DUVAL,SEACOAST CHARTER ACADEMY,R,Y
2425,16,1381,DUVAL,SOMERSET EAGLE HIGH SCHOOL,R,N
2425,16,1401,DUVAL,CHAFFEE TRAIL MIDDLE SCHOOL,Z,Y
2425,16,1411,DUVAL,J. ALLEN AXSON ELEMENTARY SCHOOL,Z,N
2425,16,1421,DUVAL,CHAFFEE TRAIL ELEMENTARY,Z,Y
2425,16,1431,DUVAL,WEST JACKSONVILLE ELEMENTARY SCHOOL,Z,N
2425,16,1441,DUVAL,JACKSONVILLE BEACH ELEMENTARY SCHOOL,Z,N
2425,16,1451,DUVAL,DARNELL COOKMAN MIDDLE/HIGH SCHOOL,Z,Y
2425,16,1461,DUVAL,MATTHEW W. GILBERT MIDDLE SCHOOL,Z,Y
2425,16,1481,DUVAL,RICHARD L. BROWN ELEMENTARY SCHOOL,Z,N
2425,16,1491,DUVAL,SMART POPE LIVINGSTON ELEMENTARY,Z,Y
2425,16,1501,DUVAL,NEW BERLIN ELEMENTARY SCHOOL,Z,N
2425,16,1521,DUVAL,JAMES WELDON JOHNSON COLLEGE PREPARATORY MIDDLE SCHOOL,Z,N
2425,16,1531,DUVAL,STANTON COLLEGE PREPARATORY,Z,N
2425,16,1542,DUVAL,JOHN E. FORD K-8 SCHOOL,Z,Y
2425,16,1551,DUVAL,NORTHWESTERN MIDDLE SCHOOL,Z,N
2425,16,1561,DUVAL,YOUNG MENS/WOMENS LEADERSHIP ACADEMY AT EUGENE J BUTLER,Z,Y
2425,16,1571,DUVAL,MARY MCLEOD BETHUNE ELEMENTARY SCHOOL,Z,N
2425,16,1581,DUVAL,GEORGE WASHINGTON CARVER ELEMENTARY,Z,Y
2425,16,1591,DUVAL,PINE FOREST ELEMENTARY SCHOOL,Z,N
2425,16,1601,DUVAL,WATERLEAF ELEMENTARY,Z,Y
2425,16,1611,DUVAL,BARTRAM SPRINGS ELEMENTARY,Z,N
2425,16,1621,DUVAL,R. V. DANIELS ELEMENTARY SCHOOL,Z,Y
2425,16,1631,DUVAL,RUFUS E. PAYNE ELEMENTARY SCHOOL,Z,Y
2425,16,1641,DUVAL,MT. HERMAN ESE CENTER,Z,Y
2425,16,1651,DUVAL,WILLIAM M. RAINES HIGH SCHOOL,Z,Y
2425,16,1661,DUVAL,CARTER G. WOODSON ELEMENTARY SCHOOL,Z,N
2425,16,1681,DUVAL,EUGENE J. BUTLER MIDDLE SCHOOL,Z,N
2425,16,1691,DUVAL,S. A. HULL ELEMENTARY SCHOOL,Z,Y
2425,16,1701,DUVAL,PALM AVENUE EXCEP. STUDENT CENTER,Z,Y
2425,16,1761,DUVAL,PRETRIAL DETENTION FACILITY,Z,N
2425,16,1801,DUVAL,MT. HERMAN EXCEPTIONAL STUDENT CENTER,Z,N
2425,16,1811,DUVAL,HOSPITAL AND HOMEBOUND,Z,N
2425,16,1821,DUVAL,YOUTH DEVELOPMENT CENTER,Z,N
2425,16,1831,DUVAL,ALL OF THE SAINTS MOUNT HERMAN CENTER,Z,N
2425,16,1841,DUVAL,COOPERATIVE EDUCATION,Z,N
2425,16,1851,DUVAL,AMIKIDS JACKSONVILLE,Z,N
2425,16,1861,DUVAL,JACKSONVILLE MARINE INSTITUTE/WEST,Z,N
2425,16,1961,DUVAL,DANIEL MEMORIAL SCHOOL,Z,N
2425,16,1971,DUVAL,EXCEP ED CHILD CONTRACTED SVCS,Z,N
2425,16,1981,DUVAL,TEEN PARENT SERVICE CENTER,Z,N
2425,16,2021,DUVAL,REYNOLDS LANE ELEMENTARY SCHOOL,Z,Y
2425,16,2031,DUVAL,KINGS TRAIL ELEMENTARY SCHOOL,Z,Y
2425,16,2041,DUVAL,NORMANDY ELEMENTARY SCHOOL,Z,N
2425,16,2051,DUVAL,PICKETT ELEMENTARY SCHOOL,Z,Y
2425,16,2061,DUVAL,BROOKVIEW ELEMENTARY SCHOOL,Z,Y
2425,16,2072,DUVAL,WESTSIDE MIDDLE SCHOOL,Z,Y
2425,16,2081,DUVAL,PARKWOOD HEIGHTS ELEMENTARY SCHOOL,Z,Y
2425,16,2091,DUVAL,HOLIDAY HILL ELEMENTARY SCHOOL,Z,Y
2425,16,2101,DUVAL,OAK HILL ELEMENTARY SCHOOL,Z,N
2425,16,2111,DUVAL,SOUTHSIDE MIDDLE SCHOOL,Z,Y
2425,16,2121,DUVAL,JEAN RIBAULT MIDDLE SCHOOL,Z,Y
2425,16,2131,DUVAL,ARLINGTON MIDDLE SCHOOL,Z,Y
2425,16,2141,DUVAL,HYDE GROVE ELEMENTARY SCHOOL,Z,Y
2425,16,2151,DUVAL,JUSTINA ROAD ELEMENTARY SCHOOL,Z,N
2425,16,2161,DUVAL,CHARGER ACADEMY,Z,N
2425,16,2171,DUVAL,DON BREWER ELEMENTARY SCHOOL,Z,Y
2425,16,2181,DUVAL,SAN MATEO ELEMENTARY SCHOOL,Z,N
2425,16,2191,DUVAL,JOSEPH STILWELL MIDDLE SCHOOL,Z,Y
2425,16,2201,DUVAL,"MARTIN LUTHER KING, JR ELEMENTARY SCHOOL",Z,N
2425,16,2211,DUVAL,NORMANDY VILLAGE ELEMENTARY SCHOOL,Z,Y
2425,16,2221,DUVAL,GREENFIELD ELEMENTARY SCHOOL,Z,Y
2425,16,2231,DUVAL,DUNCAN U. FLETCHER HIGH SCHOOL,Z,N
2425,16,2241,DUVAL,SAMUEL W. WOLFSON HIGH SCHOOL,Z,N
2425,16,2251,DUVAL,SEABREEZE ELEMENTARY SCHOOL,Z,N
2425,16,2261,DUVAL,CRYSTAL SPRINGS ELEMENTARY SCHOOL,Z,Y
2425,16,2271,DUVAL,MAYPORT ELEMENTARY SCHOOL,Z,N
2425,16,2281,DUVAL,MERRILL ROAD ELEMENTARY SCHOOL,Z,Y
2425,16,2291,DUVAL,JACKSONVILLE HEIGHTS ELEMENTARY SCHOOL,Z,Y
2425,16,2301,DUVAL,BEAUCLERC ELEMENTARY SCHOOL,Z,Y
2425,16,2311,DUVAL,KERNAN TRAIL ELEMENTARY SCHOOL,Z,N
2425,16,2321,DUVAL,CHIMNEY LAKES ELEMENTARY SCHOOL,Z,Y
2425,16,2331,DUVAL,LONE STAR ELEMENTARY SCHOOL,Z,Y
2425,16,2341,DUVAL,HIDDEN OAKS ELEMENTARY SCHOOL,Z,Y
2425,16,2351,DUVAL,FORT CAROLINE ELEMENTARY SCHOOL,Z,Y
2425,16,2361,DUVAL,MAMIE AGNES JONES ELEMENTARY SCHOOL,Z,Y
2425,16,2371,DUVAL,SANDALWOOD HIGH SCHOOL,Z,Y
2425,16,2381,DUVAL,FORT CAROLINE MIDDLE SCHOOL,Z,Y
2425,16,2391,DUVAL,SABAL PALM ELEMENTARY SCHOOL,Z,N
2425,16,2401,DUVAL,ARLINGTON HEIGHTS ELEMENTARY SCHOOL,Z,Y
2425,16,2411,DUVAL,WESTSIDE HIGH SCHOOL,Z,Y
2425,16,2421,DUVAL,LOUIS S. SHEFFIELD ELEMENTARY SCHOOL,Z,N
2425,16,2431,DUVAL,GREGORY DRIVE ELEMENTARY SCHOOL,Z,Y
2425,16,2441,DUVAL,HIGHLANDS MIDDLE SCHOOL,Z,Y
2425,16,2451,DUVAL,CROWN POINT ELEMENTARY SCHOOL,Z,Y
2425,16,2461,DUVAL,NEPTUNE BEACH ELEMENTARY SCHOOL,Z,N
2425,16,2471,DUVAL,ANCHOR ACADEMY,Z,N
2425,16,2481,DUVAL,EDWARD H. WHITE HIGH SCHOOL,Z,Y
2425,16,2491,DUVAL,GREENLAND PINES ELEMENTARY SCHOOL,Z,N
2425,16,2501,DUVAL,PINE ESTATES ELEMENTARY SCHOOL,Z,N
2425,16,2511,DUVAL,TWIN LAKES ACADEMY ELEMENTARY SCHOOL,Z,Y
2425,16,2521,DUVAL,ALDEN ROAD EXCEP. STUDENT CENTER,Z,Y
2425,16,2531,DUVAL,TWIN LAKES ACADEMY MIDDLE SCHOOL,Z,Y
2425,16,2541,DUVAL,MAYPORT COASTAL SCIENCE MIDDLE SCHOOL,Z,N
2425,16,2551,DUVAL,ENTERPRISE LEARNING ACADEMY,Z,Y
2425,16,2561,DUVAL,LANDMARK MIDDLE SCHOOL,Z,Y
2425,16,2571,DUVAL,ALIMACANI ELEMENTARY SCHOOL,Z,N
2425,16,2581,DUVAL,MANDARIN OAKS ELEMENTARY SCHOOL,Z,N
2425,16,2591,DUVAL,MANDARIN MIDDLE SCHOOL,Z,N
2425,16,2601,DUVAL,MANDARIN HIGH SCHOOL,Z,N
2425,16,2621,DUVAL,ANDREW A. ROBINSON ELEMENTARY SCHOOL,Z,Y
2425,16,2631,DUVAL,ABESS PARK ELEMENTARY SCHOOL,Z,Y
2425,16,2641,DUVAL,CHET'S CREEK ELEMENTARY SCHOOL,Z,N
2425,16,2651,DUVAL,FIRST COAST HIGH SCHOOL,Z,Y
2425,16,2661,DUVAL,BANK OF AMERICA LEARNING ACADEMY,Z,N
2425,16,2671,DUVAL,LAVILLA SCHOOL OF THE ARTS,Z,N
2425,16,2681,DUVAL,ATLANTIC COAST HIGH SCHOOL,Z,Y
2425,16,2691,DUVAL,BISCAYNE ELEMENTARY SCHOOL,Z,Y
2425,16,2701,DUVAL,OCEANWAY ELEMENTARY SCHOOL,Z,Y
2425,16,2741,DUVAL,WESTVIEW K-8,Z,Y
2425,16,2751,DUVAL,SOUTHSIDE SKILLS CENTER,Z,N
2425,16,2791,DUVAL,KERNAN MIDDLE SCHOOL,Z,N
2425,16,2801,DUVAL,FRANK H. PETERSON ACADEMIES,Z,Y
2425,16,2851,DUVAL,A. PHILIP RANDOLPH ACADEMIES,Z,Y
2425,16,3450,DUVAL,PERSONALIZED EDUCATION PROGRAM,Z,N
2425,16,3518,DUVAL,MCKAY SCHOLARSHIP/SCHOOL OF ENROLLMENT,Z,N
2425,16,3818,DUVAL,OPPORTUNITY SCHOLARSHIP/SCHOOL OF ENROLLMENT,Z,N
2425,16,3900,DUVAL,FAMILY EMPOWERMENT SCHOLARSHIP PROGRAM,Z,N
2425,16,5351,DUVAL,ACCLAIM ACADEMY CHARTER SCHOOL DUVAL CENTER,R,N
2425,16,5371,DUVAL,FLORIDA CYBER CHARTER ACADEMY,R,N
2425,16,5381,DUVAL,SAN JOSE PREP,R,Y
2425,16,5391,DUVAL,SAN JOSE ACADEMY,R,N
2425,16,5401,DUVAL,SEASIDE COMMUNITY CHARTER SCHOOL,R,N
2425,16,5411,DUVAL,DUVAL CHARTER SCHOOL AT WESTSIDE,R,Y
2425,16,5421,DUVAL,BISCAYNE HIGH SCHOOL,R,Y
2425,16,5441,DUVAL,RIVER CITY SCIENCE ACADEMY INNOVATION SCHOOL,R,N
2425,16,5481,DUVAL,SCHOLAR PREPARATORY ACADEMY,R,N
2425,16,5501,DUVAL,SOMERSET PREPARATORY ACADEMY,R,N
2425,16,5511,DUVAL,DUVAL CHARTER SCHOOL AT MANDARIN,R,N
2425,16,5531,DUVAL,VALOR ACADEMY OF LEADERSHIP MIDDLE SCHOOL,R,N
2425,16,5541,DUVAL,VALOR ACADEMY OF LEADERSHIP-HIGH SCHOOL,R,N
2425,16,5551,DUVAL,DUVAL CHARTER SCHOOL AT SOUTHSIDE,R,N
2425,16,5561,DUVAL,VIRTUE ARTS AND SCIENCE MIDDLE SCHOOL,R,N
2425,16,5571,DUVAL,VIRTUE ARTS AND SCIENCE HIGH SCHOOL,R,N
2425,16,5581,DUVAL,KIPP JACKSONVILLE K-8,R,N
2425,16,5591,DUVAL,DUVAL CHARTER SCHOOL AT FLAGLER CENTER,R,N
2425,16,5601,DUVAL,RIVER CITY SCIENCE ACADEMY AT MANDARIN,R,N
2425,16,5611,DUVAL,BRIDGEPREP ACADEMY,R,Y
2425,16,5621,DUVAL,DUVAL CHARTER SCHOOL AT COASTAL,R,N
2425,16,5631,DUVAL,SEASIDE CHARTER K-8 SCHOOL,R,N
2425,16,5641,DUVAL,RIVER CITY SCIENCE ACADEMY SOUTHEAST,R,N
2425,16,5671,DUVAL,GREAT HEARTS JACKSONVILLE,R,N
2425,16,5711,DUVAL,SEASIDE CHARTER NORTH CAMPUS,R,N
2425,16,5731,DUVAL,GLOBAL LEADERSHIP ACADEMY HIGH SCHOOL,R,Y
2425,16,5761,DUVAL,SAN JOSE PRIMARY SCHOOL,R,N
2425,16,5791,DUVAL,SEVENTH GENERATION CLASSICAL ACADEMY AT MANDARIN,R,N
2425,16,5801,DUVAL,CORNERSTONE CLASSICAL ACADEMY,R,N
2425,16,5831,DUVAL,JACKSONVILLE CLASSICAL ACADEMY,R,N
2425,16,5841,DUVAL,RIVER CITY SCIENCE ACADEMY INTRACOASTAL,R,N
2425,16,5861,DUVAL,SAN JOSE EARLY COLLEGE AT CECIL,R,N
2425,16,5871,DUVAL,BECOMING COLLEGIATE ACADEMY,R,Y
2425,16,5881,DUVAL,SAN JOSE CYBER,R,N
2425,16,5901,DUVAL,KIPP JACKSONVILLE K-12,R,Y
2425,16,5931,DUVAL,IDEA BASSETT,R,N
2425,16,5951,DUVAL,IDEA RIVER BLUFF,R,N
2425,16,5961,DUVAL,JACKSONVILLE CLASSICAL ACADEMY EAST,R,Y
2425,16,5971,DUVAL,GLOBAL LEADERSHIP ACADEMY INTERCOASTAL,R,N
2425,16,5981,DUVAL,KIPP IMPACT ACADEMY,R,Y
2425,16,5991,DUVAL,GLOBAL LEADERSHIP ACADEMY ARTS,R,N
2425,16,7001,DUVAL,DUVAL VIRTUAL INSTRUCTION PROGRAM,Z,N
2425,16,7004,DUVAL,DUVAL VIRTUAL ACADEMY FRANCHISE,Z,N
2425,16,7006,DUVAL,DUVAL VIRTUAL INSTRUCTION (COURSE OFFERINGS),Z,N
2425,16,7023,DUVAL,DUVAL VIRTUAL INSTRUCTION ACADEMY,Z,N
2425,16,9001,DUVAL,DUVAL DISTRICT OFFICE,Z,N
2425,16,9045,DUVAL,CONTRACTED RESIDENTIAL SERVICES,Z,N
2425,16,9100,DUVAL,HUMAN RESOURCES,Z,N
2425,16,9997,DUVAL,MIGRANT NON-ENROLLED STUDENTS,Z,N
2425,16,9998,DUVAL,HOME EDUCATION PROGRAM STUDENTS,Z,N
2425,17,21,ESCAMBIA,HELLEN CARO ELEMENTARY SCHOOL,Z,N
2425,17,31,ESCAMBIA,JIM ALLEN ELEMENTARY SCHOOL,Z,Y
2425,17,41,ESCAMBIA,BARRINEAU PARK ELEMENTARY SCHOOL,Z,N
2425,17,51,ESCAMBIA,BELLVIEW ELEMENTARY SCHOOL,Z,Y
2425,17,61,ESCAMBIA,BELLVIEW MIDDLE SCHOOL,Z,Y
2425,17,71,ESCAMBIA,E SEAL CENTER,Z,N
2425,17,101,ESCAMBIA,BRATT ELEMENTARY SCHOOL,Z,Y
2425,17,111,ESCAMBIA,BRENTWOOD ELEMENTARY SCHOOL,Z,Y
2425,17,121,ESCAMBIA,BRENTWOOD MIDDLE SCHOOL,Z,N
2425,17,151,ESCAMBIA,BROWNSVILLE MIDDLE SCHOOL,Z,N
2425,17,161,ESCAMBIA,BYRNEVILLE ELEMENTARY SCHOOL,Z,N
2425,17,171,ESCAMBIA,GEORGE W. CARVER MIDDLE SCHOOL,Z,N
2425,17,172,ESCAMBIA,CARVER - CENTURY K-8 SCHOOL,Z,N
2425,17,177,ESCAMBIA,CENTURY ADULT,Z,N
2425,17,181,ESCAMBIA,CENTURY ELEMENTARY SCHOOL,Z,N
2425,17,191,ESCAMBIA,N. B. COOK ELEMENTARY SCHOOL,Z,Y
2425,17,206,ESCAMBIA,PACE CENTER FOR GIRLS/ESCAMBIA-SANTA ROSA,Z,N
2425,17,211,ESCAMBIA,ACHIEVE ACADEMY AT MCMILLIAN,Z,Y
2425,17,221,ESCAMBIA,RANSOM MIDDLE SCHOOL,Z,Y
2425,17,231,ESCAMBIA,CORDOVA PARK ELEMENTARY SCHOOL,Z,N
2425,17,251,ESCAMBIA,EDGEWATER ELEMENTARY SCHOOL,Z,N
2425,17,271,ESCAMBIA,ENSLEY ELEMENTARY SCHOOL,Z,Y
2425,17,281,ESCAMBIA,ESCAMBIA HIGH SCHOOL,Z,Y
2425,17,287,ESCAMBIA,ESCAMBIA ADULT,Z,N
2425,17,291,ESCAMBIA,FERRY PASS ELEMENTARY SCHOOL,Z,Y
2425,17,301,ESCAMBIA,FERRY PASS MIDDLE SCHOOL,Z,Y
2425,17,311,ESCAMBIA,GEORGE S. HALLMARK ELEMENTARY,Z,N
2425,17,341,ESCAMBIA,PATS PROGRAM,Z,N
2425,17,351,ESCAMBIA,MOLINO PARK ELEMENTARY,Z,N
2425,17,361,ESCAMBIA,MONTCLAIR ELEMENTARY SCHOOL,Z,Y
2425,17,371,ESCAMBIA,MYRTLE GROVE ELEMENTARY SCHOOL,Z,Y
2425,17,381,ESCAMBIA,NAVY POINT ELEMENTARY SCHOOL,Z,Y
2425,17,391,ESCAMBIA,OAKCREST ELEMENTARY SCHOOL,Z,Y
2425,17,401,ESCAMBIA,ESCAMBIA COUNTY ACCELERATION ACADEMY,Z,Y
2425,17,411,ESCAMBIA,PENSACOLA HIGH SCHOOL,Z,Y
2425,17,417,ESCAMBIA,PENSACOLA ADULT,Z,N
2425,17,441,ESCAMBIA,PINE MEADOW ELEMENTARY SCHOOL,Z,Y
2425,17,451,ESCAMBIA,PLEASANT GROVE ELEMENTARY SCHOOL,Z,Y
2425,17,461,ESCAMBIA,SCENIC HEIGHTS ELEMENTARY SCHOOL,Z,Y
2425,17,471,ESCAMBIA,O. J. SEMMES ELEMENTARY SCHOOL,Z,Y
2425,17,491,ESCAMBIA,SHERWOOD ELEMENTARY SCHOOL,Z,Y
2425,17,501,ESCAMBIA,A. K. SUTER ELEMENTARY SCHOOL,Z,Y
2425,17,521,ESCAMBIA,J. M. TATE SENIOR HIGH SCHOOL,Z,N
2425,17,527,ESCAMBIA,J. M. TATE ADULT SCHOOL,Z,N
2425,17,541,ESCAMBIA,ERNEST WARD MIDDLE SCHOOL,Z,Y
2425,17,547,ESCAMBIA,ERNEST WARD ADULT,Z,N
2425,17,551,ESCAMBIA,WARRINGTON ELEMENTARY SCHOOL,Z,Y
2425,17,561,ESCAMBIA,WARRINGTON PREPARATORY ACADEMY,C,Y
2425,17,571,ESCAMBIA,C. A. WEIS ELEMENTARY SCHOOL,Z,N
2425,17,572,ESCAMBIA,C. A. WEIS ELEMENTARY SCHOOL,Z,Y
2425,17,581,ESCAMBIA,WEST PENSACOLA ELEMENTARY SCHOOL,Z,Y
2425,17,591,ESCAMBIA,WEDGEWOOD MIDDLE SCHOOL,Z,N
2425,17,601,ESCAMBIA,J. H. WORKMAN MIDDLE SCHOOL,Z,Y
2425,17,602,ESCAMBIA,REINHARDT HOLM ELEMENTARY SCHOOL,Z,Y
2425,17,611,ESCAMBIA,ALLIE YNIESTRA ELEMENTARY SCHOOL,Z,N
2425,17,621,ESCAMBIA,PETREE PRE-K,Z,N
2425,17,631,ESCAMBIA,TAP PK BABIES,Z,N
2425,17,651,ESCAMBIA,JUDY ANDREWS PRE-K,Z,N
2425,17,661,ESCAMBIA,SPENCER BIBBS ELEMENTARY SCHOOL,Z,N
2425,17,671,ESCAMBIA,BROWN BARGE MIDDLE SCHOOL,Z,N
2425,17,681,ESCAMBIA,GEORGE W. CARVER MIDDLE SCHOOL,Z,N
2425,17,711,ESCAMBIA,A. A. DIXON ELEMENTARY SCHOOL,Z,N
2425,17,741,ESCAMBIA,MCMILLIAN LEARNING CENTER,Z,N
2425,17,771,ESCAMBIA,LINCOLN PARK ELEMENTARY SCHOOL,Z,Y
2425,17,791,ESCAMBIA,SID NELSON COMMUNITY LEARNING,Z,N
2425,17,851,ESCAMBIA,W. J. WOODHAM HIGH SCHOOL,Z,N
2425,17,852,ESCAMBIA,WOODHAM MIDDLE SCHOOL,Z,N
2425,17,857,ESCAMBIA,W. J. WOODHAM ADULT,Z,N
2425,17,861,ESCAMBIA,GEORGE STONE TECHNICAL COLLEGE,Z,N
2425,17,862,ESCAMBIA,PINE FOREST HIGH SCHOOL,Z,Y
2425,17,863,ESCAMBIA,LONGLEAF ELEMENTARY SCHOOL,Z,Y
2425,17,866,ESCAMBIA,SUCCESS ACADEMY,Z,Y
2425,17,867,ESCAMBIA,PINE FOREST ADULT,Z,N
2425,17,916,ESCAMBIA,ESCAMBIA JUVENILE DETENTION,Z,Y
2425,17,921,ESCAMBIA,L. D. MCARTHUR ELEMENTARY SCHOOL,Z,Y
2425,17,922,ESCAMBIA,ESCAMBIA WESTGATE CENTER,Z,Y
2425,17,924,ESCAMBIA,HOPE HORIZON AT JUDY ANDREWS CENTER,Z,Y
2425,17,931,ESCAMBIA,PENSACOLA BEACH ELEMENTARY SCHOOL,Z,N
2425,17,933,ESCAMBIA,HOSPITAL & HOMEBOUND,Z,N
2425,17,941,ESCAMBIA,BEULAH ELEMENTARY SCHOOL,Z,Y
2425,17,951,ESCAMBIA,WASHINGTON SENIOR HIGH SCHOOL,Z,Y
2425,17,957,ESCAMBIA,WASHINGTON ADULT,Z,N
2425,17,961,ESCAMBIA,ESCAMBIA BOYS' BASE,Z,N
2425,17,962,ESCAMBIA,COUNTY ADMINISTRATIVE ANNEX,Z,N
2425,17,1201,ESCAMBIA,R. C. LIPSCOMB ELEMENTARY SCHOOL,Z,Y
2425,17,1211,ESCAMBIA,ENVIRONMENTAL CENTER,Z,N
2425,17,1221,ESCAMBIA,JIM C. BAILEY MIDDLE SCHOOL,Z,Y
2425,17,1231,ESCAMBIA,NORTHVIEW HIGH SCHOOL,Z,Y
2425,17,1241,ESCAMBIA,BLUE ANGELS ELEMENTARY SCHOOL,Z,Y
2425,17,1251,ESCAMBIA,WEST FLORIDA HIGH SCHOOL/TECHNICAL,Z,N
2425,17,1261,ESCAMBIA,MOLINO PARK ELEMENTARY,Z,Y
2425,17,1271,ESCAMBIA,O.A.S.I.S HIGH SCHOOL PREPARATORY ACADEMY,Z,N
2425,17,1281,ESCAMBIA,GLOBAL LEARNING ACADEMY,Z,Y
2425,17,1291,ESCAMBIA,BEULAH MIDDLE SCHOOL,Z,Y
2425,17,1311,ESCAMBIA,KINGSFIELD ELEMENTARY SCHOOL,Z,N
2425,17,2019,ESCAMBIA,AMIKIDS,Z,N
2425,17,2032,ESCAMBIA,REDIRECTIONS,Z,N
2425,17,2033,ESCAMBIA,MOVING FORWARD,Z,N
2425,17,2034,ESCAMBIA,PACE PROGRAM,Z,Y
2425,17,2035,ESCAMBIA,LUTHERAN MINISTRIES,Z,N
2425,17,2036,ESCAMBIA,LAKEVIEW DROPOUT PREVENTION,Z,N
2425,17,2037,ESCAMBIA,BIG BAYOU ASSOCIATION,Z,N
2425,17,2066,ESCAMBIA,ALTACARE OF PENSACOLA,Z,N
2425,17,2067,ESCAMBIA,ESCAMBIA SCH. DIST. JAIL PROG.,Z,Y
2425,17,2068,ESCAMBIA,OLD HOMETOWN                              (INACTIVE 10/02),Z,N
2425,17,2081,ESCAMBIA,ESCAMBIA CHARTER SCHOOL,R,N
2425,17,2083,ESCAMBIA,ESCAMBIA RIVER OUTWARD BOUND,Z,N
2425,17,2086,ESCAMBIA,STARS PROGRAM,Z,N
2425,17,2093,ESCAMBIA,BEULAH ACADEMY OF SCIENCE,R,N
2425,17,2096,ESCAMBIA,GULF COAST HIGH SCHOOL,R,N
2425,17,2101,ESCAMBIA,RUBY J. GAINER CHARTER SCHOOL,R,N
2425,17,2102,ESCAMBIA,PENSACOLA STATE CHARTER ACADEMY,R,N
2425,17,2104,ESCAMBIA,JACKIE HARRIS PREPARATORY ACADEMY,R,Y
2425,17,2106,ESCAMBIA,"BYRNEVILLE ELEMENTARY SCHOOL, INC.",C,Y
2425,17,2107,ESCAMBIA,DIXON CHARTER SCHOOL                            (INACTIVE 09/02),C,N
2425,17,2108,ESCAMBIA,"PENSACOLA BEACH ELEMENTARY SCHOOL, INC",R,N
2425,17,2121,ESCAMBIA,CAPSTONE ACADEMY,R,N
2425,17,2122,ESCAMBIA,LIFE SKILLS CENTER,R,N
2425,17,2123,ESCAMBIA,A.A. DIXON CHARTER SCHOOL OF EXCELLENCE,R,N
2425,17,2124,ESCAMBIA,NEWPOINT ACADEMY,R,N
2425,17,2141,ESCAMBIA,NEWPOINT PENSACOLA,R,N
2425,17,2151,ESCAMBIA,FIVE FLAGS ACADEMY,R,N
2425,17,3450,ESCAMBIA,PERSONALIZED EDUCATION PROGRAM,Z,N
2425,17,3518,ESCAMBIA,MCKAY SCHOLARSHIP/SCHOOL OF ENROLLMENT,Z,N
2425,17,3818,ESCAMBIA,OPPORTUNITY SCHOLARSHIP/SCHOOL OF ENROLLMENT,Z,N
2425,17,3900,ESCAMBIA,FAMILY EMPOWERMENT SCHOLARSHIP PROGRAM,Z,N
2425,17,7001,ESCAMBIA,ESCAMBIA VIRTUAL INSTRUCTION PROGRAM,Z,N
2425,17,7004,ESCAMBIA,ESCAMBIA VIRTUAL ACADEMY FRANCHISE,Z,N
2425,17,7006,ESCAMBIA,ESCAMBIA VIRTUAL INSTRUCTION (COURSE OFFERINGS),Z,N
2425,17,7023,ESCAMBIA,ESCAMBIA VIRTUAL INSTRUCTIONAL PROGRAM (DISTRICT PROVIDED),Z,N
2425,17,9001,ESCAMBIA,ESCAMBIA DISTRICT OFFICE,Z,N
2425,17,9045,ESCAMBIA,CONTRACTED RESIDENTIAL SERVICES,Z,N
2425,17,9995,ESCAMBIA,"TITLE 1 PART A, PRIVATE SCHOOL STUDENTS",Z,N
2425,17,9997,ESCAMBIA,MIGRANT NON-ENROLLED STUDENTS,Z,N
2425,17,9998,ESCAMBIA,HOME EDUC PROGRAM STUDENTS,Z,N
2425,18,9,FLAGLER,DEVEREUX SCHOOL,Z,N
2425,18,10,FLAGLER,MIGRANT,Z,N
2425,18,11,FLAGLER,BUDDY TAYLOR MIDDLE SCHOOL,Z,Y
2425,18,12,FLAGLER,INFINITY SCHOOL,Z,N
2425,18,14,FLAGLER,EVEREST ALTERNATIVE,Z,N
2425,18,22,FLAGLER,BUNNELL ELEMENTARY SCHOOL,Z,Y
2425,18,31,FLAGLER,CORNERSTONE ELEMENTARY SCHOOL,R,N
2425,18,32,FLAGLER,SUMMIT ACADEMY,R,N
2425,18,33,FLAGLER,HERITAGE ACADEMY PK-12,R,N
2425,18,51,FLAGLER,RYMFIRE ELEMENTARY SCHOOL,Z,Y
2425,18,61,FLAGLER,IMAGINE SCHOOL AT TOWN CENTER,R,N
2425,18,70,FLAGLER,PALM HARBOR ACADEMY,R,N
2425,18,80,FLAGLER,GLOBAL OUTREACH CHARTER ACADEMY OF PALM COAST,R,N
2425,18,90,FLAGLER,MATANZAS HIGH SCHOOL,Z,N
2425,18,91,FLAGLER,FLAGLER-PALM COAST HIGH SCHOOL,Z,N
2425,18,92,FLAGLER,FLAGLER TECHNICAL COLLEGE,Z,N
2425,18,131,FLAGLER,LEWIS E. WADSWORTH ELEMENTARY,Z,Y
2425,18,201,FLAGLER,OLD KINGS ELEMENTARY SCHOOL,Z,N
2425,18,301,FLAGLER,BELLE TERRE ELEMENTARY SCHOOL,Z,Y
2425,18,401,FLAGLER,INDIAN TRAILS MIDDLE SCHOOL,Z,N
2425,18,501,FLAGLER,PHOENIX ACADEMY,Z,N
2425,18,3450,FLAGLER,PERSONALIZED EDUCATION PROGRAM,Z,N
2425,18,3518,FLAGLER,MCKAY SCHOLARSHIP/SCHOOL OF ENROLLMENT,Z,N
2425,18,3818,FLAGLER,OPPORTUNITY SCHOLARSHIP/SCHOOL OF ENROLLMENT,Z,N
2425,18,3900,FLAGLER,FAMILY EMPOWERMENT SCHOLARSHIP PROGRAM,Z,N
2425,18,7001,FLAGLER,FLAGLER VIRTUAL INSTRUCTION PROGRAM,Z,N
2425,18,7004,FLAGLER,IFLAGLER-VIRTUAL FRANCHISE,Z,N
2425,18,7006,FLAGLER,FLAGLER VIRTUAL INSTRUCTION(COURSE OFFERINGS),Z,N
2425,18,7023,FLAGLER,FLAGLER VIRTUAL INSTRUCTION KG-5,Z,N
2425,18,7821,FLAGLER,ADVANCED TECHNOLOGY CENTER,Z,N
2425,18,9001,FLAGLER,FLAGLER DISTRICT OFFICE,Z,N
2425,18,9045,FLAGLER,CONTRACTED RESIDENTIAL SERVICES,Z,N
2425,18,9800,FLAGLER,MIGRANT STUDENTS-NOT ENROLLED,Z,N
2425,18,9997,FLAGLER,MIGRANT NON-ENROLLED STUDENTS,Z,N
2425,18,9998,FLAGLER,HOME EDUCATION PROGRAM STUDENTS,Z,N
2425,19,21,FRANKLIN,FRANKLIN COUNTY ELEMENTARY AND MIDDLE SCHOOL,Z,N
2425,19,22,FRANKLIN,FRANKLIN COUNTY LEARNING CENTER (ADULT DIVISON),Z,N
2425,19,23,FRANKLIN,FRANKLIN COUNTY LEARNING CENTER,Z,N
2425,19,41,FRANKLIN,APALACHICOLA HIGH SCHOOL,Z,N
2425,19,91,FRANKLIN,FRANKLIN COUNTY SCHOOL,Z,Y
2425,19,101,FRANKLIN,FRANKLIN COUNTY LEARNING CENTER,Z,Y
2425,19,125,FRANKLIN,INNER HARBOUR JUVENILE JUSTICE FACILITY - FRANKLIN COUNTY,Z,N
2425,19,3450,FRANKLIN,PERSONALIZED EDUCATION PROGRAM,Z,N
2425,19,3518,FRANKLIN,MCKAY SCHOLARSHIP/SCHOOL OF ENROLLMENT,Z,N
2425,19,3818,FRANKLIN,OPPORTUNITY SCHOLARSHIP/SCHOOL OF ENROLLMENT,Z,N
2425,19,3900,FRANKLIN,FAMILY EMPOWERMENT SCHOLARSHIP PROGRAM,Z,N
2425,19,7001,FRANKLIN,FRANKLIN VIRTUAL INSTRUCTION PROGRAM,Z,N
2425,19,7004,FRANKLIN,FRANKLIN VIRTUAL FRANCHISE-PAEC FLVS,Z,N
2425,19,7006,FRANKLIN,FRANKLIN DISTRICT VIRTUAL COURSE PROGRAM,Z,N
2425,19,7023,FRANKLIN,FRANKLIN VIRTUAL INSTRUCTION PROGRAM,Z,N
2425,19,9001,FRANKLIN,FRANKLIN DISTRICT OFFICE,Z,N
2425,19,9009,FRANKLIN,APALACHICOLA BAY CHARTER SCHOOL,R,Y
2425,19,9045,FRANKLIN,CONTRACTED RESIDENTIAL SERVICES,Z,N
2425,19,9997,FRANKLIN,MIGRANT NON-ENROLLED STUDENTS,Z,N
2425,19,9998,FRANKLIN,HOME EDUCATION PROGRAM STUDENTS,Z,N
2425,20,21,GADSDEN,CHATTAHOOCHEE HIGH SCHOOL,Z,N
2425,20,31,GADSDEN,"MIDWAY MAGNET CENTER, CLOSED 02-03, SEE #0101",Z,N
2425,20,41,GADSDEN,GEORGE W. MUNROE ELEMENTARY SCHOOL,Z,Y
2425,20,51,GADSDEN,GADSDEN COUNTY HIGH SCHOOL,Z,Y
2425,20,52,GADSDEN,WEST GADSDEN MIDDLE SCHOOL,Z,Y
2425,20,61,GADSDEN,HAVANA MIDDLE SCHOOL,Z,N
2425,20,71,GADSDEN,EAST GADSDEN HIGH SCHOOL,Z,N
2425,20,81,GADSDEN,HAVANA NORTHSIDE HIGH SCHOOL (SCHOOL CLOSED 2002-03),Z,N
2425,20,91,GADSDEN,HAVANA MAGNET SCHOOL,Z,Y
2425,20,101,GADSDEN,GADSDEN ELEMENTARY MAGNET SCHOOL,Z,Y
2425,20,141,GADSDEN,GREENSBORO ELEMENTARY SCHOOL,Z,Y
2425,20,151,GADSDEN,CHATTAHOOCHEE ELEMENTARY SCHOOL,Z,Y
2425,20,171,GADSDEN,GRETNA ELEMENTARY SCHOOL,Z,N
2425,20,191,GADSDEN,ST. JOHNS ELEMENTARY SCHOOL,Z,N
2425,20,201,GADSDEN,STEWART STREET ELEMENTARY SCHOOL,Z,Y
2425,20,211,GADSDEN,JAMES A. SHANKS MIDDLE SCHOOL,Z,Y
2425,20,212,GADSDEN,GADSDEN ADULT & COMMUNITY EDUCATION CENTER,Z,N
2425,20,231,GADSDEN,CARTER PARRAMORE ACADEMY,Z,Y
2425,20,241,GADSDEN,FLORIDA STATE HOSPITAL,Z,N
2425,20,245,GADSDEN,GADSDEN TECHNICAL COLLEGE,Z,N
2425,20,3450,GADSDEN,PERSONALIZED EDUCATION PROGRAM,Z,N
2425,20,3518,GADSDEN,MCKAY SCHOLARSHIP/SCHOOL OF ENROLLMENT,Z,N
2425,20,3818,GADSDEN,OPPORTUNITY SCHOLARSHIP/SCHOOL OF ENROLLMENT,Z,N
2425,20,3900,GADSDEN,FAMILY EMPOWERMENT SCHOLARSHIP PROGRAM,Z,N
2425,20,7001,GADSDEN,GADSDEN VIRTUAL INSTRUCTION PROGRAM,Z,N
2425,20,7004,GADSDEN,GADSDEN VIRTUAL FRANCHISE,Z,N
2425,20,7006,GADSDEN,FUTURE VIRTUAL SCHOOL,Z,N
2425,20,7023,GADSDEN,FUTURE VIRTUAL SCHOOL,Z,N
2425,20,8016,GADSDEN,BOLD STEP INFANT CARE,Z,N
2425,20,9001,GADSDEN,GADSDEN DISTRICT OFFICE,Z,N
2425,20,9009,GADSDEN,DIAMOND ACADEMY PROGRAM,Z,N
2425,20,9026,GADSDEN,HEAD START PROGRAM,Z,N
2425,20,9041,GADSDEN,PAEC MIGRANT SCHOOL,Z,N
2425,20,9045,GADSDEN,CONTRACTED RESIDENTIAL SERVICES,Z,N
2425,20,9050,GADSDEN,GALLOWAY ACADEMY,R,N
2425,20,9101,GADSDEN,W. S. STEPHENS ALTERNATIVE PROGRAM,Z,N
2425,20,9102,GADSDEN,HOPE ACADEMY,Z,N
2425,20,9103,GADSDEN,DICK HOWSER CENTER,Z,N
2425,20,9104,GADSDEN,CROSSROAD ACADEMY,R,Y
2425,20,9105,GADSDEN,PHOENIX ESSENTIAL CHARTER SCHOOL,R,N
2425,20,9106,GADSDEN,GADSDEN CENTRAL ACADEMY,Z,Y
2425,20,9107,GADSDEN,MCKAY SCHOLARSHIP PROGRAM,Z,N
2425,20,9108,GADSDEN,DROP BACK IN ACADEMY,Z,N
2425,20,9997,GADSDEN,MIGRANT NON-ENROLLED STUDENTS,Z,N
2425,20,9998,GADSDEN,HOME EDUCATION PROGRAM STUDENTS,Z,N
2425,21,21,GILCHRIST,TRENTON HIGH SCHOOL,Z,N
2425,21,22,GILCHRIST,GILCHRIST ADULT EDUCATION,Z,N
2425,21,31,GILCHRIST,BELL HIGH SCHOOL,Z,N
2425,21,32,GILCHRIST,BELL ELEMENTARY SCHOOL,Z,Y
2425,21,41,GILCHRIST,TRENTON ELEMENTARY SCHOOL,Z,Y
2425,21,3450,GILCHRIST,PERSONALIZED EDUCATION PROGRAM,Z,N
2425,21,3518,GILCHRIST,MCKAY SCHOLARSHIP/SCHOOL OF ENROLLMENT,Z,N
2425,21,3818,GILCHRIST,OPPORTUNITY SCHOLARSHIP/SCHOOL OF ENROLLMENT,Z,N
2425,21,3900,GILCHRIST,FAMILY EMPOWERMENT SCHOLARSHIP PROGRAM,Z,N
2425,21,7001,GILCHRIST,GILCHRIST VIRTUAL INSTRUCTION PROGRAM,Z,N
2425,21,7004,GILCHRIST,GILCHRIST VIRTUAL FRANCHISE,Z,N
2425,21,7006,GILCHRIST,GILCHRIST VIRTUAL INSTRUCTION (COURSE OFFERINGS),Z,N
2425,21,7023,GILCHRIST,GILCHRIST VIRTUAL INSTRUCTION PROGRAM (DISTRICT PROVIDED),Z,N
2425,21,9001,GILCHRIST,GILCHRIST DISTRICT OFFICE,Z,N
2425,21,9010,GILCHRIST,ALACHUA MILTI-COUNTY MIGRANT PROGRAM,Z,N
2425,21,9045,GILCHRIST,CONTRACTED RESIDENTIAL SERVICES,Z,N
2425,21,9997,GILCHRIST,MIGRANT NON-ENROLLED STUDENTS,Z,N
2425,21,9998,GILCHRIST,HOME EDUCATION PROGRAM STUDENTS,Z,N
2425,22,21,GLADES,MOORE HAVEN MIDDLE HIGH SCHOOL.,Z,Y
2425,22,22,GLADES,MOORE HAVEN ADULT EDUCATION CENTER,Z,N
2425,22,23,GLADES,LAST CHANCE RANCH,Z,N
2425,22,51,GLADES,MOORE HAVEN ELEMENTARY SCHOOL,Z,Y
2425,22,52,GLADES,RCMA-BOOKER T. WASHINGTON,Z,N
2425,22,53,GLADES,CHILD DEVELOPMENT CENTER,Z,N
2425,22,54,GLADES,GLADES MIGRANT CENTER,Z,N
2425,22,55,GLADES,WEST GLADES SCHOOL,Z,Y
2425,22,56,GLADES,"PEMAYETV EMAHAKV CHARTER ""OUR WAY SCHOOL""",R,N
2425,22,57,GLADES,PEMAYETV EMAHAKV CHARTER MIDDLE SCHOOL,R,N
2425,22,59,GLADES,GLADES WEST,Z,N
2425,22,3450,GLADES,PERSONALIZED EDUCATION PROGRAM,Z,N
2425,22,3518,GLADES,MCKAY SCHOLARSHIP/SCHOOL OF ENROLLMENT,Z,N
2425,22,3818,GLADES,OPPORTUNITY SCHOLARSHIP/SCHOOL OF ENROLLMENT,Z,N
2425,22,3900,GLADES,FAMILY EMPOWERMENT SCHOLARSHIP PROGRAM,Z,N
2425,22,7001,GLADES,GLADES VIRTUAL INSTRUCTION PROGRAM,Z,N
2425,22,7004,GLADES,GLADES VIRTUAL FRANCHISE,Z,N
2425,22,7006,GLADES,FUTURE VIRTUAL SCHOOL,Z,N
2425,22,7023,GLADES,GLADES VIRTUAL INSTRUCTION PROGRAM (DISTRICT PROVIDED),Z,N
2425,22,9001,GLADES,GLADES DISTRICT OFFICE,Z,N
2425,22,9045,GLADES,CONTRACTED RESIDENTIAL SERVICES,Z,N
2425,22,9997,GLADES,MIGRANT NON-ENROLLED STUDENTS,Z,N
2425,22,9998,GLADES,HOME EDUCATION PROGRAM STUDENTS,Z,N
2425,23,22,GULF,WEWAHITCHKA ELEMENTARY SCHOOL,Z,Y
2425,23,23,GULF,PREK ESE,Z,N
2425,23,51,GULF,PORT ST. JOE ELEMENTARY SCHOOL,Z,Y
2425,23,61,GULF,PORT ST. JOE HIGH SCHOOL,Z,Y
2425,23,62,GULF,PORT ST. JOE MIDDLE SCHOOL,Z,N
2425,23,71,GULF,HIGH LAND VIEW ELEMENTARY SCHOOL,Z,N
2425,23,81,GULF,WEWAHITCHKA HIGH SCHOOL,Z,Y
2425,23,82,GULF,WEWAHITCHKA MIDDLE SCHOOL,Z,N
2425,23,91,GULF,GULF COUNTY ALTERNATIVE EDUCATION CENTER,Z,N
2425,23,141,GULF,GULF COUNTY ADULT SCHOOL,Z,N
2425,23,3450,GULF,PERSONALIZED EDUCATION PROGRAM,Z,N
2425,23,3518,GULF,MCKAY SCHOLARSHIP/SCHOOL OF ENROLLMENT,Z,N
2425,23,3818,GULF,OPPORTUNITY SCHOLARSHIP/SCHOOL OF ENROLLMENT,Z,N
2425,23,3900,GULF,FAMILY EMPOWERMENT SCHOLARSHIP PROGRAM,Z,N
2425,23,7001,GULF,FUTURE VIRTUAL SCHOOL,Z,N
2425,23,7004,GULF,GULF VIRTUAL FRANCHISE,Z,N
2425,23,7006,GULF,FUTURE VIRTUAL SCHOOL,Z,N
2425,23,7023,GULF,GULF APEX,Z,N
2425,23,9001,GULF,GULF DISTRICT OFFICE,Z,N
2425,23,9045,GULF,CONTRACTED RESIDENTIAL SERVICES,Z,N
2425,23,9997,GULF,MIGRANT NON-ENROLLED STUDENTS,Z,N
2425,23,9998,GULF,HOME EDUCATION PROGRAM STUDENTS,Z,N
2425,24,31,HAMILTON,CENTRAL HAMILTON ELEMENTARY SCHOOL,Z,N
2425,24,32,HAMILTON,HAMILTON COUNTY HIGH SCHOOL,Z,Y
2425,24,33,HAMILTON,HAMILTON VTAE SCHOOL,Z,N
2425,24,41,HAMILTON,HAMILTON COUNTY ELEMENTARY SCHOOL,Z,Y
2425,24,51,HAMILTON,SOUTH HAMILTON ELEMENTARY SCHOOL,Z,N
2425,24,71,HAMILTON,HAMILTON MIDDLE SCHOOL,Z,N
2425,24,91,HAMILTON,GREENWOOD SCHOOL,Z,N
2425,24,3201,HAMILTON,TEEN PARENT PROGRAM PK,Z,N
2425,24,3450,HAMILTON,PERSONALIZED EDUCATION PROGRAM,Z,N
2425,24,3518,HAMILTON,MCKAY SCHOLARSHIP/SCHOOL OF ENROLLMENT,Z,N
2425,24,3818,HAMILTON,OPPORTUNITY SCHOLARSHIP/SCHOOL OF ENROLLMENT,Z,N
2425,24,3900,HAMILTON,FAMILY EMPOWERMENT SCHOLARSHIP PROGRAM,Z,N
2425,24,7001,HAMILTON,HAMILTON VIRTUAL INSTRUCTION PROGRAM,Z,N
2425,24,7004,HAMILTON,HAMILTON VIRTUAL FRANCHISE,Z,N
2425,24,7006,HAMILTON,FUTURE VIRTUAL SCHOOL,Z,N
2425,24,7023,HAMILTON,HAMILTON VIRTUAL INSTRUCTION PROGRAM (DISTRICT PROVIDED),Z,N
2425,24,9001,HAMILTON,HAMILTON DISTRICT OFFICE,Z,N
2425,24,9005,HAMILTON,HAMILTON COUNTY MIGRANT PROG,Z,N
2425,24,9009,HAMILTON,OAK GROVE ACADEMY,Z,N
2425,24,9045,HAMILTON,CONTRACTED RESIDENTIAL SERVICES,Z,N
2425,24,9992,HAMILTON,"PRIVATE SCHOOL STUDENTS TITLE I, PART C (MIGRANT) PROGRAMS",Z,N
2425,24,9997,HAMILTON,MIGRANT NON-ENROLLED STUDENTS,Z,N
2425,24,9998,HAMILTON,HOME EDUCATION PROGRAM STUDENTS,Z,N
2425,25,11,HARDEE,HILLTOP ELEMENTARY SCHOOL,Z,Y
2425,25,21,HARDEE,HARDEE SENIOR HIGH SCHOOL,Z,Y
2425,25,22,HARDEE,ADULT/COMMUNITY EDUCATION,Z,N
2425,25,31,HARDEE,HARDEE JUNIOR HIGH SCHOOL,Z,Y
2425,25,41,HARDEE,BOWLING GREEN ELEMENTARY SCHOOL,Z,Y
2425,25,51,HARDEE,FIRST STEPS LEARNING CENTER,Z,N
2425,25,61,HARDEE,ZOLFO SPRINGS ELEMENTARY SCHOOL,Z,Y
2425,25,71,HARDEE,EARLY CHILDHOOD PROGRAM,Z,N
2425,25,81,HARDEE,PIONEER CAREER ACADEMY,Z,N
2425,25,91,HARDEE,WAUCHULA ELEMENTARY SCHOOL,Z,Y
2425,25,111,HARDEE,NORTH WAUCHULA ELEMENTARY SCHOOL,Z,Y
2425,25,1001,HARDEE,BOWLING GREEN YOUTH ACADEMY,Z,N
2425,25,3450,HARDEE,PERSONALIZED EDUCATION PROGRAM,Z,N
2425,25,3518,HARDEE,MCKAY SCHOLARSHIP/SCHOOL OF ENROLLMENT,Z,N
2425,25,3818,HARDEE,OPPORTUNITY SCHOLARSHIP/SCHOOL OF ENROLLMENT,Z,N
2425,25,3900,HARDEE,FAMILY EMPOWERMENT SCHOLARSHIP PROGRAM,Z,N
2425,25,7001,HARDEE,HARDEE VIRTUAL INSTRUCTION PROGRAM,Z,N
2425,25,7004,HARDEE,HARDEE VIRTUAL FRANCHISE,Z,N
2425,25,7006,HARDEE,HARDEE VIRTUAL COURSE OFFERINGS,Z,N
2425,25,7023,HARDEE,HARDEE VIRTUAL INSTRUCTION PROGRAM (DISTRICT PROVIDED),Z,N
2425,25,9001,HARDEE,HARDEE DISTRICT OFFICE,Z,N
2425,25,9045,HARDEE,CONTRACTED RESIDENTIAL SERVICES,Z,N
2425,25,9997,HARDEE,MIGRANT NON-ENROLLED STUDENTS,Z,N
2425,25,9998,HARDEE,HOME EDUCATION PROGRAM STUDENTS,Z,N
2425,26,18,HENDRY,HENDRY SUCCESS ACADEMY,Z,N
2425,26,20,HENDRY,LABELLE MIDDLE SCHOOL,Z,Y
2425,26,22,HENDRY,LABELLE ADULT SCHOOL,Z,N
2425,26,23,HENDRY,LABELLE MIDDLE SCHOOL,Z,N
2425,26,61,HENDRY,CLEWISTON MIDDLE SCHOOL,Z,Y
2425,26,62,HENDRY,CLEWISTON ADULT SCHOOL,Z,N
2425,26,151,HENDRY,LABELLE ELEMENTARY SCHOOL,Z,Y
2425,26,161,HENDRY,WESTSIDE ELEMENTARY SCHOOL,Z,Y
2425,26,162,HENDRY,EASTSIDE ELEMENTARY SCHOOL,Z,Y
2425,26,171,HENDRY,CENTRAL ELEMENTARY SCHOOL,Z,Y
2425,26,181,HENDRY,LABELLE HIGH SCHOOL,Z,N
2425,26,191,HENDRY,COUNTRY OAKS ELEMENTARY SCHOOL,Z,Y
2425,26,192,HENDRY,EDWARD A. UPTHEGROVE ELEMENTARY,Z,Y
2425,26,201,HENDRY,CLEWISTON HIGH SCHOOL,Z,N
2425,26,301,HENDRY,CLEWISTON YOUTH DEVELOPMENTAL ACADEMY,Z,N
2425,26,401,HENDRY,LABELLE YOUTH DEVELOPMENTAL ACADEMY,Z,N
2425,26,402,HENDRY,MONTURA EARLY LEARNING CENTER,Z,N
2425,26,403,HENDRY,CLEWISTON EARLY LEARNING CENTER,Z,N
2425,26,3450,HENDRY,PERSONALIZED EDUCATION PROGRAM,Z,N
2425,26,3518,HENDRY,MCKAY SCHOLARSHIP/SCHOOL OF ENROLLMENT,Z,N
2425,26,3818,HENDRY,OPPORTUNITY SCHOLARSHIP/SCHOOL OF ENROLLMENT,Z,N
2425,26,3900,HENDRY,FAMILY EMPOWERMENT SCHOLARSHIP PROGRAM,Z,N
2425,26,5201,HENDRY,COUNTY WIDE EXCEPTIONAL STUDENT EDUCATION,Z,N
2425,26,5555,HENDRY,FL. MIGRANT LEADERSHIP INSTI,Z,N
2425,26,5556,HENDRY,FLORIDA MIGRANT LEADERSHIP,Z,N
2425,26,6201,HENDRY,HENDRY HALFWAY HOUSE,Z,N
2425,26,6301,HENDRY,HENDRY YOUTH DEVELOPMENT ACADEMY,Z,N
2425,26,7001,HENDRY,DIGITAL ACADEMY OF FLORIDA,Z,N
2425,26,7004,HENDRY,MYDISTRICT VIRTUAL SCHOOL,Z,N
2425,26,7006,HENDRY,HENDRY ONLINE LEARNING ACADEMY,Z,N
2425,26,7023,HENDRY,HENDRY VIRTUAL INSTRUCTION PROGRAM DISTRICT PROVIDED,Z,N
2425,26,7777,HENDRY,MIGRANT SUMMER INSTITUTE,Z,N
2425,26,8888,HENDRY,MIGRANT SUMMER INSTITUTE,Z,N
2425,26,9001,HENDRY,HENDRY DISTRICT OFFICE,Z,N
2425,26,9045,HENDRY,CONTRACTED RESIDENTIAL SERVICES,Z,N
2425,26,9997,HENDRY,MIGRANT NON-ENROLLED STUDENTS,Z,N
2425,26,9998,HENDRY,HOME EDUCATION PROGRAM STUDENTS,Z,N
2425,27,31,HERNANDO,STAR EDUCATION CENTER,Z,N
2425,27,51,HERNANDO,HERNANDO HIGH SCHOOL,Z,N
2425,27,52,HERNANDO,BROOKSVILLE ELEMENTARY SCHOOL,Z,Y
2425,27,92,HERNANDO,OPPORTUNITY SCHOOL,Z,N
2425,27,93,HERNANDO,ROBERT R. MOTON EARLY INTERVENTION CENTER        (INACTIVE 08/02),Z,N
2425,27,151,HERNANDO,MITCHEL L. BLACK ELEMENTARY SCHOOL,Z,N
2425,27,152,HERNANDO,HERNANDO COUNTY COMMUNITY EDUCATION,Z,N
2425,27,161,HERNANDO,WESTSIDE ELEMENTARY SCHOOL,Z,Y
2425,27,171,HERNANDO,EASTSIDE ELEMENTARY SCHOOL,Z,Y
2425,27,181,HERNANDO,FRANK W. SPRINGSTEAD HIGH SCHOOL,Z,N
2425,27,202,HERNANDO,FOX CHAPEL MIDDLE SCHOOL,Z,Y
2425,27,211,HERNANDO,SPRING HILL ELEMENTARY SCHOOL,Z,Y
2425,27,221,HERNANDO,POWELL MIDDLE SCHOOL,Z,N
2425,27,231,HERNANDO,JOHN D. FLOYD ELEMENTARY SCHOOL,Z,Y
2425,27,241,HERNANDO,D. S. PARROTT MIDDLE SCHOOL,Z,Y
2425,27,251,HERNANDO,CENTRAL HIGH SCHOOL,Z,N
2425,27,252,HERNANDO,PINE GROVE ELEMENTARY SCHOOL,Z,Y
2425,27,253,HERNANDO,WEST HERNANDO MIDDLE SCHOOL,Z,Y
2425,27,261,HERNANDO,DELTONA ELEMENTARY SCHOOL,Z,Y
2425,27,271,HERNANDO,MOTON ELEMENTARY SCHOOL,Z,Y
2425,27,321,HERNANDO,SUNCOAST ELEMENTARY SCHOOL,Z,Y
2425,27,331,HERNANDO,ENDEAVOR ACADEMY,Z,N
2425,27,332,HERNANDO,HERNANDO COUNTY JAIL,Z,N
2425,27,339,HERNANDO,CATAPULT ACADEMY,Z,N
2425,27,341,HERNANDO,CHOCACHATTI ELEMENTARY SCHOOL,Z,N
2425,27,342,HERNANDO,PACE CENTER FOR GIRLS,Z,Y
2425,27,351,HERNANDO,NATURE COAST TECHNICAL HIGH,Z,N
2425,27,371,HERNANDO,CHALLENGER K-8 SCHOOL OF SCIENCE AND MATH,Z,N
2425,27,381,HERNANDO,EXPLORER K-8,Z,Y
2425,27,391,HERNANDO,WEEKI WACHEE HIGH SCHOOL,Z,N
2425,27,392,HERNANDO,WINDING WATERS K-8,Z,N
2425,27,3001,HERNANDO,CONTRACTED SERVICES,Z,N
2425,27,3450,HERNANDO,PERSONALIZED EDUCATION PROGRAM,Z,N
2425,27,3518,HERNANDO,MCKAY SCHOLARSHIP/SCHOOL OF ENROLLMENT,Z,N
2425,27,3818,HERNANDO,OPPORTUNITY SCHOLARSHIP/SCHOOL OF ENROLLMENT,Z,N
2425,27,3900,HERNANDO,FAMILY EMPOWERMENT SCHOLARSHIP PROGRAM,Z,N
2425,27,4422,HERNANDO,GULF COAST ACADEMY OF SCIENCE AND TECHNOLOGY,R,N
2425,27,4442,HERNANDO,GULF COAST MIDDLE SCHOOL,R,N
2425,27,4461,HERNANDO,"BROOKSVILLE ENGINEERING, SCIENCE AND TECHNOLOGY (B.E.S.T.) ACADEMY",R,N
2425,27,4522,HERNANDO,GULF COAST ELEMENTARY SCHOOL,R,N
2425,27,7001,HERNANDO,HERNANDO VIRTUAL INSTRUCTION PROGRAM,Z,N
2425,27,7004,HERNANDO,HERNANDO ESCHOOL VIRTUAL FRANCHISE,Z,N
2425,27,7006,HERNANDO,HERNANDO VIRTUAL INSTRUCTION (COURSE OFFERINGS),Z,N
2425,27,7023,HERNANDO,HERNANDO VIRTUAL INSTRUCTION,Z,N
2425,27,7070,HERNANDO,SECOND CHANCE SCHOOL AT KENNEDY PARK            (INACTIVE 08/02),Z,N
2425,27,7093,HERNANDO,MID FL. CHILDREN HEAD START,Z,N
2425,27,8015,HERNANDO,CENTER FOR SUCCESS AND INDEPENDENCE BROOKSVILLE ACADEMY,Z,N
2425,27,8051,HERNANDO,HERNANDO HIGH SCHOOL/ADULT EDUCATION,Z,N
2425,27,8181,HERNANDO,FRANK W. SPRINGSTEAD HIGH/ADUL,Z,N
2425,27,8251,HERNANDO,WILTON SIMPSON TECHNICAL COLLEGE EXTENSION 1,Z,N
2425,27,8351,HERNANDO,WILTON SIMPSON TECHNICAL COLLEGE MAIN,Z,N
2425,27,8400,HERNANDO,WILTON SIMPSON TECHNICAL COLLEGE,Z,N
2425,27,9001,HERNANDO,HERNANDO DISTRICT OFFICE,Z,N
2425,27,9007,HERNANDO,WITHLACOOCHEE RESIDENTIAL JUVENILE FACILITY,Z,N
2425,27,9045,HERNANDO,CONTRACTED RESIDENTIAL SERVICES,Z,N
2425,27,9997,HERNANDO,MIGRANT NON-ENROLLED STUDENTS,Z,N
2425,27,9998,HERNANDO,HOME EDUCATION PROGRAM STUDENTS,Z,N
2425,28,11,HIGHLANDS,THE KINDERGARTEN LEARNING CENTER,Z,N
2425,28,15,HIGHLANDS,MEMORIAL ELEMENTARY SCHOOL,Z,Y
2425,28,21,HIGHLANDS,SEBRING MIDDLE SCHOOL,Z,Y
2425,28,31,HIGHLANDS,LAKE COUNTRY ELEMENTARY SCHOOL,Z,Y
2425,28,41,HIGHLANDS,LAKE PLACID MIDDLE SCHOOL,Z,Y
2425,28,51,HIGHLANDS,WOODLAWN ELEMENTARY SCHOOL,Z,Y
2425,28,61,HIGHLANDS,PARK ELEMENTARY SCHOOL,Z,Y
2425,28,71,HIGHLANDS,CRACKER TRAIL ELEMENTARY SCHOOL,Z,Y
2425,28,81,HIGHLANDS,FRED WILD ELEMENTARY SCHOOL,Z,Y
2425,28,91,HIGHLANDS,HILL-GUSTAT MIDDLE SCHOOL,Z,Y
2425,28,101,HIGHLANDS,AVON ELEMENTARY SCHOOL,Z,Y
2425,28,111,HIGHLANDS,AVON PARK MIDDLE SCHOOL,Z,Y
2425,28,121,HIGHLANDS,SEBRING PRE-K CENTER,Z,N
2425,28,211,HIGHLANDS,LAKE PLACID ELEMENTARY SCHOOL,Z,Y
2425,28,221,HIGHLANDS,SEBRING HIGH SCHOOL,Z,Y
2425,28,231,HIGHLANDS,AVON PARK HIGH SCHOOL,Z,Y
2425,28,251,HIGHLANDS,LAKE PLACID HIGH SCHOOL,Z,Y
2425,28,291,HIGHLANDS,SUN 'N LAKE ELEMENTARY SCHOOL,Z,Y
2425,28,991,HIGHLANDS,HOPEWELL ACADEMY,R,N
2425,28,3450,HIGHLANDS,PERSONALIZED EDUCATION PROGRAM,Z,N
2425,28,3518,HIGHLANDS,MCKAY SCHOLARSHIP/SCHOOL OF ENROLLMENT,Z,N
2425,28,3818,HIGHLANDS,OPPORTUNITY SCHOLARSHIP/SCHOOL OF ENROLLMENT,Z,N
2425,28,3900,HIGHLANDS,FAMILY EMPOWERMENT SCHOLARSHIP PROGRAM,Z,N
2425,28,7001,HIGHLANDS,HIGHLANDS VIRTUAL FRANCHISE,Z,N
2425,28,7004,HIGHLANDS,HIGHLANDS VIRTUAL FRANCHISE,Z,N
2425,28,7006,HIGHLANDS,FUTURE VIRTUAL SCHOOL,Z,N
2425,28,7023,HIGHLANDS,HIGHLANDS VIRTUAL SCHOOL,Z,N
2425,28,9001,HIGHLANDS,HIGHLANDS DISTRICT OFFICE,Z,N
2425,28,9002,HIGHLANDS,NON-PUBLIC MIGRANT,Z,N
2425,28,9003,HIGHLANDS,ACHIEVEMENT CENTER (FORMERLY SIMS TEEN LEARNING CENTER) (INACTIVE 08/02),Z,N
2425,28,9004,HIGHLANDS,CLOVERLEAF ENVIRONMENTAL CENTER,Z,N
2425,28,9005,HIGHLANDS,HIGHLANDS COUNTY SCHOOLS JAIL PROGRAM,Z,N
2425,28,9006,HIGHLANDS,HIGHLANDS COUNTY HOSPITAL/HOMEBOUND PROGRAM,Z,N
2425,28,9007,HIGHLANDS,THE ACADEMY AT YOUTH CARE LANE,Z,N
2425,28,9008,HIGHLANDS,NON-ENROLLED PK EXCEPTIONAL ED PROGRAM,Z,N
2425,28,9009,HIGHLANDS,ALTERNATIVE UNLIMITED DROP BACK IN ACADEMY,Z,N
2425,28,9045,HIGHLANDS,CONTRACTED RESIDENTIAL SERVICES,Z,N
2425,28,9997,HIGHLANDS,MIGRANT NON-ENROLLED STUDENTS,Z,N
2425,28,9998,HIGHLANDS,HOME EDUCATION PROGRAM STUDENTS,Z,N
2425,29,5,HILLSBOROUGH,WARREN HOPE DAWSON ELEMENTARY,Z,N
2425,29,9,HILLSBOROUGH,BELMONT ELEMENTARY SCHOOL,Z,Y
2425,29,11,HILLSBOROUGH,DOROTHY C YORK PK-8 MAGNET SCHOOL,Z,N
2425,29,41,HILLSBOROUGH,ADAMS MIDDLE SCHOOL,Z,N
2425,29,42,HILLSBOROUGH,FOREST HILLS ELEMENTARY SCHOOL,Z,Y
2425,29,43,HILLSBOROUGH,SPOTO HIGH SCHOOL,Z,Y
2425,29,51,HILLSBOROUGH,SHEEHY ELEMENTARY SCHOOL,Z,Y
2425,29,52,HILLSBOROUGH,GIUNTA MIDDLE SCHOOL,Z,Y
2425,29,54,HILLSBOROUGH,CORR ELEMENTARY SCHOOL,Z,Y
2425,29,55,HILLSBOROUGH,SHIELDS MIDDLE SCHOOL,Z,Y
2425,29,56,HILLSBOROUGH,DAVIS ELEMENTARY SCHOOL,Z,Y
2425,29,59,HILLSBOROUGH,FISHHAWK CREEK ELEMENTARY SCHOOL,Z,N
2425,29,60,HILLSBOROUGH,MACFARLANE PARK ELEMENTARY MAGNET SCHOOL,Z,N
2425,29,61,HILLSBOROUGH,HILLSBOROUGH COUNTY ADULT HIGH SCHOOL,Z,N
2425,29,62,HILLSBOROUGH,HILLSBOROUGH EXCEPTIONAL CENTER,Z,N
2425,29,63,HILLSBOROUGH,CARVER EXCEPTIONAL CENTER,Z,Y
2425,29,65,HILLSBOROUGH,COLLINS PK-8 SCHOOL,Z,N
2425,29,69,HILLSBOROUGH,TURNER-BARTELS K-8 SCHOOL,Z,N
2425,29,70,HILLSBOROUGH,FROST ELEMENTARY SCHOOL,Z,Y
2425,29,71,HILLSBOROUGH,APARICIO-LEVY TECHNICAL COLLEGE,Z,N
2425,29,72,HILLSBOROUGH,DOBY ELEMENTARY SCHOOL,Z,N
2425,29,73,HILLSBOROUGH,LENNARD HIGH SCHOOL,Z,Y
2425,29,74,HILLSBOROUGH,SERGEANT PAUL R SMITH MIDDLE SCHOOL,Z,Y
2425,29,80,HILLSBOROUGH,LENNARD ADULT & COMMUNITY CENTER,Z,N
2425,29,81,HILLSBOROUGH,ALEXANDER ELEMENTARY SCHOOL,Z,Y
2425,29,82,HILLSBOROUGH,PIERCE MIDDLE SCHOOL,Z,Y
2425,29,84,HILLSBOROUGH,SUMMERFIELD CROSSINGS ELEMENTARY SCHOOL,Z,Y
2425,29,85,HILLSBOROUGH,STOWERS ELEMENTARY SCHOOL,Z,N
2425,29,86,HILLSBOROUGH,BARRINGTON MIDDLE SCHOOL,Z,N
2425,29,89,HILLSBOROUGH,STEINBRENNER HIGH SCHOOL,Z,N
2425,29,92,HILLSBOROUGH,BAILEY ELEMENTARY SCHOOL,Z,Y
2425,29,93,HILLSBOROUGH,STRAWBERRY CREST HIGH SCHOOL,Z,N
2425,29,100,HILLSBOROUGH,DEER PARK ELEMENTARY SCHOOL,Z,N
2425,29,102,HILLSBOROUGH,HAMMOND ELEMENTARY SCHOOL,Z,N
2425,29,103,HILLSBOROUGH,BARTELS MIDDLE SCHOOL,Z,N
2425,29,106,HILLSBOROUGH,JULE F SUMNER HIGH SCHOOL,Z,N
2425,29,110,HILLSBOROUGH,REDDICK ELEMENTARY SCHOOL,Z,Y
2425,29,119,HILLSBOROUGH,MOSI PARTNERSHIP ELEMENTARY SCHOOL,Z,N
2425,29,120,HILLSBOROUGH,KIMBELL ELEMENTARY SCHOOL,Z,N
2425,29,121,HILLSBOROUGH,ANDERSON ELEMENTARY SCHOOL,Z,N
2425,29,122,HILLSBOROUGH,USF/PATEL PARTNERSHIP ELEMENTARY SCHOOL,Z,N
2425,29,123,HILLSBOROUGH,PATRICIA SULLIVAN METROPOLITAN MINISTRIES PARTNERSHIP SCHOOL,Z,Y
2425,29,125,HILLSBOROUGH,THOMPSON ELEMENTARY,Z,Y
2425,29,128,HILLSBOROUGH,LAMB ELEMENTARY,Z,Y
2425,29,131,HILLSBOROUGH,ARMWOOD HIGH SCHOOL,Z,Y
2425,29,133,HILLSBOROUGH,ARMWOOD ADULT AND COMMUNITY CENTER,Z,N
2425,29,141,HILLSBOROUGH,APOLLO BEACH K-8 SCHOOL,Z,N
2425,29,151,HILLSBOROUGH,ALONSO HIGH SCHOOL,Z,N
2425,29,161,HILLSBOROUGH,BALLAST POINT ELEMENTARY SCHOOL,Z,N
2425,29,162,HILLSBOROUGH,BALLAST POINT EXCEPTIONAL CENTER,Z,N
2425,29,171,HILLSBOROUGH,AQUILLA J MORGAN HIGH SCHOOL,Z,N
2425,29,191,HILLSBOROUGH,BAY CREST ELEMENTARY SCHOOL,Z,Y
2425,29,201,HILLSBOROUGH,BENITO MIDDLE SCHOOL,Z,N
2425,29,261,HILLSBOROUGH,BING ELEMENTARY SCHOOL,Z,Y
2425,29,271,HILLSBOROUGH,ALAFIA ELEMENTARY SCHOOL,Z,N
2425,29,281,HILLSBOROUGH,BLAKE HIGH SCHOOL,Z,Y
2425,29,282,HILLSBOROUGH,JUST ELEMENTARY SCHOOL,Z,N
2425,29,283,HILLSBOROUGH,BLAKE ADULT/COMMUNITY CENTER,Z,N
2425,29,284,HILLSBOROUGH,STEWART MIDDLE MAGNET SCHOOL,Z,Y
2425,29,291,HILLSBOROUGH,BRANDON HIGH SCHOOL,Z,Y
2425,29,293,HILLSBOROUGH,BRANDON ADULT/COMMUNITY CENTER,Z,N
2425,29,311,HILLSBOROUGH,BOYETTE SPRINGS ELEMENTARY SCHOOL,Z,N
2425,29,322,HILLSBOROUGH,MCLANE MIDDLE SCHOOL,Z,N
2425,29,361,HILLSBOROUGH,BEVIS ELEMENTARY SCHOOL,Z,N
2425,29,362,HILLSBOROUGH,BREWSTER TECHNICAL COLLEGE,Z,N
2425,29,363,HILLSBOROUGH,MEDICAL ACADEMY AT D.W. WATERS,Z,Y
2425,29,364,HILLSBOROUGH,BREWSTER EVENING SCHOOL,Z,N
2425,29,371,HILLSBOROUGH,SIMMONS CAREER CENTER,Z,Y
2425,29,401,HILLSBOROUGH,BROOKER ELEMENTARY SCHOOL,Z,Y
2425,29,441,HILLSBOROUGH,BROWARD ELEMENTARY SCHOOL,Z,Y
2425,29,481,HILLSBOROUGH,BRYAN ELEMENTARY SCHOOL - TAMPA,Z,N
2425,29,521,HILLSBOROUGH,BRYAN ELEMENTARY SCHOOL,Z,Y
2425,29,527,HILLSBOROUGH,BRYANT ELEMENTARY SCHOOL,Z,N
2425,29,561,HILLSBOROUGH,BUCHANAN MIDDLE SCHOOL,Z,Y
2425,29,571,HILLSBOROUGH,BUCKHORN ELEMENTARY SCHOOL,Z,N
2425,29,631,HILLSBOROUGH,BURNETT MIDDLE SCHOOL,Z,Y
2425,29,641,HILLSBOROUGH,BURNEY ELEMENTARY SCHOOL,Z,Y
2425,29,651,HILLSBOROUGH,BURNS MIDDLE SCHOOL,Z,N
2425,29,681,HILLSBOROUGH,CAHOON ELEMENTARY MAGNET SCHOOL,Z,N
2425,29,682,HILLSBOROUGH,DR CARTER G WOODSON K-8 SCHOOL,Z,Y
2425,29,691,HILLSBOROUGH,CANNELLA ELEMENTARY SCHOOL,Z,Y
2425,29,701,HILLSBOROUGH,CARROLLWOOD K-8 SCHOOL,Z,N
2425,29,721,HILLSBOROUGH,CARVER EARLY CHILDHOOD CENTER,Z,N
2425,29,761,HILLSBOROUGH,CHAMBERLAIN HIGH SCHOOL,Z,Y
2425,29,763,HILLSBOROUGH,CHAMBERLAIN ADULT/COMMUNITY CENTER,Z,N
2425,29,771,HILLSBOROUGH,CHIARAMONTE ELEMENTARY SCHOOL,Z,Y
2425,29,772,HILLSBOROUGH,CHILES ELEMENTARY SCHOOL,Z,N
2425,29,782,HILLSBOROUGH,DAVIS CENTER,Z,N
2425,29,801,HILLSBOROUGH,CITRUS PARK ELEMENTARY SCHOOL,Z,N
2425,29,802,HILLSBOROUGH,CIMINO ELEMENTARY SCHOOL,Z,N
2425,29,841,HILLSBOROUGH,CLAIR-MEL ELEMENTARY SCHOOL,Z,Y
2425,29,842,HILLSBOROUGH,DOWDELL MIDDLE MAGNET SCHOOL,Z,Y
2425,29,851,HILLSBOROUGH,CLARK ELEMENTARY SCHOOL,Z,N
2425,29,861,HILLSBOROUGH,CLAYWELL ELEMENTARY SCHOOL,Z,N
2425,29,881,HILLSBOROUGH,CLEVELAND ELEMENTARY SCHOOL,Z,N
2425,29,921,HILLSBOROUGH,COLEMAN MIDDLE SCHOOL,Z,N
2425,29,931,HILLSBOROUGH,COLSON ELEMENTARY SCHOOL,Z,Y
2425,29,961,HILLSBOROUGH,LOCKHART ELEMENTARY MAGNET,Z,N
2425,29,962,HILLSBOROUGH,LOCKHART ELEMENTARY MAGNET SCHOOL,Z,Y
2425,29,1001,HILLSBOROUGH,CORK ELEMENTARY SCHOOL,Z,Y
2425,29,1021,HILLSBOROUGH,CRESTWOOD ELEMENTARY SCHOOL,Z,Y
2425,29,1051,HILLSBOROUGH,CYPRESS CREEK ELEMENTARY SCHOOL,Z,Y
2425,29,1080,HILLSBOROUGH,DAVIDSEN MIDDLE SCHOOL,Z,Y
2425,29,1081,HILLSBOROUGH,DESOTO ELEMENTARY SCHOOL,Z,Y
2425,29,1101,HILLSBOROUGH,DICKENSON ELEMENTARY SCHOOL,Z,Y
2425,29,1201,HILLSBOROUGH,DOVER ELEMENTARY,Z,Y
2425,29,1202,HILLSBOROUGH,WILLIS PETERS EXCEPTIONAL CENTER,Z,Y
2425,29,1281,HILLSBOROUGH,DUNBAR ELEMENTARY MAGNET SCHOOL,Z,Y
2425,29,1291,HILLSBOROUGH,DURANT HIGH SCHOOL,Z,N
2425,29,1322,HILLSBOROUGH,EAST BAY HIGH SCHOOL,Z,Y
2425,29,1323,HILLSBOROUGH,EAST BAY ADULT/COMMUNITY CENTER,Z,N
2425,29,1324,HILLSBOROUGH,EISENHOWER MIDDLE SCHOOL,Z,Y
2425,29,1331,HILLSBOROUGH,EISENHOWER EXCEPTIONAL CENTER,Z,Y
2425,29,1361,HILLSBOROUGH,EDISON ELEMENTARY SCHOOL,Z,Y
2425,29,1401,HILLSBOROUGH,EGYPT LAKE ELEMENTARY SCHOOL,Z,Y
2425,29,1421,HILLSBOROUGH,ERWIN TECHNICAL COLLEGE,Z,N
2425,29,1431,HILLSBOROUGH,ESSRIG ELEMENTARY SCHOOL,Z,Y
2425,29,1441,HILLSBOROUGH,FARNELL MIDDLE SCHOOL,Z,N
2425,29,1471,HILLSBOROUGH,FOLSOM ELEMENTARY SCHOOL,Z,Y
2425,29,1481,HILLSBOROUGH,FOSTER ELEMENTARY SCHOOL,Z,Y
2425,29,1482,HILLSBOROUGH,SLIGH MIDDLE SCHOOL,Z,Y
2425,29,1521,HILLSBOROUGH,FRANKLIN MIDDLE MAGNET SCHOOL,Z,N
2425,29,1522,HILLSBOROUGH,INSTRUCTIONAL SERVICES CENTER,Z,N
2425,29,1531,HILLSBOROUGH,INSTRUCTIONAL SERVICES CENTER,Z,N
2425,29,1541,HILLSBOROUGH,FREEDOM HIGH SCHOOL,Z,Y
2425,29,1542,HILLSBOROUGH,FRANKLIN MIDDLE MAGNET SCHOOL,Z,Y
2425,29,1551,HILLSBOROUGH,GAITHER HIGH SCHOOL,Z,N
2425,29,1553,HILLSBOROUGH,GAITHER ADULT/COMMUNITY CENTER,Z,N
2425,29,1561,HILLSBOROUGH,GARY ADULT & COMMUNITY CENTER,Z,N
2425,29,1562,HILLSBOROUGH,GARY ADULT CENTER,Z,N
2425,29,1601,HILLSBOROUGH,GIBSONTON ELEMENTARY SCHOOL,Z,Y
2425,29,1681,HILLSBOROUGH,GORRIE ELEMENTARY SCHOOL,Z,N
2425,29,1721,HILLSBOROUGH,GRADY ELEMENTARY SCHOOL,Z,N
2425,29,1761,HILLSBOROUGH,GRAHAM ELEMENTARY SCHOOL,Z,Y
2425,29,1776,HILLSBOROUGH,BELLAMY ELEMENTARY SCHOOL,Z,Y
2425,29,1781,HILLSBOROUGH,GRECO MIDDLE MAGNET SCHOOL,Z,Y
2425,29,1831,HILLSBOROUGH,HERITAGE ELEMENTARY SCHOOL,Z,N
2425,29,1871,HILLSBOROUGH,HILL MIDDLE SCHOOL,Z,Y
2425,29,1881,HILLSBOROUGH,HILLSBOROUGH HIGH SCHOOL,Z,Y
2425,29,1941,HILLSBOROUGH,HUNTER'S GREEN ELEMENTARY SCHOOL,Z,N
2425,29,1951,HILLSBOROUGH,IPPOLITO ELEMENTARY SCHOOL,Z,Y
2425,29,2041,HILLSBOROUGH,JACKSON ELEMENTARY SCHOOL,Z,Y
2425,29,2042,HILLSBOROUGH,JENNINGS MIDDLE SCHOOL,Z,Y
2425,29,2092,HILLSBOROUGH,D. W. WATERS MEMORIAL CENTER,Z,N
2425,29,2201,HILLSBOROUGH,KENLY ELEMENTARY SCHOOL,Z,Y
2425,29,2241,HILLSBOROUGH,KING HIGH SCHOOL,Z,Y
2425,29,2243,HILLSBOROUGH,KING ADULT & COMMUNITY CENTER,Z,N
2425,29,2261,HILLSBOROUGH,KINGSWOOD ELEMENTARY SCHOOL,Z,Y
2425,29,2291,HILLSBOROUGH,KNIGHTS ELEMENTARY SCHOOL,Z,Y
2425,29,2321,HILLSBOROUGH,LAKE MAGDALENE ELEMENTARY SCHOOL,Z,Y
2425,29,2361,HILLSBOROUGH,LANIER ELEMENTARY SCHOOL,Z,Y
2425,29,2362,HILLSBOROUGH,MONROE MIDDLE MAGNET SCHOOL,Z,N
2425,29,2381,HILLSBOROUGH,LEAREY TECHNICAL COLLEGE,Z,N
2425,29,2387,HILLSBOROUGH,PLANT CITY CAREER CENTER,Z,N
2425,29,2401,HILLSBOROUGH,TAMPA HEIGHTS ELEMENTARY MAGNET,Z,Y
2425,29,2421,HILLSBOROUGH,LETO HIGH SCHOOL,Z,Y
2425,29,2423,HILLSBOROUGH,LETO ADULT/COMMUNITY CENTER,Z,N
2425,29,2431,HILLSBOROUGH,LIMONA ELEMENTARY SCHOOL,Z,Y
2425,29,2441,HILLSBOROUGH,LINCOLN ELEMENTARY MAGNET SCHOOL,Z,Y
2425,29,2451,HILLSBOROUGH,LEWIS ELEMENTARY SCHOOL,Z,Y
2425,29,2461,HILLSBOROUGH,LITHIA SPRINGS ELEMENTARY SCHOOL,Z,N
2425,29,2471,HILLSBOROUGH,LIBERTY MIDDLE SCHOOL,Z,N
2425,29,2521,HILLSBOROUGH,LOMAX MAGNET ELEMENTARY SCHOOL,Z,Y
2425,29,2531,HILLSBOROUGH,LOPEZ ELEMENTARY SCHOOL,Z,Y
2425,29,2541,HILLSBOROUGH,LOPEZ EXCEPTIONAL CENTER,Z,Y
2425,29,2551,HILLSBOROUGH,LOWRY ELEMENTARY SCHOOL,Z,N
2425,29,2561,HILLSBOROUGH,LUTZ K-8 SCHOOL,Z,N
2425,29,2601,HILLSBOROUGH,MABRY ELEMENTARY SCHOOL,Z,N
2425,29,2651,HILLSBOROUGH,MADISON MIDDLE SCHOOL,Z,Y
2425,29,2721,HILLSBOROUGH,MANGO ELEMENTARY SCHOOL,Z,Y
2425,29,2761,HILLSBOROUGH,KENNETH E. ADUM PK-8 MAGNET SCHOOL,Z,N
2425,29,2762,HILLSBOROUGH,MANHATTAN EXCEPTIONAL CENTER,Z,N
2425,29,2771,HILLSBOROUGH,MANISCALCO K-8 SCHOOL,Z,N
2425,29,2801,HILLSBOROUGH,MANN MIDDLE SCHOOL,Z,Y
2425,29,2841,HILLSBOROUGH,MARSHALL MIDDLE MAGNET SCHOOL,Z,Y
2425,29,2851,HILLSBOROUGH,MARTINEZ MIDDLE SCHOOL,Z,N
2425,29,2871,HILLSBOROUGH,MCDONALD ELEMENTARY SCHOOL,Z,Y
2425,29,2881,HILLSBOROUGH,MEACHAM EARLY CHILDHOOD CENTER,Z,N
2425,29,2882,HILLSBOROUGH,MEMORIAL MIDDLE SCHOOL,Z,Y
2425,29,2961,HILLSBOROUGH,MENDENHALL ELEMENTARY SCHOOL,Z,Y
2425,29,2972,HILLSBOROUGH,MENDEZ EXCEPTIONAL CENTER,Z,N
2425,29,3001,HILLSBOROUGH,FERRELL MIDDLE MAGNET SCHOOL,Z,Y
2425,29,3002,HILLSBOROUGH,FERRELL MIDDLE MAGNET SCHOOL,Z,N
2425,29,3003,HILLSBOROUGH,MIDDLETON ADULT/COMMUNITY CENTER,Z,N
2425,29,3004,HILLSBOROUGH,MIDDLETON HIGH SCHOOL,Z,Y
2425,29,3005,HILLSBOROUGH,MIDDLETON HIGH SCHOOL - MAGNET PROGRAM,Z,N
2425,29,3031,HILLSBOROUGH,MIDDLETON SENIOR HIGH SCHOOL,Z,N
2425,29,3041,HILLSBOROUGH,MILES ELEMENTARY SCHOOL,Z,Y
2425,29,3061,HILLSBOROUGH,MINTZ ELEMENTARY SCHOOL,Z,Y
2425,29,3081,HILLSBOROUGH,MITCHELL ELEMENTARY SCHOOL,Z,N
2425,29,3082,HILLSBOROUGH,MCKITRICK ELEMENTARY SCHOOL,Z,N
2425,29,3101,HILLSBOROUGH,MORGAN WOODS ELEMENTARY SCHOOL,Z,Y
2425,29,3121,HILLSBOROUGH,MORT ELEMENTARY SCHOOL,Z,Y
2425,29,3131,HILLSBOROUGH,MULRENNAN MIDDLE SCHOOL,Z,N
2425,29,3141,HILLSBOROUGH,NELSON ELEMENTARY SCHOOL,Z,Y
2425,29,3151,HILLSBOROUGH,NORTHWEST ELEMENTARY SCHOOL,Z,N
2425,29,3161,HILLSBOROUGH,OAK GROVE ELEMENTARY SCHOOL,Z,Y
2425,29,3171,HILLSBOROUGH,NEWSOME HIGH SCHOOL,Z,N
2425,29,3181,HILLSBOROUGH,MULLER ELEMENTARY MAGNET SCHOOL,Z,Y
2425,29,3201,HILLSBOROUGH,OAK PARK ELEMENTARY SCHOOL,Z,Y
2425,29,3241,HILLSBOROUGH,ORANGE GROVE MIDDLE MAGNET SCHOOL,Z,Y
2425,29,3251,HILLSBOROUGH,NATURE'S CLASSROOM,Z,N
2425,29,3281,HILLSBOROUGH,PALM RIVER ELEMENTARY SCHOOL,Z,Y
2425,29,3362,HILLSBOROUGH,PINECREST ELEMENTARY SCHOOL,Z,Y
2425,29,3371,HILLSBOROUGH,RIVERVIEW HIGH SCHOOL,Z,N
2425,29,3381,HILLSBOROUGH,PIZZO K-8 SCHOOL,Z,Y
2425,29,3411,HILLSBOROUGH,PLANT HIGH SCHOOL,Z,N
2425,29,3413,HILLSBOROUGH,PLANT ADULT & COMMUNITY CENTER,Z,N
2425,29,3431,HILLSBOROUGH,PLANT CITY HIGH SCHOOL,Z,Y
2425,29,3433,HILLSBOROUGH,PLANT CITY ADULT & COMMUNITY CENTER,Z,N
2425,29,3441,HILLSBOROUGH,PRIDE ELEMENTARY SCHOOL,Z,N
2425,29,3442,HILLSBOROUGH,TOMLIN MIDDLE SCHOOL,Z,Y
2425,29,3443,HILLSBOROUGH,PLANT CITY ADULT & COMMUNITY CENTER,Z,N
2425,29,3450,HILLSBOROUGH,PERSONALIZED EDUCATION PROGRAM,Z,N
2425,29,3518,HILLSBOROUGH,MCKAY SCHOLARSHIP/SCHOOL OF ENROLLMENT,Z,N
2425,29,3521,HILLSBOROUGH,POTTER ELEMENTARY SCHOOL,Z,Y
2425,29,3525,HILLSBOROUGH,HILLSBOROUGH ESE CONTRACTED RESIDENTIAL PLACEMENT,Z,N
2425,29,3561,HILLSBOROUGH,PROGRESS VILLAGE MIDDLE MAGNET,Z,Y
2425,29,3620,HILLSBOROUGH,RANDALL MIDDLE SCHOOL,Z,N
2425,29,3621,HILLSBOROUGH,RIVERHILLS ELEMENTARY SCHOOL,Z,N
2425,29,3622,HILLSBOROUGH,RIVERHILLS ELEMENTARY MAGNET SCHOOL,Z,Y
2425,29,3641,HILLSBOROUGH,RIVERVIEW ELEMENTARY SCHOOL,Z,Y
2425,29,3681,HILLSBOROUGH,ROBINSON ELEMENTARY SCHOOL,Z,Y
2425,29,3731,HILLSBOROUGH,ROBINSON HIGH SCHOOL,Z,N
2425,29,3733,HILLSBOROUGH,ROBINSON ADULT & COMMUNITY CENTER,Z,N
2425,29,3761,HILLSBOROUGH,ROBLES ELEMENTARY SCHOOL,Z,Y
2425,29,3771,HILLSBOROUGH,RODGERS MIDDLE MAGNET SCHOOL,Z,Y
2425,29,3781,HILLSBOROUGH,ROLAND PARK K-8 SCHOOL,Z,N
2425,29,3782,HILLSBOROUGH,LAVOY EXCEPTIONAL CENTER,Z,Y
2425,29,3783,HILLSBOROUGH,JEFFERSON ADULT/COMMUNITY CENTER,Z,N
2425,29,3784,HILLSBOROUGH,JEFFERSON HIGH SCHOOL,Z,Y
2425,29,3801,HILLSBOROUGH,ROOSEVELT ELEMENTARY SCHOOL,Z,N
2425,29,3802,HILLSBOROUGH,ROLAND PARK K-8 MAGNET SCHOOL,Z,N
2425,29,3818,HILLSBOROUGH,OPPORTUNITY SCHOLARSHIP/SCHOOL OF ENROLLMENT,Z,N
2425,29,3841,HILLSBOROUGH,RUSKIN ELEMENTARY SCHOOL,Z,Y
2425,29,3851,HILLSBOROUGH,SCHMIDT ELEMENTARY SCHOOL,Z,Y
2425,29,3861,HILLSBOROUGH,SCHWARZKOPF ELEMENTARY SCHOOL,Z,N
2425,29,3881,HILLSBOROUGH,SEFFNER ELEMENTARY SCHOOL,Z,Y
2425,29,3900,HILLSBOROUGH,FAMILY EMPOWERMENT SCHOLARSHIP PROGRAM,Z,N
2425,29,3921,HILLSBOROUGH,SEMINOLE HEIGHTS ELEMENTARY SCHOOL,Z,Y
2425,29,3922,HILLSBOROUGH,SESSUMS ELEMENTARY SCHOOL,Z,Y
2425,29,3951,HILLSBOROUGH,SHAW ELEMENTARY SCHOOL,Z,Y
2425,29,3961,HILLSBOROUGH,SHORE ELEMENTARY MAGNET SCHOOL,Z,Y
2425,29,4001,HILLSBOROUGH,SIMMONS CAREER CENTER,Z,N
2425,29,4002,HILLSBOROUGH,SIMMONS EXCEPTIONAL CENTER,Z,Y
2425,29,4141,HILLSBOROUGH,BLOOMINGDALE HIGH SCHOOL,Z,N
2425,29,4143,HILLSBOROUGH,BLOOMINGDALE ADULT AND COMMUNITY SCHOOL,Z,N
2425,29,4151,HILLSBOROUGH,SICKLES HIGH SCHOOL,Z,N
2425,29,4154,HILLSBOROUGH,SOUTH COUNTY CAREER CENTER,Z,Y
2425,29,4155,HILLSBOROUGH,BUILDING CONSTRUCTION ACADEMY AT BOWERS WHITLEY,Z,Y
2425,29,4161,HILLSBOROUGH,SPRINGHEAD ELEMENTARY SCHOOL,Z,Y
2425,29,4171,HILLSBOROUGH,BOWERS/WHITLEY ADULT & COMMUNITY CENTER,Z,N
2425,29,4201,HILLSBOROUGH,SULPHUR SPRINGS K-8 SCHOOL,Z,Y
2425,29,4211,HILLSBOROUGH,SUMMERFIELD ELEMENTARY SCHOOL,Z,Y
2425,29,4212,HILLSBOROUGH,SYMMES ELEMENTARY SCHOOL,Z,Y
2425,29,4221,HILLSBOROUGH,TAMPA BAY TECH HIGH SCHOOL,Z,Y
2425,29,4223,HILLSBOROUGH,TAMPA BAY TECH EVENING SCHOOL,Z,N
2425,29,4241,HILLSBOROUGH,TAMPA BAY BOULEVARD ELEMENTARY SCHOOL,Z,Y
2425,29,4251,HILLSBOROUGH,RAMPELLO K-8 MAGNET SCHOOL,Z,N
2425,29,4261,HILLSBOROUGH,TAMPA PALMS ELEMENTARY SCHOOL,Z,N
2425,29,4281,HILLSBOROUGH,TEMPLE TERRACE ELEMENTARY SCHOOL,Z,Y
2425,29,4321,HILLSBOROUGH,DOROTHY THOMAS CENTER,Z,Y
2425,29,4324,HILLSBOROUGH,THE SPRING,Z,N
2425,29,4325,HILLSBOROUGH,BRYAN ALTERNATIVE SCHOOL,Z,N
2425,29,4326,HILLSBOROUGH,MEACHAM ALTERNATIVE SCHOOL,Z,N
2425,29,4327,HILLSBOROUGH,YOUTH SERVICES EDUCATION PROGRAM,Z,N
2425,29,4328,HILLSBOROUGH,TRANSITION SCHOOL,Z,N
2425,29,4329,HILLSBOROUGH,CHILDRENS SERVICES CHILD AND FAMILY COUNSELING SERVICES,Z,N
2425,29,4330,HILLSBOROUGH,HAYNES SCHOOL,Z,N
2425,29,4331,HILLSBOROUGH,NORTH TAMPA SUCCESS CENTER,Z,Y
2425,29,4332,HILLSBOROUGH,BRANDON SUCCESS CENTER,Z,Y
2425,29,4333,HILLSBOROUGH,EAST COUNTY ALTERNATIVE SCHOOL,Z,N
2425,29,4334,HILLSBOROUGH,TEEN PARENT EAST PROGRAM,Z,N
2425,29,4339,HILLSBOROUGH,CATAPULT ACADEMY,Z,N
2425,29,4340,HILLSBOROUGH,FOUNDATION SCHOOL,Z,N
2425,29,4351,HILLSBOROUGH,TEEN PARENT WEST,Z,N
2425,29,4352,HILLSBOROUGH,TEEN PARENT NORTH,Z,N
2425,29,4353,HILLSBOROUGH,TEEN PARENT SOUTH,Z,N
2425,29,4361,HILLSBOROUGH,THONOTOSASSA ELEMENTARY SCHOOL,Z,Y
2425,29,4381,HILLSBOROUGH,TINKER K-8 SCHOOL,Z,N
2425,29,4391,HILLSBOROUGH,ACTS,Z,N
2425,29,4441,HILLSBOROUGH,TOWN & COUNTRY ELEMENTARY SCHOOL,Z,Y
2425,29,4442,HILLSBOROUGH,WEBB MIDDLE SCHOOL,Z,Y
2425,29,4481,HILLSBOROUGH,TRAPNELL ELEMENTARY SCHOOL,Z,Y
2425,29,4522,HILLSBOROUGH,TURKEY CREEK MIDDLE SCHOOL,Z,Y
2425,29,4561,HILLSBOROUGH,TWIN LAKES ELEMENTARY SCHOOL,Z,Y
2425,29,4562,HILLSBOROUGH,CAMINITI EXCEPTIONAL CENTER,Z,Y
2425,29,4581,HILLSBOROUGH,VALRICO ELEMENTARY SCHOOL,Z,N
2425,29,4591,HILLSBOROUGH,WALDEN LAKE ELEMENTARY SCHOOL,Z,N
2425,29,4592,HILLSBOROUGH,WALKER MIDDLE SCHOOL,Z,N
2425,29,4601,HILLSBOROUGH,WASHINGTON ELEMENTARY SCHOOL,Z,Y
2425,29,4611,HILLSBOROUGH,WALKER MIDDLE MAGNET SCHOOL,Z,N
2425,29,4651,HILLSBOROUGH,WESTCHASE ELEMENTARY SCHOOL,Z,N
2425,29,4681,HILLSBOROUGH,WESTSHORE ELEMENTARY SCHOOL,Z,Y
2425,29,4722,HILLSBOROUGH,WEST TAMPA ELEMENTARY SCHOOL,Z,Y
2425,29,4731,HILLSBOROUGH,WHARTON HIGH SCHOOL,Z,N
2425,29,4741,HILLSBOROUGH,WILLIAMS MIDDLE MAGNET SCHOOL,Z,N
2425,29,4747,HILLSBOROUGH,JAMES ELEMENTARY SCHOOL,Z,Y
2425,29,4761,HILLSBOROUGH,WILSON MIDDLE SCHOOL,Z,N
2425,29,4801,HILLSBOROUGH,WILSON ELEMENTARY SCHOOL,Z,Y
2425,29,4841,HILLSBOROUGH,WIMAUMA ELEMENTARY SCHOOL,Z,Y
2425,29,4921,HILLSBOROUGH,WITTER ELEMENTARY SCHOOL,Z,Y
2425,29,4941,HILLSBOROUGH,WOODBRIDGE ELEMENTARY SCHOOL,Z,Y
2425,29,4961,HILLSBOROUGH,YATES ELEMENTARY SCHOOL,Z,Y
2425,29,5001,HILLSBOROUGH,REGION WEST ADULT/COMMUNITY,Z,N
2425,29,5002,HILLSBOROUGH,REGION 2 ADULT/COMMUNITY,Z,N
2425,29,5003,HILLSBOROUGH,REGION 3 ADULT/COMMUNITY,Z,N
2425,29,5004,HILLSBOROUGH,REGION 4 ADULT/COMMUNITY,Z,N
2425,29,5005,HILLSBOROUGH,REGION EAST ADULT/COMMUNITY,Z,N
2425,29,5006,HILLSBOROUGH,REGION 6 ADULT/COMMUNITY,Z,N
2425,29,5020,HILLSBOROUGH,ADULT CENTRAL,Z,N
2425,29,5021,HILLSBOROUGH,TECHNICAL AND ADULT DISTANCE LEARNING           (INACTIVE 05/03),Z,N
2425,29,5041,HILLSBOROUGH,YOUNG MIDDLE MAGNET SCHOOL,Z,Y
2425,29,5042,HILLSBOROUGH,HILLSBOROUGH GIRLS ACADEMY,Z,N
2425,29,5043,HILLSBOROUGH,HILLSBOROUGH ALTERNATIVE RESIDENTIAL PROGRAM - HARP,Z,N
2425,29,5044,HILLSBOROUGH,"DETENTION CENTER, WEST",Z,N
2425,29,5045,HILLSBOROUGH,HILLSBOROUGH GROUP TREATMENT HOME #1,Z,N
2425,29,5046,HILLSBOROUGH,"DETENTION CENTER, EAST",Z,N
2425,29,5047,HILLSBOROUGH,HILLSBOROUGH SHOP,Z,N
2425,29,5048,HILLSBOROUGH,LES PETERS ACADEMY,Z,N
2425,29,5049,HILLSBOROUGH,PROGRESSIVE ADOLESCENT TREATMENT/IHWH (PATHH),Z,N
2425,29,5050,HILLSBOROUGH,HILLSBOROUGH GROUP TREATMENT HOME #2,Z,N
2425,29,5051,HILLSBOROUGH,AMI KIDS TAMPA,Z,N
2425,29,5052,HILLSBOROUGH,AMI KIDS YES,Z,N
2425,29,5053,HILLSBOROUGH,GIRLS PROGRAM-NORTHSIDE,Z,N
2425,29,5054,HILLSBOROUGH,PACE CENTER FOR GIRLS,Z,N
2425,29,5055,HILLSBOROUGH,FAMILY ENRICHMENT NETWORK,Z,N
2425,29,5056,HILLSBOROUGH,TAMPA RESIDENTIAL FACILITY,Z,N
2425,29,5057,HILLSBOROUGH,AUTO BODY,Z,N
2425,29,5058,HILLSBOROUGH,FALKENBURG ROAD JAIL,Z,N
2425,29,5059,HILLSBOROUGH,TAMPA MARINE EVENING,Z,N
2425,29,5060,HILLSBOROUGH,RIVERSIDE ACADEMY,Z,N
2425,29,5061,HILLSBOROUGH,PROJECT CRAFT,Z,N
2425,29,5062,HILLSBOROUGH,COLUMBUS RESIDENTIAL JUVENILE FACILITY,Z,N
2425,29,5071,HILLSBOROUGH,LAKE ACADEMY,Z,N
2425,29,5109,HILLSBOROUGH,LAKE ACADEMY SECURE,Z,N
2425,29,5215,HILLSBOROUGH,WIMAUMA ACADEMY,Z,N
2425,29,5320,HILLSBOROUGH,SECONDARY SUMMER PROGRAMS AT USF,Z,N
2425,29,5321,HILLSBOROUGH,SECONDARY SUMMER PROGRAMS AT TAMPA UNIVERSITY,Z,N
2425,29,5322,HILLSBOROUGH,SUMMER MIDDLE GIFTED PROGRAMS AT MOSI,Z,N
2425,29,5323,HILLSBOROUGH,NATURE'S CLASSROOM SUMMER PROGRAMS,Z,N
2425,29,5371,HILLSBOROUGH,HOSPITAL/HOMEBOUND/HOMEBASED PROGRAMS,Z,N
2425,29,5372,HILLSBOROUGH,ESE BIRTH THRU AGE 5,Z,N
2425,29,5375,HILLSBOROUGH,PRE-K ESE COMMUNITY PEEPS,Z,N
2425,29,6529,HILLSBOROUGH,DELIA SANCHEZ FULL SERVICE SCHOOL,Z,N
2425,29,6531,HILLSBOROUGH,ENCORE,Z,N
2425,29,6601,HILLSBOROUGH,RICHARDSON MONTESSORI ACADEMY,R,N
2425,29,6602,HILLSBOROUGH,TAMPA BAY ACADEMY,R,N
2425,29,6603,HILLSBOROUGH,EASTSIDE MULTICULTURAL SCHOOL,R,N
2425,29,6604,HILLSBOROUGH,METROPOLITAN MINISTRIES,R,N
2425,29,6605,HILLSBOROUGH,USF/PATEL PRIMARY CHARTER SCHOOL,R,N
2425,29,6606,HILLSBOROUGH,TERRACE COMMUNITY MIDDLE SCHOOL,R,N
2425,29,6607,HILLSBOROUGH,TAMPA UNITED METHODIST,R,N
2425,29,6608,HILLSBOROUGH,VILLAGE OF EXCELLENCE ACADEMY,R,Y
2425,29,6609,HILLSBOROUGH,PEPIN ACADEMIES,R,N
2425,29,6610,HILLSBOROUGH,REBIRTH ACADEMY,R,N
2425,29,6611,HILLSBOROUGH,SPECIAL KIDZ CHARTER SCHOOL,R,N
2425,29,6612,HILLSBOROUGH,TRINITY SCHOOL FOR CHILDREN - LOWER DIVISION,R,N
2425,29,6613,HILLSBOROUGH,LEARNING GATE COMMUNITY SCHOOL,R,N
2425,29,6614,HILLSBOROUGH,RICHARD MILBURN ACADEMY,R,N
2425,29,6615,HILLSBOROUGH,RCMA WIMAUMA COMMUNITY ACADEMY,R,Y
2425,29,6616,HILLSBOROUGH,CENTRAL CITY ELEMENTARY OF TAMPA,R,N
2425,29,6617,HILLSBOROUGH,NORTH TAMPA ALTERNATIVE CHARTER SCHOOL,R,N
2425,29,6618,HILLSBOROUGH,WILBESAN ACADEMY,R,N
2425,29,6619,HILLSBOROUGH,ANDERSON ELEMENTARY ACADEMY,R,N
2425,29,6620,HILLSBOROUGH,HORIZON CHARTER SCHOOL OF TAMPA,R,N
2425,29,6621,HILLSBOROUGH,LEGACY PREPARATORY ACADEMY,R,Y
2425,29,6622,HILLSBOROUGH,PRINCE ACADEMY,R,N
2425,29,6623,HILLSBOROUGH,WALTON ACADEMY,R,Y
2425,29,6624,HILLSBOROUGH,TRINITY SCHOOL FOR CHILDREN,R,N
2425,29,6625,HILLSBOROUGH,LITERACY/LEADERSHIP/TECHNOLOGY ACADEMY,R,N
2425,29,6626,HILLSBOROUGH,KIDS COMMUNITY COLLEGE RIVERVIEW SOUTH (K-12),R,N
2425,29,6627,HILLSBOROUGH,USF/PATEL INTERMEDIATE CHARTER SCHOOL,R,N
2425,29,6628,HILLSBOROUGH,PEPIN ELEMENTARY SCHOOL,R,N
2425,29,6630,HILLSBOROUGH,PEPIN TRANSITIONAL SCHOOL,R,N
2425,29,6631,HILLSBOROUGH,PEPIN MIDDLE SCHOOL,R,N
2425,29,6632,HILLSBOROUGH,CARL SAGAN ACADEMY,R,N
2425,29,6634,HILLSBOROUGH,BROOKS DEBARTOLO COLLEGIATE HIGH SCHOOL,R,N
2425,29,6637,HILLSBOROUGH,INDEPENDENCE ACADEMY,R,N
2425,29,6639,HILLSBOROUGH,FLORIDA AUTISM CHARTER SCHOOL OF EXCELLENCE,R,N
2425,29,6642,HILLSBOROUGH,LITERACY LEADERSHIP CHARTER HIGH SCHOOL,R,N
2425,29,6643,HILLSBOROUGH,COMMUNITY CHARTER SCHOOL OF EXCELLENCE,R,N
2425,29,6644,HILLSBOROUGH,ADVANTAGE ACADEMY OF HILLSBOROUGH,R,Y
2425,29,6645,HILLSBOROUGH,ADVANTAGE ACADEMY MIDDLE SCHOOL,R,N
2425,29,6646,HILLSBOROUGH,SEMINOLE HEIGHTS CHARTER HIGH SCHOOL,R,N
2425,29,6647,HILLSBOROUGH,NEWPOINT HIGH OF TAMPA,R,N
2425,29,6648,HILLSBOROUGH,INDEPENDENCE ACADEMY MIDDLE SCHOOL,R,N
2425,29,6649,HILLSBOROUGH,VALRICO LAKE ADVANTAGE ACADEMY,R,N
2425,29,6650,HILLSBOROUGH,KID'S COMMUNITY COLLEGE MIDDLE CHARTER SCHOOL,R,N
2425,29,6651,HILLSBOROUGH,A T JONES MATH SCIENCE AND TECHNOLOGY ACADEMY,R,N
2425,29,6652,HILLSBOROUGH,CHANNELSIDE ACADEMY OF MATH AND SCIENCE,R,N
2425,29,6653,HILLSBOROUGH,WOODMONT CHARTER SCHOOL,R,Y
2425,29,6654,HILLSBOROUGH,NEW SPRINGS SCHOOL,R,N
2425,29,6655,HILLSBOROUGH,LUTZ PREPARATORY SCHOOL,R,N
2425,29,6656,HILLSBOROUGH,PIVOT CHARTER SCHOOL,R,N
2425,29,6657,HILLSBOROUGH,NEW SPRINGS SCHOOLS,R,Y
2425,29,6658,HILLSBOROUGH,WINTHROP CHARTER SCHOOL,R,N
2425,29,6659,HILLSBOROUGH,WEST UNIVERSITY CHARTER HIGH,R,N
2425,29,6660,HILLSBOROUGH,COMMUNITY CHARTER MIDDLE SCHOOL OF EXCELLENCE,R,N
2425,29,6661,HILLSBOROUGH,BELL CREEK ACADEMY,R,N
2425,29,6662,HILLSBOROUGH,HENDERSON HAMMOCK CHARTER SCHOOL,R,Y
2425,29,6663,HILLSBOROUGH,CHANNELSIDE ACADEMY MIDDLE SCHOOL,R,N
2425,29,6665,HILLSBOROUGH,GATES SENIOR HIGH SCHOOL,R,N
2425,29,6666,HILLSBOROUGH,KINGS KIDS ACADEMY OF HEALTH SCIENCES,R,N
2425,29,6667,HILLSBOROUGH,KIDS COMMUNITY COLLEGE RIVERVIEW SOUTHEAST,R,N
2425,29,6668,HILLSBOROUGH,BELL CREEK ACADEMY,R,N
2425,29,6669,HILLSBOROUGH,RCMA LEADERSHIP ACADEMY,R,N
2425,29,6670,HILLSBOROUGH,WE PHILLIPS LEARNING ACADEMY,R,N
2425,29,6671,HILLSBOROUGH,HILLSBOROUGH ACADEMY OF MATH AND SCIENCE,R,N
2425,29,7001,HILLSBOROUGH,HILLSBOROUGH VIRT INSTR PRGS,Z,N
2425,29,7004,HILLSBOROUGH,HILLSBOROUGH VIRTUAL FRANCHISE HIGH SCHOOL,Z,N
2425,29,7006,HILLSBOROUGH,HILLSBOROUGH VIRTUAL INSTRUCTION COURSE OFFERINGS,Z,N
2425,29,7023,HILLSBOROUGH,HILLSBOROUGH VIRTUAL SCHOOL,Z,N
2425,29,7672,HILLSBOROUGH,FOCUS ACADEMY,R,N
2425,29,7675,HILLSBOROUGH,BRIDGEPREP ACADEMY OF TAMPA,R,Y
2425,29,7677,HILLSBOROUGH,TOWN & COUNTRY CHARTER HIGH SCHOOL,R,N
2425,29,7678,HILLSBOROUGH,FLORIDA VIRTUAL ACADEMY AT HILLSBOROUGH COUNTY,R,N
2425,29,7679,HILLSBOROUGH,LUTZ PREPARATORY MIDDLE SCHOOL,R,N
2425,29,7680,HILLSBOROUGH,VILLAGE OF EXCELLENCE MIDDLE SCHOOL,R,N
2425,29,7681,HILLSBOROUGH,SUNLAKE ACADEMY OF MATH AND SCIENCES,R,N
2425,29,7781,HILLSBOROUGH,EXCELSIOR PREP CHARTER MIDDLE SCHOOL,R,Y
2425,29,7791,HILLSBOROUGH,EXCELSIOR PREP CHARTER SCHOOL,R,Y
2425,29,7801,HILLSBOROUGH,TRANSPORTATION COMPLEX,Z,N
2425,29,7803,HILLSBOROUGH,CREEKSIDE CHARTER ACADEMY,R,Y
2425,29,7805,HILLSBOROUGH,WATERSET CHARTER SCHOOL,R,N
2425,29,7806,HILLSBOROUGH,SOUTHSHORE CHARTER ACADEMY,R,N
2425,29,7811,HILLSBOROUGH,VICTORY CHARTER SCHOOL TAMPA,R,N
2425,29,7812,HILLSBOROUGH,BRIDGEPREP ACADEMY OF RIVERVIEW,R,Y
2425,29,7813,HILLSBOROUGH,KIDS COMMUNITY COLLEGE CHARTER HIGH SCHOOL,R,N
2425,29,7814,HILLSBOROUGH,PLATO COLLEGIATE ACADEMY TAMPA,R,N
2425,29,7815,HILLSBOROUGH,SPORTS LEADERSHIP AND MANAGEMENT ACADEMY (TAMPA),R,Y
2425,29,7816,HILLSBOROUGH,EAST TAMPA ACADEMY,R,N
2425,29,7817,HILLSBOROUGH,BIG BEND ACADEMY OF MATH AND SCIENCE,R,N
2425,29,7818,HILLSBOROUGH,RIVERVIEW ACADEMY OF MATH AND SCIENCE,R,N
2425,29,7821,HILLSBOROUGH,KIDS COMMUNITY COLLEGE SOUTHEAST MIDDLE CHARTER SCHOOL,R,N
2425,29,7822,HILLSBOROUGH,THE COLLABORATORY PREPARATORY ACADEMY,R,Y
2425,29,7823,HILLSBOROUGH,NAVIGATOR ACADEMY OF LEADERSHIP VALRICO,R,N
2425,29,7824,HILLSBOROUGH,SLAM ACADEMY TAMPA ELEMENTARY,R,Y
2425,29,7825,HILLSBOROUGH,SLAM ACADEMY AT APOLLO BEACH,R,Y
2425,29,7826,HILLSBOROUGH,FLORIDA CONNECTIONS ACADEMY,R,N
2425,29,7827,HILLSBOROUGH,DR KIRAN C PATEL HIGH SCHOOL,R,N
2425,29,7828,HILLSBOROUGH,BRIDGEPREP ACADEMY OF ADVANCED STUDIES OF HILLSBOROUGH,R,Y
2425,29,7831,HILLSBOROUGH,LITERACY LEADERSHIP TECHNOLOGY ACADEMY SOUTH BAY,R,N
2425,29,7832,HILLSBOROUGH,WINTHROP COLLEGE PREP ACADEMY,R,N
2425,29,7834,HILLSBOROUGH,RIVERVIEW ACADEMY HIGH SCHOOL,R,N
2425,29,7835,HILLSBOROUGH,IDEA VICTORY,R,N
2425,29,7836,HILLSBOROUGH,IDEA VICTORY VINIK COLLEGE PREP,R,N
2425,29,7839,HILLSBOROUGH,IDEA IGNITE,R,N
2425,29,7840,HILLSBOROUGH,IDEA HOPE,R,N
2425,29,7841,HILLSBOROUGH,IDEA HOPE COLLEGE PREP,R,N
2425,29,7843,HILLSBOROUGH,DR. KIRAN C. PATEL ELEMENTARY SCHOOL,R,N
2425,29,7847,HILLSBOROUGH,MATER ACADEMY HILLS,R,N
2425,29,7849,HILLSBOROUGH,MATER ACADEMY HILLS MIDDLE,R,N
2425,29,7850,HILLSBOROUGH,VICTORY CHARTER SCHOOL TAMPA 6-12,R,N
2425,29,7852,HILLSBOROUGH,NAVIGATOR ACADEMY OF LEADERSHIP SOUTHSHORE,R,N
2425,29,9001,HILLSBOROUGH,HILLSBOROUGH DISTRICT OFFICE,Z,N
2425,29,9045,HILLSBOROUGH,CONTRACTED RESIDENTIAL SERVICES,Z,N
2425,29,9321,HILLSBOROUGH,SUMMER MATH & SCIENCE PROGRAM AT USF,Z,N
2425,29,9322,HILLSBOROUGH,SUMMER MIDDLE SCHOOL GIFTED,Z,N
2425,29,9325,HILLSBOROUGH,ALTERNATIVE SCHOOL PROGRAMS,Z,N
2425,29,9327,HILLSBOROUGH,YOUTH SERVICES EDUCATION PROGRAM,Z,N
2425,29,9329,HILLSBOROUGH,ALTERNATIVE EDUCATION,Z,N
2425,29,9339,HILLSBOROUGH,WESTSHORE ALLIANCE PARTNERSHIP SCHOOL,Z,N
2425,29,9347,HILLSBOROUGH,EARLY CHILDHOOD & HOST PROGRAMS,Z,N
2425,29,9349,HILLSBOROUGH,MIGRANT SUMMER INSTITUTE,Z,N
2425,29,9371,HILLSBOROUGH,VELASCO EXCEPTIONAL CENTER,Z,N
2425,29,9376,HILLSBOROUGH,BEVIS SCHOOL - FMHI,Z,N
2425,29,9523,HILLSBOROUGH,ADULT & COMMUNITY EDUCATION CENTER,Z,N
2425,29,9997,HILLSBOROUGH,MIGRANT NON-ENROLLED STUDENTS,Z,N
2425,29,9998,HILLSBOROUGH,HOME EDUCATION PROGRAM STUDENTS,Z,N
2425,30,12,HOLMES,BONIFAY MIDDLE SCHOOL,Z,N
2425,30,31,HOLMES,POPLAR SPRINGS HIGH SCHOOL,Z,Y
2425,30,41,HOLMES,BETHLEHEM HIGH SCHOOL,Z,Y
2425,30,61,HOLMES,PONCE DE LEON HIGH SCHOOL,Z,Y
2425,30,111,HOLMES,PONCE DE LEON ELEMENTARY SCHOOL,Z,Y
2425,30,121,HOLMES,BONIFAY ELEMENTARY SCHOOL,Z,N
2425,30,261,HOLMES,HOLMES COUNTY HIGH SCHOOL,Z,Y
2425,30,262,HOLMES,BONIFAY K-8 SCHOOL,Z,Y
2425,30,471,HOLMES,GRADUATION ASSISTANCE PROGRAM,Z,N
2425,30,3012,HOLMES,WEST FLORIDA WILDERNESS INSTI.,Z,N
2425,30,3450,HOLMES,PERSONALIZED EDUCATION PROGRAM,Z,N
2425,30,3518,HOLMES,MCKAY SCHOLARSHIP PROGRAM,Z,N
2425,30,3818,HOLMES,OPPORTUNITY SCHOLARSHIP/SCHOOL OF ENROLLMENT,Z,N
2425,30,3900,HOLMES,FAMILY EMPOWERMENT SCHOLARSHIP PROGRAM,Z,N
2425,30,7001,HOLMES,HOLMES VIRTUAL-VENDOR INSTRUCTION PROGRAM,Z,N
2425,30,7004,HOLMES,HOLMES VIRTUAL-FRANCHISE FLVS,Z,N
2425,30,7006,HOLMES,FUTURE VIRTUAL SCHOOL,Z,N
2425,30,7023,HOLMES,HOLMES VIRTUAL-DISTRICT INSTRUCTION PROGRAM,Z,N
2425,30,9001,HOLMES,HOLMES DISTRICT OFFICE,Z,N
2425,30,9002,HOLMES,HOLMES COUNTY ADULT EDUCATION,Z,N
2425,30,9045,HOLMES,CONTRACTED RESIDENTIAL SERVICES,Z,N
2425,30,9997,HOLMES,MIGRANT NON-ENROLLED STUDENTS,Z,N
2425,30,9998,HOLMES,HOME EDUCATION PROGRAM,Z,N
2425,31,21,INDIAN RIVER,VERO BEACH JUNIOR HIGH SCHOOL,Z,N
2425,31,31,INDIAN RIVER,VERO BEACH HIGH SCHOOL,Z,N
2425,31,32,INDIAN RIVER,TREASURE COAST TECHNICAL COLLEGE,Z,N
2425,31,33,INDIAN RIVER,IR PREP,Z,N
2425,31,41,INDIAN RIVER,ROSEWOOD MAGNET SCHOOL,Z,N
2425,31,51,INDIAN RIVER,OSCEOLA MAGNET SCHOOL,Z,N
2425,31,61,INDIAN RIVER,BEACHLAND ELEMENTARY SCHOOL,Z,N
2425,31,81,INDIAN RIVER,GIFFORD MIDDLE SCHOOL,Z,Y
2425,31,82,INDIAN RIVER,INDIAN RIVER GIFFORD MIDDLE 6,Z,N
2425,31,101,INDIAN RIVER,FELLSMERE ELEMENTARY SCHOOL,Z,Y
2425,31,121,INDIAN RIVER,PELICAN ISLAND ELEMENTARY SCHOOL,Z,Y
2425,31,131,INDIAN RIVER,WABASSO SCHOOL,Z,Y
2425,31,141,INDIAN RIVER,CITRUS ELEMENTARY SCHOOL,Z,Y
2425,31,151,INDIAN RIVER,DODGERTOWN ELEMENTARY SCHOOL,Z,Y
2425,31,161,INDIAN RIVER,VERO BEACH ELEMENTARY SCHOOL,Z,Y
2425,31,171,INDIAN RIVER,SEBASTIAN RIVER MIDDLE SCHOOL,Z,Y
2425,31,181,INDIAN RIVER,THOMPSON LIFELONG LEARNING CENTER,Z,N
2425,31,191,INDIAN RIVER,SEBASTIAN ELEMENTARY SCHOOL,Z,Y
2425,31,201,INDIAN RIVER,GLENDALE ELEMENTARY SCHOOL,Z,Y
2425,31,221,INDIAN RIVER,INDIAN RIVER ACADEMY,Z,Y
2425,31,271,INDIAN RIVER,OSLO MIDDLE SCHOOL,Z,Y
2425,31,291,INDIAN RIVER,SEBASTIAN RIVER HIGH SCHOOL,Z,N
2425,31,301,INDIAN RIVER,LIBERTY MAGNET SCHOOL,Z,N
2425,31,341,INDIAN RIVER,TREASURE COAST ELEMENTARY SCHOOL,Z,Y
2425,31,371,INDIAN RIVER,STORM GROVE MIDDLE SCHOOL,Z,N
2425,31,3450,INDIAN RIVER,PERSONALIZED EDUCATION PROGRAM,Z,N
2425,31,3518,INDIAN RIVER,MCKAY SCHOLARSHIP/SCHOOL OF ENROLLMENT,Z,N
2425,31,3818,INDIAN RIVER,OPPORTUNITY SCHOLARSHIP/SCHOOL OF ENROLLMENT,Z,N
2425,31,3900,INDIAN RIVER,FAMILY EMPOWERMENT SCHOLARSHIP PROGRAM,Z,N
2425,31,5001,INDIAN RIVER,INDIAN RIVER CHARTER HIGH SCHOOL,R,N
2425,31,5002,INDIAN RIVER,ST. PETER'S ACADEMY,R,Y
2425,31,5003,INDIAN RIVER,NORTH COUNTY CHARTER SCHOOL,R,N
2425,31,5004,INDIAN RIVER,INDIAN RIVER ACADEMY,R,N
2425,31,5005,INDIAN RIVER,SEBASTIAN CHARTER JUNIOR HIGH SCHOOL,R,N
2425,31,5006,INDIAN RIVER,IMAGINE AT SOUTH VERO,R,N
2425,31,7001,INDIAN RIVER,INDIAN RIVER VIRTUAL INSTRUCTION PROGRAM,Z,N
2425,31,7004,INDIAN RIVER,FUTURE VIRTUAL SCHOOL,Z,N
2425,31,7006,INDIAN RIVER,INDIAN RIVER VIRTUAL COURSE OFFERINGS,Z,N
2425,31,7023,INDIAN RIVER,FUTURE VIRTUAL SCHOOL,Z,N
2425,31,9001,INDIAN RIVER,INDIAN RIVER DISTRICT OFFICE,Z,N
2425,31,9002,INDIAN RIVER,EXCEPTIONAL STUDENT EDUCATION,Z,N
2425,31,9045,INDIAN RIVER,CONTRACTED RESIDENTIAL SERVICES,Z,N
2425,31,9997,INDIAN RIVER,MIGRANT NON-ENROLLED STUDENTS,Z,N
2425,31,9998,INDIAN RIVER,HOME EDUCATION PROGRAM STUDENTS,Z,N
2425,32,21,JACKSON,MARIANNA HIGH SCHOOL,Z,Y
2425,32,23,JACKSON,JACKSON ACADEMY OF APPLIED TECHNOLOGY,Z,N
2425,32,24,JACKSON,JACKSON COUNTY EARLY CHILDHOOD CENTER,Z,N
2425,32,31,JACKSON,FRANK M. GOLSON ELEMENTARY SCHOOL,Z,N
2425,32,41,JACKSON,RIVERSIDE ELEMENTARY SCHOOL,Z,N
2425,32,51,JACKSON,MARIANNA K-8 SCHOOL,Z,Y
2425,32,61,JACKSON,MARIANNA MIDDLE SCHOOL,Z,N
2425,32,121,JACKSON,MALONE SCHOOL,Z,Y
2425,32,141,JACKSON,SNEADS HIGH SCHOOL,Z,Y
2425,32,151,JACKSON,JACKSON COUNTY JAIL INSTRUCTION,Z,N
2425,32,152,JACKSON,JACKSON COUNTY HOME/NIGHT INSTRUCTION,Z,N
2425,32,153,JACKSON,CENTER FOR THE ADVANCEMENT OF CHILDREN'S LEARNING,Z,N
2425,32,154,JACKSON,JACKSON COUNTY TEEN PARENTING PROGRAM,Z,N
2425,32,171,JACKSON,SNEADS ELEMENTARY SCHOOL,Z,Y
2425,32,181,JACKSON,GRAND RIDGE SCHOOL,Z,Y
2425,32,202,JACKSON,HOPE SCHOOL,Z,Y
2425,32,212,JACKSON,JACKSON ALTERNATIVE SCHOOL,Z,Y
2425,32,251,JACKSON,COTTONDALE HIGH SCHOOL,Z,Y
2425,32,271,JACKSON,COTTONDALE ELEMENTARY SCHOOL,Z,Y
2425,32,301,JACKSON,GRACEVILLE ELEMENTARY SCHOOL,Z,N
2425,32,491,JACKSON,GRACEVILLE SCHOOL,Z,Y
2425,32,501,JACKSON,MARIANNA ADULT CENTER,Z,N
2425,32,504,JACKSON,JACKSON ADULTS WITH DISABILITIES,Z,N
2425,32,3450,JACKSON,PERSONALIZED EDUCATION PROGRAM,Z,N
2425,32,3518,JACKSON,MCKAY SCHOLARSHIP/SCHOOL OF ENROLLMENT,Z,N
2425,32,3818,JACKSON,OPPORTUNITY SCHOLARSHIP/SCHOOL OF ENROLLMENT,Z,N
2425,32,3900,JACKSON,FAMILY EMPOWERMENT SCHOLARSHIP PROGRAM,Z,N
2425,32,7001,JACKSON,JACKSON VIRTUAL INSTRUCTION PROGRAM,Z,N
2425,32,7004,JACKSON,JACKSON VIRTUAL FRANCHISE,Z,N
2425,32,7006,JACKSON,JACKSON VIRTUAL INSTRUCTION COURSE OFFERINGS,Z,N
2425,32,7023,JACKSON,JACKSON VIRTUAL SCHOOL,Z,N
2425,32,9001,JACKSON,JACKSON DISTRICT OFFICE,Z,N
2425,32,9003,JACKSON,DIST WIDE HOMEBOUND PROGRAM,Z,N
2425,32,9004,JACKSON,DIST WIDE VISUALLY HANDICAPPED,Z,N
2425,32,9005,JACKSON,DIST WIDE GIFTED PROGRAM,Z,N
2425,32,9010,JACKSON,GRACEVILLE VOCATIONAL YOUTH CENTER,Z,N
2425,32,9020,JACKSON,THE DOVE (DEVELOPING OPPORTUNITIES THRU VOC. ED.),Z,N
2425,32,9045,JACKSON,CONTRACTED RESIDENTIAL SERVICES,Z,N
2425,32,9046,JACKSON,JCSB TAPP CONTRACT SITE,Z,N
2425,32,9101,JACKSON,CHALLENGE FOR SUCCESS,R,N
2425,32,9997,JACKSON,MIGRANT NON-ENROLLED STUDENTS,Z,N
2425,32,9998,JACKSON,HOME EDUCATION PROGRAM STUDENTS,Z,N
2425,33,21,JEFFERSON,JEFFERSON COUNTY MIDDLE A SOMERSET CHARTER SCHOOL,R,N
2425,33,22,JEFFERSON,CARE CHARTER SCHOOL OF EXCELLENCE,R,N
2425,33,23,JEFFERSON,JEFFERSON COUNTY ADULT SCHOOL,Z,N
2425,33,24,JEFFERSON,JEFFERSON COUNTY HIGH A SOMERSET CHARTER SCHOOL,R,N
2425,33,31,JEFFERSON,HOWARD MIDDLE SCHOOL,Z,N
2425,33,111,JEFFERSON,JEFFERSON SCHOOLS K-12,Z,Y
2425,33,3450,JEFFERSON,PERSONALIZED EDUCATION PROGRAM,Z,N
2425,33,3518,JEFFERSON,MCKAY SCHOLARSHIP/SCHOOL OF ENROLLMENT,Z,N
2425,33,3818,JEFFERSON,OPPORTUNITY SCHOLARSHIP/SCHOOL OF ENROLLMENT,Z,N
2425,33,3900,JEFFERSON,FAMILY EMPOWERMENT SCHOLARSHIP PROGRAM,Z,N
2425,33,6016,JEFFERSON,TURNING POINT,Z,N
2425,33,7001,JEFFERSON,JEFFERSON VIRTUAL INSTRUCTION PROGRAM,Z,N
2425,33,7004,JEFFERSON,JEFFERSON VIRTUAL FRANCHISE,Z,N
2425,33,7006,JEFFERSON,JEFFERSON VIRTUAL INSTRUCTION COURSE OFFERINGS,Z,N
2425,33,7016,JEFFERSON,MONTICELLO NEW LIFE CENTER,Z,N
2425,33,7023,JEFFERSON,JEFFERSON VIRTUAL INSTRUCTION PROGRAM,Z,N
2425,33,8016,JEFFERSON,BABIES/TAP,Z,N
2425,33,9001,JEFFERSON,JEFFERSON DISTRICT OFFICE,Z,N
2425,33,9005,JEFFERSON,JEFFERSON COUNTY ESE SCHOOL,Z,N
2425,33,9016,JEFFERSON,HEADSTART,Z,N
2425,33,9045,JEFFERSON,CONTRACTED RESIDENTIAL SERVICES,Z,N
2425,33,9997,JEFFERSON,MIGRANT NON-ENROLLED STUDENTS,Z,N
2425,33,9998,JEFFERSON,HOME EDUCATION PROGRAM STUDENTS,Z,N
2425,34,21,LAFAYETTE,LAFAYETTE HIGH SCHOOL,Z,Y
2425,34,22,LAFAYETTE,LAFAYETTE ELEMENTARY SCHOOL,Z,Y
2425,34,23,LAFAYETTE,ADULT EDUCATION,Z,N
2425,34,24,LAFAYETTE,LAFAYETTE MIGRANT (NE),Z,N
2425,34,3450,LAFAYETTE,PERSONALIZED EDUCATION PROGRAM,Z,N
2425,34,3518,LAFAYETTE,MCKAY SCHOLARSHIP/SCHOOL OF ENROLLMENT,Z,N
2425,34,3818,LAFAYETTE,OPPORTUNITY SCHOLARSHIP/SCHOOL OF ENROLLMENT,Z,N
2425,34,3900,LAFAYETTE,FAMILY EMPOWERMENT SCHOLARSHIP PROGRAM,Z,N
2425,34,7001,LAFAYETTE,LAFAYETTE VIRTUAL INSTRUCTION PROGRAM,Z,N
2425,34,7004,LAFAYETTE,LAFAYETTE VIRTUAL FRANCHISE,Z,N
2425,34,7006,LAFAYETTE,LAFAYETTE VIRTUAL INSTRUCTION COURSE OFFERINGS,Z,N
2425,34,7023,LAFAYETTE,LAFAYETTE VIRTUAL INSTRUCTION K-5 FULLTIME,Z,N
2425,34,9001,LAFAYETTE,LAFAYETTE DISTRICT OFFICE,Z,N
2425,34,9045,LAFAYETTE,CONTRACTED RESIDENTIAL SERVICES,Z,N
2425,34,9997,LAFAYETTE,MIGRANT NON-ENROLLED STUDENTS,Z,N
2425,34,9998,LAFAYETTE,HOME EDUCATION PROGRAM STUDENTS,Z,N
2425,35,21,LAKE,ALTOONA ELEMENTARY SCHOOL,Z,N
2425,35,31,LAKE,BEVERLY SHORES ELEMENTARY SCHOOL,Z,Y
2425,35,35,LAKE,LAKE SUCCESS ELEMENTARY SCHOOL,Z,N
2425,35,41,LAKE,CLERMONT ELEMENTARY SCHOOL,Z,N
2425,35,42,LAKE,LINCOLN PARK EDUCATION CENTER,Z,N
2425,35,51,LAKE,CLERMONT HIGH SCHOOL,Z,N
2425,35,61,LAKE,EUSTIS ELEMENTARY SCHOOL,Z,Y
2425,35,67,LAKE,SAWGRASS BAY ELEMENTARY SCHOOL,Z,N
2425,35,68,LAKE,GRASSY LAKE ELEMENTARY SCHOOL,Z,N
2425,35,69,LAKE,SORRENTO ELEMENTARY,Z,N
2425,35,71,LAKE,EUSTIS HEIGHTS ELEMENTARY SCHOOL,Z,Y
2425,35,80,LAKE,EAST RIDGE MIDDLE SCHOOL,Z,N
2425,35,81,LAKE,EUSTIS HIGH SCHOOL,Z,N
2425,35,100,LAKE,MINNEOLA HORIZON ACADEMY K-8,Z,N
2425,35,101,LAKE,FRUITLAND PARK ELEMENTARY SCHOOL,Z,Y
2425,35,111,LAKE,GROVELAND HIGH SCHOOL,Z,N
2425,35,113,LAKE,GRAY MIDDLE SCHOOL,Z,N
2425,35,119,LAKE,THE VILLAGES ELEMENTARY OF LADY LAKE SCHOOL,Z,Y
2425,35,121,LAKE,HARRY-ANNA SCHOOL,Z,N
2425,35,131,LAKE,HOWEY EDUCATION CENTER,Z,N
2425,35,141,LAKE,SEMINOLE SPRINGS ELEMENTARY SCHOOL,Z,N
2425,35,149,LAKE,ROUND LAKE CHARTER SCHOOL,C,N
2425,35,152,LAKE,LEE OPPORTUNITY CENTER,Z,N
2425,35,161,LAKE,LEESBURG HIGH SCHOOL,Z,Y
2425,35,171,LAKE,SOUTH LAKE EDUCATIONAL CENTER,Z,N
2425,35,181,LAKE,MT. DORA HIGH SCHOOL,Z,N
2425,35,191,LAKE,ROSEBOROUGH ELEMENTARY SCHOOL,Z,N
2425,35,201,LAKE,SKEEN ELEMENTARY SCHOOL,Z,N
2425,35,211,LAKE,TAVARES HIGH SCHOOL,Z,N
2425,35,213,LAKE,TAVARES MIDDLE SCHOOL,Z,Y
2425,35,221,LAKE,UMATILLA ELEMENTARY SCHOOL,Z,N
2425,35,231,LAKE,UMATILLA HIGH SCHOOL,Z,Y
2425,35,241,LAKE,TREADWAY ELEMENTARY SCHOOL,Z,Y
2425,35,251,LAKE,OAK PARK MIDDLE SCHOOL,Z,Y
2425,35,261,LAKE,MINNEOLA CHARTER SCHOOL,C,N
2425,35,271,LAKE,ASTATULA ELEMENTARY SCHOOL,Z,N
2425,35,281,LAKE,LOST LAKE ELEMENTARY SCHOOL,Z,N
2425,35,291,LAKE,LEESBURG ELEMENTARY SCHOOL,Z,Y
2425,35,351,LAKE,CARVER MIDDLE SCHOOL,Z,Y
2425,35,371,LAKE,DABNEY ELEMENTARY SCHOOL,Z,N
2425,35,382,LAKE,GROVELAND ELEMENTARY SCHOOL,Z,Y
2425,35,391,LAKE,EUSTIS MIDDLE SCHOOL,Z,N
2425,35,401,LAKE,CLERMONT MIDDLE SCHOOL,Z,N
2425,35,411,LAKE,MT. DORA MIDDLE SCHOOL,Z,N
2425,35,421,LAKE,RIMES EARLY LEARNING & LITERACY CENTER,Z,Y
2425,35,431,LAKE,LAKE POINTE ACADEMY,Z,N
2425,35,471,LAKE,AURELIA M. COLE ACADEMY,Z,N
2425,35,481,LAKE,WINDY HILL MIDDLE SCHOOL,Z,N
2425,35,521,LAKE,TRIANGLE ELEMENTARY SCHOOL,Z,Y
2425,35,531,LAKE,LAKE TECHNICAL COLLEGE,B,N
2425,35,532,LAKE,THE ACADEMY AT LAKE HILLS SCHOOL- SOUTH,Z,N
2425,35,533,LAKE,LAKE HILLS SCHOOL,Z,N
2425,35,536,LAKE,LAKE ACADEMY EUSTIS,Z,N
2425,35,537,LAKE,LAKE TECHNICAL HIGH SCHOOL,Z,N
2425,35,541,LAKE,MASCOTTE CHARTER SCHOOL,C,N
2425,35,551,LAKE,TAVARES ELEMENTARY SCHOOL,Z,Y
2425,35,561,LAKE,UMATILLA ELEMENTARY SCHOOL,Z,N
2425,35,571,LAKE,UMATILLA MIDDLE SCHOOL,Z,Y
2425,35,581,LAKE,ENVIRONMENTAL RESEARCH CENTER,Z,N
2425,35,591,LAKE,PINE RIDGE ELEMENTARY SCHOOL,Z,N
2425,35,597,LAKE,CYPRESS RIDGE ELEMENTARY SCHOOL,Z,N
2425,35,601,LAKE,GRIFFIN EDUCATION CENTER,Z,N
2425,35,620,LAKE,GRIFFIN MIDDLE SCHOOL,Z,N
2425,35,631,LAKE,SPRING CREEK CHARTER SCHOOL,C,Y
2425,35,697,LAKE,EUSTIS MIDDLE SCHOOL,Z,Y
2425,35,701,LAKE,SOUTH LAKE HIGH SCHOOL,Z,N
2425,35,801,LAKE,EAST RIDGE HIGH SCHOOL,Z,N
2425,35,901,LAKE,LAKE MINNEOLA HIGH SCHOOL,Z,N
2425,35,3450,LAKE,PERSONALIZED EDUCATION PROGRAM,Z,N
2425,35,3518,LAKE,MCKAY SCHOLARSHIP/SCHOOL OF ENROLLMENT,Z,N
2425,35,3818,LAKE,OPPORTUNITY SCHOLARSHIP/SCHOOL OF ENROLLMENT,Z,N
2425,35,3900,LAKE,FAMILY EMPOWERMENT SCHOLARSHIP PROGRAM,Z,N
2425,35,7001,LAKE,LAKE VIRTUAL INSTRUCTION PROGRAM,Z,N
2425,35,7004,LAKE,LAKE VIRTUAL FRANCHISE,Z,N
2425,35,7006,LAKE,LAKE VIRTUAL INSTRUCTION COURSE OFFERINGS,Z,N
2425,35,7023,LAKE,LAKE VIRTUAL INSTRUCTION PROGRAM (DISTRICT PROVIDED),Z,N
2425,35,9001,LAKE,LAKE DISTRICT OFFICE,Z,N
2425,35,9002,LAKE,HOPE FOREST ACADEMY,Z,N
2425,35,9004,LAKE,NONSCHOOL EXCEPTIONAL EDUCATION,Z,N
2425,35,9005,LAKE,NONSCHOOL ADULT EDUCATION,Z,N
2425,35,9006,LAKE,NONSCHOOL VOCATIONAL EDUCATION,Z,N
2425,35,9007,LAKE,CHAPTER 1-LAKE COUNTY SCHOOLS,Z,N
2425,35,9009,LAKE,LAKE COUNTY BOY'S RANCH,Z,N
2425,35,9010,LAKE,LAKE ACADEMY LEESBURG,Z,N
2425,35,9013,LAKE,LAKE COUNTY ACER PROGRAM,Z,N
2425,35,9014,LAKE,NON SCHOOL PK,Z,N
2425,35,9016,LAKE,NON-SCHOOL MIGRANT,Z,N
2425,35,9018,LAKE,ALEE ACADEMY CHARTER SCHOOL,R,N
2425,35,9019,LAKE,MILESTONES COMMUNITY SCHOOL,R,N
2425,35,9020,LAKE,HUMANITIES AND FINE ARTS CHARTER SCHOOL,R,N
2425,35,9021,LAKE,ALEE ACADEMY/ACER NIGHT PROG.,Z,N
2425,35,9022,LAKE,ALTERNATIVE EDUCATIONAL DEVELOPMENTAL PROGRAM,Z,N
2425,35,9023,LAKE,NATIONAL DEAF ACADEMY CHARTER SCHOOL,R,N
2425,35,9024,LAKE,MILESTONES COMMUNITY MIDDLE,R,N
2425,35,9025,LAKE,HOPE FOREST ACADEMY,Z,N
2425,35,9026,LAKE,RIVENDELL ACADEMY,R,N
2425,35,9027,LAKE,PINECREST ACADEMY FOUR CORNERS,R,N
2425,35,9028,LAKE,ALTOONA SCHOOL,R,Y
2425,35,9029,LAKE,"MILESTONES COMMUNITY SCHOOL OF LAKE COUNTY, INC.",R,N
2425,35,9030,LAKE,UMATILLA GIRLS ACADEMY,Z,N
2425,35,9031,LAKE,IMAGINE SCHOOLS AT SOUTH LAKE,R,N
2425,35,9032,LAKE,CHERRY LAKE PREPARATORY ACADEMY,R,N
2425,35,9033,LAKE,MATER ACADEMY MT. DORA HIGH SCHOOL,R,N
2425,35,9039,LAKE,PINECREST ACADEMY TAVARES,R,N
2425,35,9041,LAKE,PINECREST LAKES ACADEMY,R,N
2425,35,9043,LAKE,LAKE SUCCESS ACADEMY,Z,N
2425,35,9045,LAKE,CONTRACTED RESIDENTIAL SERVICES,Z,N
2425,35,9061,LAKE,PINECREST LAKES MIDDLE/HIGH ACADEMY,R,N
2425,35,9997,LAKE,MIGRANT NON-ENROLLED STUDENTS,Z,N
2425,35,9998,LAKE,HOME EDUC PROGRAM,Z,N
2425,36,11,LEE,BASIC SCHOOL WEST,Z,N
2425,36,12,LEE,BASIC SCHOOL-SOUTH,Z,N
2425,36,13,LEE,BASIC SCHOOL -EAST,Z,N
2425,36,81,LEE,ALLEN PARK ELEMENTARY SCHOOL,Z,Y
2425,36,91,LEE,THE ALVA SCHOOL,Z,N
2425,36,92,LEE,ALVA ELEMENTARY SCHOOL,Z,N
2425,36,93,LEE,RIVER HALL ELEMENTARY SCHOOL,Z,N
2425,36,121,LEE,BONITA SPRINGS ELEMENTARY SCHOOL,Z,Y
2425,36,131,LEE,CAPE ELEMENTARY SCHOOL,Z,N
2425,36,133,LEE,CHALLENGER MIDDLE SCHOOL,Z,N
2425,36,141,LEE,CYPRESS LAKE MIDDLE SCHOOL,Z,N
2425,36,151,LEE,DUNBAR COMMUNITY SCHOOL,Z,N
2425,36,152,LEE,YOUNG PARENT EDUCATION PROGRAM,Z,Y
2425,36,161,LEE,PAUL LAURENCE DUNBAR MIDDLE SCHOOL,Z,N
2425,36,162,LEE,RAY V. POTTORF ELEMENTARY SCHOOL,Z,Y
2425,36,181,LEE,EDGEWOOD ACADEMY,Z,Y
2425,36,191,LEE,EDISON PARK CREATIVE AND EXPRESSIVE ARTS SCHOOL,Z,N
2425,36,201,LEE,FORT MYERS BEACH ELEMENTARY SCHOOL,Z,N
2425,36,211,LEE,FORT MYERS MIDDLE ACADEMY,Z,Y
2425,36,221,LEE,FORT MYERS HIGH SCHOOL,Z,N
2425,36,222,LEE,FORT MYERS HIGH EDISON CENTER,Z,N
2425,36,231,LEE,HARNS MARSH ELEMENTARY SCHOOL,Z,Y
2425,36,241,LEE,LEHIGH SENIOR HIGH SCHOOL,Z,Y
2425,36,242,LEE,VARSITY LAKES MIDDLE SCHOOL,Z,Y
2425,36,251,LEE,FRANKLIN PARK ELEMENTARY SCHOOL,Z,Y
2425,36,261,LEE,J. COLIN ENGLISH ELEMENTARY SCHOOL,Z,Y
2425,36,271,LEE,LEE MIDDLE SCHOOL,Z,N
2425,36,291,LEE,G. WEAVER HIPPS ELEMENTARY SCHOOL,Z,Y
2425,36,301,LEE,LEHIGH ELEMENTARY SCHOOL,Z,Y
2425,36,311,LEE,NORTH FORT MYERS HIGH SCHOOL,Z,N
2425,36,321,LEE,ORANGE RIVER ELEMENTARY SCHOOL,Z,Y
2425,36,331,LEE,ORANGEWOOD ELEMENTARY SCHOOL,Z,Y
2425,36,341,LEE,PINE ISLAND ELEMENTARY SCHOOL,Z,N
2425,36,351,LEE,LEXINGTON MIDDLE SCHOOL,Z,N
2425,36,361,LEE,THE SANIBEL SCHOOL,Z,N
2425,36,371,LEE,MIRROR LAKES ELEMENTARY SCHOOL,Z,Y
2425,36,381,LEE,TICE ELEMENTARY SCHOOL,Z,Y
2425,36,382,LEE,OAK HAMMOCK MIDDLE SCHOOL,Z,Y
2425,36,391,LEE,TROPIC ISLES ELEMENTARY SCHOOL,Z,Y
2425,36,401,LEE,VILLAS ELEMENTARY SCHOOL,Z,Y
2425,36,411,LEE,MICHIGAN INTERNATIONAL ACADEMY,Z,N
2425,36,421,LEE,HEIGHTS ELEMENTARY SCHOOL,Z,N
2425,36,431,LEE,PINEWOODS ELEMENTARY SCHOOL,Z,N
2425,36,461,LEE,PATRIOT ELEMENTARY SCHOOL,Z,Y
2425,36,471,LEE,TREELINE ELEMENTARY SCHOOL,Z,N
2425,36,481,LEE,AMANECER ELEMENTARY SCHOOL,Z,Y
2425,36,491,LEE,ISLAND COAST HIGH SCHOOL,Z,Y
2425,36,511,LEE,SOUTH FORT MYERS HIGH SCHOOL,Z,Y
2425,36,521,LEE,BAYSHORE ELEMENTARY SCHOOL,Z,N
2425,36,531,LEE,CYPRESS LAKE HIGH SCHOOL,Z,N
2425,36,532,LEE,CYPRESS LAKE CENTER FOR THE ARTS,Z,N
2425,36,541,LEE,FORT MYERS TECHNICAL COLLEGE,Z,N
2425,36,542,LEE,ADULT EDUCATION,Z,N
2425,36,543,LEE,SOUTHWEST FLORIDA PUBLIC SERVICE ACADEMY,Z,N
2425,36,544,LEE,BUSINESS & INDUSTRY SERVICES,Z,N
2425,36,545,LEE,NEW DIRECTIONS CENTER/ACADEMY HIGH SCHOOL,Z,N
2425,36,547,LEE,LEE COUNTY ACCELERATION ACADEMIES,Z,Y
2425,36,551,LEE,LEE COUNTY ALC CENTRAL-HIGH,Z,N
2425,36,552,LEE,SUCCESS ACADEMY,Z,Y
2425,36,561,LEE,TANGLEWOOD ELEMENTARY SCHOOL,Z,N
2425,36,562,LEE,RIVERSIDE CENTER FOR TRAINABLE MENTALLY RETARDED,Z,N
2425,36,571,LEE,CALOOSA ELEMENTARY SCHOOL,Z,Y
2425,36,572,LEE,CALOOSA MIDDLE SCHOOL,Z,Y
2425,36,581,LEE,CAPE CORAL TECHNICAL COLLEGE,Z,N
2425,36,582,LEE,HARNS MARSH MIDDLE SCHOOL,Z,Y
2425,36,591,LEE,RIVERDALE HIGH SCHOOL,Z,N
2425,36,592,LEE,JAMES STEPHENS ELEMENTARY SCHOOL,Z,Y
2425,36,597,LEE,TORTUGA PRESERVE ELEMENTARY SCHOOL,Z,Y
2425,36,601,LEE,NORTH FORT MYERS ACADEMY FOR THE ARTS,Z,N
2425,36,602,LEE,NORTH FT. MYERS ACADEMY FOR THE ARTS-MIDDLE (FORMERLY SUNCOAST MIDDLE),Z,N
2425,36,611,LEE,BONITA SPRINGS MIDDLE CENTER FOR THE ARTS,Z,N
2425,36,621,LEE,CAPE CORAL HIGH SCHOOL,Z,N
2425,36,631,LEE,SAN CARLOS PARK ELEMENTARY SCHOOL,Z,Y
2425,36,641,LEE,PELICAN ELEMENTARY SCHOOL,Z,N
2425,36,651,LEE,ROYAL PALM EXCEPTIONAL SCHOOL CENTER,Z,Y
2425,36,652,LEE,LEMUEL TEAL MIDDLE SCHOOL,Z,Y
2425,36,653,LEE,PACE SCHOOL FOR GIRLS,Z,N
2425,36,661,LEE,SOUTHWEST FLORIDA JUVENILE DETENTION CENTER,Z,N
2425,36,662,LEE,PRICE HALFWAY HOUSE FOR GIRLS,Z,N
2425,36,663,LEE,AMIKIDS SOUTHWEST FLORIDA,Z,N
2425,36,664,LEE,LEE COUNTY N.A.F.I. BOOT CAMP,Z,N
2425,36,666,LEE,PRICE HALFWAY HOUSE,Z,N
2425,36,667,LEE,LEE COUNTY JAIL,Z,N
2425,36,671,LEE,GULF MIDDLE SCHOOL,Z,N
2425,36,672,LEE,GULF ELEMENTARY SCHOOL,Z,N
2425,36,677,LEE,GULF ELEMENTARY SCHOOL,Z,N
2425,36,681,LEE,SPRING CREEK ELEMENTARY SCHOOL,Z,Y
2425,36,682,LEE,SW FL ADDICTION SERVICES-THE VINCE SMITH CENTER,Z,N
2425,36,691,LEE,LEHIGH ACRES MIDDLE SCHOOL,Z,Y
2425,36,701,LEE,BUCKINGHAM EXCEPTIONAL STUDENT CENTER,Z,Y
2425,36,711,LEE,SUNSHINE ELEMENTARY SCHOOL,Z,Y
2425,36,712,LEE,HECTOR A. CAFFERATA JR ELEMENTARY SCHOOL,Z,Y
2425,36,721,LEE,MARINER HIGH SCHOOL,Z,N
2425,36,722,LEE,MARINER MIDDLE SCHOOL,Z,N
2425,36,731,LEE,ESTERO HIGH SCHOOL,Z,N
2425,36,734,LEE,RAYMA C. PAGE ELEMENTARY SCHOOL,Z,N
2425,36,741,LEE,THREE OAKS ELEMENTARY SCHOOL,Z,N
2425,36,745,LEE,EAST LEE COUNTY HIGH SCHOOL,Z,Y
2425,36,751,LEE,SKYLINE ELEMENTARY SCHOOL,Z,Y
2425,36,752,LEE,ALTERNATIVE LEARNING CENTER WEST,Z,N
2425,36,761,LEE,TRAFALGAR MIDDLE SCHOOL,Z,N
2425,36,762,LEE,TRAFALGAR ELEMENTARY SCHOOL,Z,N
2425,36,763,LEE,MANATEE ELEMENTARY SCHOOL,Z,Y
2425,36,771,LEE,DIPLOMAT ELEMENTARY SCHOOL,Z,Y
2425,36,772,LEE,DIPLOMAT MIDDLE SCHOOL,Z,N
2425,36,781,LEE,COLONIAL ELEMENTARY SCHOOL,Z,Y
2425,36,782,LEE,FORT MYERS ACADEMY,Z,N
2425,36,791,LEE,DR CARRIE D ROBINSON LITTLETON ELEMENTARY SCHOOL,Z,Y
2425,36,801,LEE,HANCOCK CREEK ELEMENTARY SCHOOL,Z,Y
2425,36,811,LEE,GATEWAY ELEMENTARY SCHOOL,Z,N
2425,36,821,LEE,THREE OAKS MIDDLE SCHOOL,Z,N
2425,36,831,LEE,DUNBAR HIGH SCHOOL,Z,Y
2425,36,841,LEE,BONITA SPRINGS HIGH SCHOOL,Z,N
2425,36,842,LEE,GATEWAY HIGH SCHOOL,Z,Y
2425,36,851,LEE,VETERANS PARK ACADEMY FOR THE ARTS,Z,Y
2425,36,861,LEE,IDA S. BAKER HIGH SCHOOL,Z,N
2425,36,3450,LEE,PERSONALIZED EDUCATION PROGRAM,Z,N
2425,36,3518,LEE,MCKAY SCHOLARSHIP/SCHOOL OF ENROLLMENT,Z,N
2425,36,3818,LEE,OPPORTUNITY SCHOLARSHIP/SCHOOL OF ENROLLMENT,Z,N
2425,36,3900,LEE,FAMILY EMPOWERMENT SCHOLARSHIP PROGRAM,Z,N
2425,36,4012,LEE,OPTIMA CLASSICAL ACADEMY AT GLADIOLUS,R,N
2425,36,4021,LEE,OPTIMA CLASSICAL ACADEMY AT ESTERO,R,N
2425,36,4100,LEE,THE ISLAND SCHOOL,R,N
2425,36,4101,LEE,RICHARD MILBURN ACADEMY,R,N
2425,36,4102,LEE,BONITA SPRINGS CHARTER SCHOOL,R,N
2425,36,4103,LEE,GATEWAY CHARTER SCHOOL,R,N
2425,36,4111,LEE,MID CAPE GLOBAL ACADEMY,R,N
2425,36,4121,LEE,GATEWAY CHARTER SCHOOL,R,N
2425,36,4131,LEE,LEE CHARTER ACADEMY,R,N
2425,36,4141,LEE,INNOVATION PREPARATORY ACADEMY OF SOUTH FT. MYERS,R,N
2425,36,4143,LEE,OASIS CHARTER ELEMENTARY SCHOOL-SOUTH,R,N
2425,36,4151,LEE,OASIS ELEMENTARY CHARTER SCHOOL-NORTH,R,N
2425,36,4154,LEE,GOODWILL LIFE ACADEMY,R,N
2425,36,4155,LEE,FLORIDA SOUTHWESTERN COLLEGIATE HIGH SCHOOL,R,N
2425,36,4171,LEE,OASIS CHARTER MIDDLE SCHOOL,R,N
2425,36,4181,LEE,OASIS CHARTER HIGH SCHOOL,R,N
2425,36,4201,LEE,LEHIGH CHARTER SCHOOL OF EXCELLENCE,R,N
2425,36,4211,LEE,PIVOT CHARTER SCHOOL,R,N
2425,36,4212,LEE,CITY OF PALMS CHARTER HIGH SCHOOL,R,N
2425,36,4221,LEE,ACCELERATION MIDDLE CHARTER SCHOOL,R,N
2425,36,4222,LEE,BRIGHT SCHOLARS ACADEMY CHARTER,R,N
2425,36,4223,LEE,PALM ACRES CHARTER HIGH SCHOOL,R,N
2425,36,4231,LEE,HERITAGE CHARTER ACADEMY OF CAPE CORAL,R,N
2425,36,4235,LEE,LEE ALTERNATIVE CHARTER HIGH SCHOOL,R,N
2425,36,4241,LEE,UNITY CHARTER SCHOOL OF FORT MYERS,R,N
2425,36,4242,LEE,NORTH NICHOLAS HIGH SCHOOL,R,Y
2425,36,4251,LEE,CORONADO HIGH SCHOOL,R,Y
2425,36,4261,LEE,GATEWAY CHARTER INTERMEDIATE SCHOOL,R,N
2425,36,4274,LEE,ISLAND PARK HIGH SCHOOL,R,N
2425,36,4281,LEE,OAK CREEK CHARTER SCHOOL OF BONITA SPRINGS,R,N
2425,36,4301,LEE,RICHARD MILBURN ACADEMY SOUTH,R,N
2425,36,4302,LEE,DONNA J. BEASLEY TECHNICAL ACADEMY,R,N
2425,36,4303,LEE,NORTHERN PALMS CHARTER HIGH SCHOOL,R,N
2425,36,4304,LEE,HARLEM HEIGHTS COMMUNITY CHARTER SCHOOL,R,Y
2425,36,4305,LEE,ATHENIAN ACADEMY CHARTER SCHOOL,R,N
2425,36,4321,LEE,THE COLLEGIATE SCHOOL OF FORT MYERS,R,N
2425,36,7001,LEE,LEE VIRTUAL INSTRUCTION PROGRAM,Z,N
2425,36,7004,LEE,LEE COUNTY VIRTUAL FRANCHISE,Z,N
2425,36,7006,LEE,LEE VIRTUAL INSTRUCTION (COURSE OFFERINGS),Z,N
2425,36,7023,LEE,LEE COUNTY VIRTUAL INSTRUCTION PROGRAM (DISTRICT PROVIDED),Z,N
2425,36,9001,LEE,LEE DISTRICT OFFICE,Z,N
2425,36,9045,LEE,CONTRACTED RESIDENTIAL SERVICES,Z,N
2425,36,9121,LEE,MIGRANT EDUCATION,Z,N
2425,36,9123,LEE,EARLY CHILDHOOD LEARNING SERVICES,Z,N
2425,36,9450,LEE,COUNTY WIDE EXCEPTIONAL CHILD PROGRAMS,Z,N
2425,36,9997,LEE,MIGRANT NON-ENROLLED STUDENTS,Z,N
2425,36,9998,LEE,HOME EDUCATION PROGRAM STUDENTS,Z,N
2425,37,21,LEON,LEON HIGH SCHOOL,Z,N
2425,37,31,LEON,KATE SULLIVAN ELEMENTARY SCHOOL,Z,N
2425,37,32,LEON,ELIZABETH COBB MIDDLE SCHOOL,Z,N
2425,37,41,LEON,FRANK HARTSFIELD ELEMENTARY SCHOOL,Z,Y
2425,37,51,LEON,JAMES RICKARDS HIGH SCHOOL,Z,Y
2425,37,61,LEON,BOND-WESSON ELEMENTARY SCHOOL,Z,N
2425,37,71,LEON,SABAL PALM ELEMENTARY SCHOOL,Z,Y
2425,37,81,LEON,CAROLINE BREVARD ELEMENTARY SCHOOL,Z,N
2425,37,91,LEON,RUEDIGER ELEMENTARY SCHOOL,Z,Y
2425,37,92,LEON,RAA MIDDLE SCHOOL,Z,N
2425,37,121,LEON,LITTLE CHAIRES PRE-KINDERGARTEN SCHOOL,Z,N
2425,37,131,LEON,WOODVILLE SCHOOL,Z,Y
2425,37,141,LEON,FORT BRADEN ELEMENTARY SCHOOL,Z,N
2425,37,161,LEON,AMOS P. GODBY HIGH SCHOOL,Z,Y
2425,37,171,LEON,OAK RIDGE ELEMENTARY SCHOOL,Z,Y
2425,37,191,LEON,SECOND CHANCE AT GHAZVINI LEARNING CENTER,Z,Y
2425,37,204,LEON,SAIL,Z,N
2425,37,205,LEON,TEENAGE PARENT PROGRAM (TAP),Z,N
2425,37,222,LEON,GRIFFIN MIDDLE SCHOOL,Z,Y
2425,37,231,LEON,JOHN G RILEY ELEMENTARY SCHOOL,Z,Y
2425,37,291,LEON,R. FRANK NIMS MIDDLE SCHOOL,Z,Y
2425,37,301,LEON,BOND ELEMENTARY SCHOOL,Z,N
2425,37,311,LEON,PINEVIEW ELEMENTARY SCHOOL,Z,Y
2425,37,361,LEON,LIVELY TECHNICAL COLLEGE,Z,N
2425,37,381,LEON,GILCHRIST ELEMENTARY SCHOOL,Z,N
2425,37,391,LEON,BELLE VUE MIDDLE SCHOOL,Z,N
2425,37,401,LEON,ASTORIA PARK ELEMENTARY SCHOOL,Z,Y
2425,37,411,LEON,GRETCHEN EVERHART SCHOOL,Z,N
2425,37,421,LEON,W T MOORE ELEMENTARY SCHOOL,Z,N
2425,37,431,LEON,SEALEY ELEMENTARY SCHOOL,Z,Y
2425,37,441,LEON,APALACHEE ELEMENTARY SCHOOL,Z,Y
2425,37,451,LEON,FAIRVIEW MIDDLE SCHOOL,Z,Y
2425,37,452,LEON,HERITAGE TRAILS COMMUNITY SCHOOL,Z,N
2425,37,481,LEON,KILLEARN LAKES ELEMENTARY SCHOOL,Z,N
2425,37,491,LEON,CHAIRES ELEMENTARY SCHOOL,Z,N
2425,37,501,LEON,SPRINGWOOD ELEMENTARY SCHOOL,Z,Y
2425,37,511,LEON,DESOTO TRAIL ELEMENTARY SCHOOL,Z,N
2425,37,521,LEON,BUCK LAKE ELEMENTARY SCHOOL,Z,N
2425,37,531,LEON,DEERLAKE MIDDLE SCHOOL,Z,N
2425,37,561,LEON,FORT BRADEN SCHOOL,Z,Y
2425,37,1091,LEON,LINCOLN HIGH SCHOOL,Z,N
2425,37,1101,LEON,ACADEMIC RESOURCE CENTER,Z,N
2425,37,1102,LEON,C.I.T.Y.,Z,N
2425,37,1131,LEON,HAWKS RISE ELEMENTARY SCHOOL,Z,N
2425,37,1141,LEON,LAWTON CHILES HIGH SCHOOL,Z,N
2425,37,1151,LEON,SWIFT CREEK MIDDLE SCHOOL,Z,N
2425,37,1161,LEON,CANOPY OAKS ELEMENTARY SCHOOL,Z,N
2425,37,1171,LEON,ROBERTS ELEMENTARY SCHOOL,Z,N
2425,37,1181,LEON,BOND ELEMENTARY SCHOOL,Z,Y
2425,37,1191,LEON,ACADEMY OF ACADEMICS & TECHNOLOGY,Z,N
2425,37,1201,LEON,WILLIAM J MONTFORD III MIDDLE SCHOOL,Z,N
2425,37,1202,LEON,J MICHAEL CONLEY ELEMENTARY SCHOOL AT SOUTHWOOD,Z,N
2425,37,1211,LEON,SUCCESS ACADEMY AT GHAZVINI LEARNING CENTER,Z,Y
2425,37,1401,LEON,C.K. STEELE-LEROY COLLINS ALL MALE CHARTER ACADEMY,R,N
2425,37,1402,LEON,THE SCHOOL OF ARTS AND SCIENCES  ON THOMASVILLE,R,N
2425,37,1411,LEON,LIFE SKILLS CENTER,R,N
2425,37,1417,LEON,STARS MIDDLE SCHOOL,R,N
2425,37,1421,LEON,IMAGINE SCHOOL AT EVENING ROSE,R,N
2425,37,1425,LEON,TALLAHASSEE SCHOOL OF MATH & SCIENCES,R,Y
2425,37,1431,LEON,CAPITAL CITY HIGH SCHOOL,R,N
2425,37,1441,LEON,RENAISSANCE ACADEMY,R,N
2425,37,1442,LEON,WOODVILLE MIDDLE SCHOOL OF LEADERSHIP THROUGH HISTORY AND CIVICS,R,N
2425,37,1444,LEON,THE SCHOOL OF ARTS & SCIENCES CENTRE,R,N
2425,37,1451,LEON,TALLAHASSEE CLASSICAL SCHOOL,R,N
2425,37,1461,LEON,RED HILLS ACADEMY,R,N
2425,37,1501,LEON,LEON COUNTY SHERIFF'S DRILL ACADEMY,Z,N
2425,37,1502,LEON,LEON CO JUVENILE DETENTION CENTER,Z,N
2425,37,1503,LEON,PACE CENTER FOR GIRLS,Z,N
2425,37,1504,LEON,RAFT CENTER FOR GIRLS,Z,N
2425,37,1505,LEON,RATTLER SUCCESS CENTER,Z,N
2425,37,1506,LEON,SEMINOLE WORK AND LEARN CENTER,Z,N
2425,37,1507,LEON,AMIKIDS,Z,N
2425,37,1509,LEON,DISC-WOODVILLE ALTERNATIVE LEARNING CENTER (W.A.L.C.),Z,N
2425,37,1511,LEON,J.U.S.T.,Z,N
2425,37,1512,LEON,FLORIDA COMPETENCY RESTORATION,Z,N
2425,37,1513,LEON,SAWMILL ACADEMY FOR GIRLS,Z,N
2425,37,1518,LEON,NATURAL BRIDGE ACADEMY,Z,N
2425,37,1519,LEON,LEON COUNTY JAIL,Z,N
2425,37,3450,LEON,PERSONALIZED EDUCATION PROGRAM,Z,N
2425,37,3518,LEON,MCKAY SCHOLARSHIP/SCHOOL OF ENROLLMENT,Z,N
2425,37,3818,LEON,OPPORTUNITY SCHOLARSHIP/SCHOOL OF ENROLLMENT,Z,N
2425,37,3900,LEON,FAMILY EMPOWERMENT SCHOLARSHIP PROGRAM,Z,N
2425,37,7001,LEON,LEON COUNTY VIRTUAL INSTRUCTION PROGRAM,Z,N
2425,37,7004,LEON,LEON COUNTY VIRTUAL SCHOOL FRANCHISE,Z,N
2425,37,7006,LEON,LEON VIRTUAL INSTRUCTION (COURSE OFFERINGS),Z,N
2425,37,7023,LEON,LEON VIRTUAL ACADEMY,Z,N
2425,37,9001,LEON,LEON DISTRICT OFFICE,Z,N
2425,37,9002,LEON,S.C.A.L.E.S.,Z,N
2425,37,9003,LEON,LEON COUNTYWIDE ADULT EDUCATION PROG,Z,N
2425,37,9004,LEON,HOSPITAL HOMEBOUND,Z,N
2425,37,9006,LEON,PREK,Z,N
2425,37,9045,LEON,CONTRACTED RESIDENTIAL SERVICES,Z,N
2425,37,9997,LEON,MIGRANT NON-ENROLLED STUDENTS,Z,N
2425,37,9998,LEON,HOME EDUCATION PROGRAM STUDENTS,Z,N
2425,38,21,LEVY,BRONSON MIDDLE/HIGH SCHOOL,Z,Y
2425,38,22,LEVY,BRONSON ELEMENTARY SCHOOL,Z,N
2425,38,23,LEVY,LEVY LEARNING ACADEMY,Z,N
2425,38,24,LEVY,SUMMIT ACADEMY,Z,N
2425,38,39,LEVY,FORESTRY YOUTH ACADEMY,Z,N
2425,38,41,LEVY,CEDAR KEY HIGH SCHOOL,Z,Y
2425,38,51,LEVY,CHIEFLAND MIDDLE HIGH SCHOOL,Z,Y
2425,38,52,LEVY,CHIEFLAND ELEMENTARY SCHOOL,Z,N
2425,38,53,LEVY,CHIEFLAND MIDDLE SCHOOL,Z,N
2425,38,60,LEVY,WHISPERING WINDS CHARTER SCHOOL,R,Y
2425,38,61,LEVY,NEW HOPE CHARTER SCHOOL,R,N
2425,38,62,LEVY,NATURE COAST MIDDLE SCHOOL,R,Y
2425,38,91,LEVY,WILLISTON MIDDLE HIGH SCHOOL,Z,Y
2425,38,92,LEVY,JOYCE M. BULLOCK ELEMENTARY SCHOOL,Z,Y
2425,38,101,LEVY,WILLISTON MIDDLE SCHOOL,Z,N
2425,38,111,LEVY,YANKEETOWN SCHOOL,Z,Y
2425,38,121,LEVY,LEVY COUNTY ADULT,Z,N
2425,38,221,LEVY,CARUTH CAMP,Z,N
2425,38,231,LEVY,WILLISTON ELEMENTARY SCHOOL,Z,Y
2425,38,241,LEVY,CHIEFLAND ELEMENTARY SCHOOL,Z,Y
2425,38,1011,LEVY,BRONSON ELEMENTARY SCHOOL,Z,Y
2425,38,1012,LEVY,JAIL SERVICES,Z,N
2425,38,3450,LEVY,PERSONALIZED EDUCATION PROGRAM,Z,N
2425,38,3518,LEVY,MCKAY SCHOLARSHIP/SCHOOL OF ENROLLMENT,Z,N
2425,38,3818,LEVY,OPPORTUNITY SCHOLARSHIP/SCHOOL OF ENROLLMENT,Z,N
2425,38,3900,LEVY,FAMILY EMPOWERMENT SCHOLARSHIP PROGRAM,Z,N
2425,38,7001,LEVY,LEVY VIRTUAL INSTRUCTION PROGRAM,Z,N
2425,38,7004,LEVY,LEVY VIRTUAL FRANCHISE,Z,N
2425,38,7006,LEVY,LEVY VIRTUAL INSTRUCTION (COURSE OFFERINGS),Z,N
2425,38,7023,LEVY,LEVY VIRTUAL INSTRUCTION PROGRAM (DISTRICT PROVIDED),Z,N
2425,38,9001,LEVY,LEVY DISTRICT OFFICE,Z,N
2425,38,9005,LEVY,FLORIDA SCHOOL FOR YOUTH ACHIEVEMENT,Z,N
2425,38,9045,LEVY,CONTRACTED RESIDENTIAL SERVICES,Z,N
2425,38,9997,LEVY,MIGRANT NON-ENROLLED STUDENTS,Z,N
2425,38,9998,LEVY,HOME EDUCATION PROGRAM STUDENTS,Z,N
2425,39,21,LIBERTY,LIBERTY COUNTY HIGH SCHOOL,Z,Y
2425,39,22,LIBERTY,LIBERTY COUNTY ADULT SCHOOL,Z,N
2425,39,31,LIBERTY,W. R. TOLAR K-8 SCHOOL,Z,Y
2425,39,41,LIBERTY,HOSFORD ELEMENTARY JUNIOR HIGH SCHOOL,Z,Y
2425,39,51,LIBERTY,LIBERTY WILDERNESS CROSSROADS,Z,N
2425,39,52,LIBERTY,BRISTOL YOUTH ACADEMY,Z,N
2425,39,53,LIBERTY,APALACHICOLA FOREST YOUTH ACADEMY,Z,N
2425,39,71,LIBERTY,LIBERTY LEARNING CENTER,Z,N
2425,39,81,LIBERTY,LIBERTY EARLY LEARNING CENTER,Z,N
2425,39,3450,LIBERTY,PERSONALIZED EDUCATION PROGRAM,Z,N
2425,39,3518,LIBERTY,MCKAY SCHOLARSHIP/SCHOOL OF ENROLLMENT,Z,N
2425,39,3818,LIBERTY,OPPORTUNITY SCHOLARSHIP/SCHOOL OF ENROLLMENT,Z,N
2425,39,3900,LIBERTY,FAMILY EMPOWERMENT SCHOLARSHIP PROGRAM,Z,N
2425,39,7001,LIBERTY,LIBERTY VIRTUAL INSTRUCTION PROGRAM,Z,N
2425,39,7004,LIBERTY,LIBERTY VIRTUAL FRANCHISE,Z,N
2425,39,7006,LIBERTY,FUTURE VIRTUAL SCHOOL,Z,N
2425,39,7023,LIBERTY,LIBERTY K12 VIRTUAL,Z,N
2425,39,9001,LIBERTY,LIBERTY DISTRICT OFFICE,Z,N
2425,39,9045,LIBERTY,CONTRACTED RESIDENTIAL SERVICES,Z,N
2425,39,9997,LIBERTY,MIGRANT NON-ENROLLED STUDENTS,Z,N
2425,39,9998,LIBERTY,HOME EDUCATION PROGRAM STUDENTS,Z,N
2425,40,11,MADISON,MADISON COUNTY HIGH SCHOOL,Z,Y
2425,40,23,MADISON,MADISON PRIMARY SCHOOL,Z,N
2425,40,32,MADISON,MADISON MIDDLE SCHOOL,Z,N
2425,40,41,MADISON,MADISON COUNTY CENTRAL SCHOOL,Z,Y
2425,40,51,MADISON,GREENVILLE PRIMARY SCHOOL,Z,N
2425,40,91,MADISON,GREENVILLE ELEMENTARY SCHOOL,Z,Y
2425,40,101,MADISON,LEE ELEMENTARY SCHOOL,Z,Y
2425,40,111,MADISON,PINETTA ELEMENTARY SCHOOL,Z,Y
2425,40,120,MADISON,NEW MILLENNIUM CHARTER SCHOOL,R,N
2425,40,121,MADISON,JAMES MADISON PREPARATORY HIGH SCHOOL,R,N
2425,40,122,MADISON,MADISON CREATIVE ARTS ACADEMY INC,R,N
2425,40,600,MADISON,MADISON COUNTY ADULT CENTER,Z,N
2425,40,900,MADISON,TWIN OAKS ACADEMY,Z,N
2425,40,925,MADISON,JOANN BRIDGES ACADEMY,Z,N
2425,40,931,MADISON,WAYPOINT CHARTER ACADEMY,Z,N
2425,40,950,MADISON,MADISON COUNTY EXCEL ALTERNATIVE EDUCATION CENTER,Z,N
2425,40,3450,MADISON,PERSONALIZED EDUCATION PROGRAM,Z,N
2425,40,3518,MADISON,MCKAY SCHOLARSHIP/SCHOOL OF ENROLLMENT,Z,N
2425,40,3818,MADISON,OPPORTUNITY SCHOLARSHIP/SCHOOL OF ENROLLMENT,Z,N
2425,40,3900,MADISON,FAMILY EMPOWERMENT SCHOLARSHIP PROGRAM,Z,N
2425,40,7001,MADISON,MADISON VIRTUAL INSTRUCTION PROGRAM,Z,N
2425,40,7004,MADISON,MADISON VIRTUAL FRANCHISE,Z,N
2425,40,7006,MADISON,MADISON DISTRICT VIRTUAL,Z,N
2425,40,7023,MADISON,MADISON VIRTUAL INSTRUCTION PROGRAM,Z,N
2425,40,8010,MADISON,MADISON TAP PROGRAM,Z,N
2425,40,9001,MADISON,MADISON DISTRICT OFFICE,Z,N
2425,40,9005,MADISON,MIGRANT NON-ATTENDERS,Z,N
2425,40,9045,MADISON,CONTRACTED RESIDENTIAL SERVICES,Z,N
2425,40,9997,MADISON,MIGRANT NON-ENROLLED STUDENTS,Z,N
2425,40,9998,MADISON,HOME EDUCATION PROGRAM STUDENTS,Z,N
2425,41,17,MANATEE,LAKE MANATEE K-8,Z,N
2425,41,31,MANATEE,ANNA MARIA ELEMENTARY SCHOOL,Z,N
2425,41,51,MANATEE,BALLARD ELEMENTARY SCHOOL,Z,Y
2425,41,61,MANATEE,BAYSHORE ELEMENTARY SCHOOL,Z,Y
2425,41,72,MANATEE,BAYSHORE HIGH SCHOOL,Z,Y
2425,41,91,MANATEE,DUETTE ELEMENTARY SCHOOL,Z,N
2425,41,151,MANATEE,MANATEE ELEMENTARY SCHOOL,Z,Y
2425,41,181,MANATEE,MANATEE HIGH SCHOOL,Z,N
2425,41,211,MANATEE,MANATEE TECHNICAL COLLEGE,Z,N
2425,41,212,MANATEE,CENTRAL HIGH SCHOOL,Z,N
2425,41,221,MANATEE,JESSIE P. MILLER ELEMENTARY SCHOOL,Z,N
2425,41,231,MANATEE,MYAKKA CITY ELEMENTARY SCHOOL,Z,Y
2425,41,261,MANATEE,ONECO ELEMENTARY SCHOOL,Z,Y
2425,41,271,MANATEE,G D ROGERS GARDEN- BULLOCK ELEMENTARY,Z,Y
2425,41,272,MANATEE,JOE BERTA BULLOCK SCHOOL,Z,N
2425,41,281,MANATEE,PALM VIEW K-8 SCHOOL,Z,Y
2425,41,291,MANATEE,PALMA SOLA ELEMENTARY SCHOOL,Z,N
2425,41,301,MANATEE,PALMETTO ELEMENTARY SCHOOL,Z,Y
2425,41,351,MANATEE,PALMETTO HIGH SCHOOL,Z,N
2425,41,381,MANATEE,ROBERT H. PRINE ELEMENTARY SCHOOL,Z,Y
2425,41,411,MANATEE,BLANCHE H. DAUGHTREY ELEMENTARY,Z,Y
2425,41,421,MANATEE,SAMOSET ELEMENTARY SCHOOL,Z,Y
2425,41,431,MANATEE,SOUTHEAST HIGH SCHOOL,Z,Y
2425,41,481,MANATEE,BRADENTON MIDDLE SCHOOL,Z,N
2425,41,491,MANATEE,LINCOLN MIDDLE SCHOOL,Z,N
2425,41,521,MANATEE,JAMES TILLMAN ELEMENTARY MAGNET SCHOOL,Z,Y
2425,41,541,MANATEE,BLACKBURN ELEMENTARY SCHOOL,Z,Y
2425,41,571,MANATEE,FRANCES WAKELAND ELEMENTARY SCHOOL,Z,N
2425,41,581,MANATEE,W. D. SUGG MIDDLE SCHOOL,Z,Y
2425,41,591,MANATEE,SARA SCOTT HARLLEE MIDDLE SCHOOL,Z,N
2425,41,601,MANATEE,H. S. MOODY ELEMENTARY SCHOOL,Z,Y
2425,41,611,MANATEE,MARTHA B. KING MIDDLE SCHOOL,Z,N
2425,41,621,MANATEE,FLORINE J ABEL ELEMENTARY SCHOOL,Z,Y
2425,41,631,MANATEE,IDA M. STEWART ELEMENTARY SCHOOL,Z,N
2425,41,641,MANATEE,WILLIAM H. BASHAW ELEMENTARY,Z,Y
2425,41,651,MANATEE,BRADEN RIVER ELEMENTARY SCHOOL,Z,N
2425,41,652,MANATEE,BRADEN RIVER MIDDLE SCHOOL,Z,N
2425,41,671,MANATEE,SEA BREEZE ELEMENTARY SCHOOL,Z,Y
2425,41,681,MANATEE,TARA ELEMENTARY SCHOOL,Z,N
2425,41,691,MANATEE,LOUISE R JOHNSON K-8 SCHOOL OF INTERNATIONAL STUDIES,Z,N
2425,41,701,MANATEE,GENE WITT ELEMENTARY SCHOOL,Z,N
2425,41,711,MANATEE,CARLOS E. HAILE MIDDLE SCHOOL,Z,N
2425,41,721,MANATEE,LAKEWOOD RANCH HIGH SCHOOL,Z,N
2425,41,731,MANATEE,HORIZONS ACADEMY,Z,Y
2425,41,741,MANATEE,MARJORIE G. KINNAN ELEMENTARY SCHOOL,Z,Y
2425,41,751,MANATEE,ROWLETT MAGNET ELEMENTARY SCHOOL,Z,N
2425,41,752,MANATEE,R. DAN NOLAN MIDDLE SCHOOL,Z,N
2425,41,761,MANATEE,ELECTA LEE MAGNET MIDDLE SCHOOL,Z,Y
2425,41,762,MANATEE,BRADEN RIVER HIGH SCHOOL,Z,N
2425,41,771,MANATEE,GILBERT W MCNEAL ELEMENTARY SCHOOL,Z,N
2425,41,781,MANATEE,FREEDOM ELEMENTARY SCHOOL,Z,N
2425,41,791,MANATEE,VIRGIL MILLS ELEMENTARY SCHOOL,Z,N
2425,41,801,MANATEE,ROBERT WILLIS ELEMENTARY SCHOOL,Z,N
2425,41,811,MANATEE,ANNIE LUCY WILLIAMS ELEMENTARY SCHOOL,Z,N
2425,41,821,MANATEE,B.D. GULLETT ELEMENTARY SCHOOL,Z,N
2425,41,831,MANATEE,G.D. ROGERS GARDEN ELEMENTARY,Z,N
2425,41,842,MANATEE,BUFFALO CREEK MIDDLE SCHOOL,Z,N
2425,41,852,MANATEE,PARRISH COMMUNITY HIGH SCHOOL,Z,N
2425,41,853,MANATEE,DR MONA JAIN MIDDLE SCHOOL,Z,N
2425,41,857,MANATEE,BARBARA A HARVEY ELEMENTARY SCHOOL,Z,N
2425,41,861,MANATEE,LINCOLN MEMORIAL MIDDLE SCHOOL,Z,Y
2425,41,1518,MANATEE,PRESCHOOL DIAGNOSTIC CENTER,Z,N
2425,41,1519,MANATEE,JUVENILE ASSESSMENT CENTER,Z,N
2425,41,2001,MANATEE,AMIKIDS,Z,N
2425,41,2002,MANATEE,COMMUNITY HAVEN FOR ADULTS AND CHILDREN WITH DISABILITIES,Z,N
2425,41,2003,MANATEE,EASTER SEALS,Z,N
2425,41,2004,MANATEE,PACE CENTER FOR GIRLS,Z,N
2425,41,2005,MANATEE,MANATEE ASSOCIATION FOR RETARDED CITIZENS,Z,N
2425,41,2006,MANATEE,HURRICANE ISLAND OUTWARD BOUND,Z,N
2425,41,2007,MANATEE,JUST FOR GIRLS MIDDLE SCHOOL,Z,N
2425,41,2008,MANATEE,CHILD DEVELOPMENT CENTER,Z,N
2425,41,2011,MANATEE,ACCESS TO EDUCATION,Z,N
2425,41,2012,MANATEE,KANNER ACADEMY,Z,N
2425,41,2013,MANATEE,FLORIDA EDUCATIONAL SERVICES (THE BROACH SCHOOL),Z,N
2425,41,2014,MANATEE,"PINNACLE ACADEMY, INC.",Z,N
2425,41,2019,MANATEE,JUST FOR GIRLS ELEMENTARY SCHOOL,Z,N
2425,41,2051,MANATEE,JUVENILE DETENTION CENTER,Z,N
2425,41,2052,MANATEE,MANATEE GLENS ADOLESCENT CENTER,Z,N
2425,41,2053,MANATEE,HOSPITAL HOMEBOUND INSTRUCTION,Z,N
2425,41,2054,MANATEE,MANATEE GLENS,Z,N
2425,41,2055,MANATEE,MANATEE MEMORIAL HOSPITAL GLEN OAKS (ESE),Z,N
2425,41,2056,MANATEE,PALMSHORES BEHAVIOR HEALTH CENTER,Z,N
2425,41,2057,MANATEE,MANATEE MEMORIAL HOSPITAL GLEN OAKS (ESE),Z,N
2425,41,2058,MANATEE,SANDS MIDDLE SCHOOL - OFF CAMPUS MIDDLE SCHOOL,Z,N
2425,41,2059,MANATEE,TRANSITIONS HIGH SCHOOL-OFF CAMPUS HIGH SCHOOL,Z,N
2425,41,2060,MANATEE,MANATEE ADOLESCENCE TREATMENT,Z,N
2425,41,2061,MANATEE,PAL AFTERCARE,Z,N
2425,41,2062,MANATEE,FLORIDA SHERIFF'S YOUTH RANCH,Z,N
2425,41,2063,MANATEE,PALMETTO YOUTH ACADEMY,Z,N
2425,41,2066,MANATEE,MANATEE COMMUNITY ACTION AGENCY-HEAD START,Z,N
2425,41,2067,MANATEE,HOME EDUCATION PROGRAM,Z,N
2425,41,2068,MANATEE,THE PORT ACADEMY,Z,N
2425,41,2071,MANATEE,THE STAR CENTER SCHOOL,Z,N
2425,41,2072,MANATEE,"BEYOND THE SPECTRUM, INC",Z,N
2425,41,2073,MANATEE,Y TECHNICALOGICAL HIGH SCHOOL,Z,N
2425,41,2081,MANATEE,AMIKIDS MANATEE,Z,N
2425,41,2083,MANATEE,"SCH OFACADEMIC & BEHAVIORAL LEARNING EXC (SABLE), GRADE CODE1-8",Z,N
2425,41,2086,MANATEE,SELBY PRESCHOOL,Z,N
2425,41,2101,MANATEE,MANATEE SCHOOL OF ARTS/SCIENCES,R,Y
2425,41,2102,MANATEE,TEAM SUCCESS A SCHOOL OF EXCELLENCE,R,Y
2425,41,2103,MANATEE,ACADEMY FOR APPLIED TRAINING,R,N
2425,41,2104,MANATEE,MANATEE SCHOOL FOR THE ARTS,R,N
2425,41,2105,MANATEE,PAL OPPORTUNITY CHARTER SCHOOL,R,N
2425,41,2106,MANATEE,MANATEE CO. JUVENILE JUSTICE,R,N
2425,41,2107,MANATEE,RICHARD MILBURN ACADEMY,R,N
2425,41,2108,MANATEE,BRADENTON CHARTER SCHOOL,R,N
2425,41,2111,MANATEE,"ISLAND MIDDLE SCHOOL, INC.",R,N
2425,41,2120,MANATEE,ROWLETT MIDDLE ACADEMY,R,N
2425,41,2121,MANATEE,MANATEE CHARTER SCHOOL,R,Y
2425,41,2122,MANATEE,OASIS MIDDLE SCHOOL,R,Y
2425,41,2123,MANATEE,IMAGINE CHARTER SCHOOL AT NORTH MANATEE,R,N
2425,41,2124,MANATEE,IMAGINE CHARTER AT LAKEWOOD RANCH,R,N
2425,41,2131,MANATEE,PALMETTO CHARTER SCHOOL,R,N
2425,41,2141,MANATEE,STATE COLLEGE OF FLORIDA COLLEGIATE SCHOOL,R,N
2425,41,2151,MANATEE,JUST FOR GIRLS ACADEMY,R,N
2425,41,2161,MANATEE,VISIBLE MEN ACADEMY,R,Y
2425,41,2171,MANATEE,WILLIAM MONROE ROWLETT ACADEMY FOR ARTS AND COMMUNICATION,C,N
2425,41,2173,MANATEE,LINCOLN MEMORIAL ACADEMY,C,N
2425,41,2181,MANATEE,PARRISH CHARTER ACADEMY,R,N
2425,41,2182,MANATEE,LAKEWOOD RANCH PREPARATORY ACADEMY,R,N
2425,41,2183,MANATEE,"NORTH RIVER CHARTER ACADEMY, INC",R,N
2425,41,2191,MANATEE,BRADENTON BAY HIGH SCHOOL,R,N
2425,41,2192,MANATEE,HOLA! ELEMENTARY @ MSA,R,N
2425,41,2301,MANATEE,EARLY INTERVENTION,Z,N
2425,41,2302,MANATEE,PREK HANDICAPPED,Z,N
2425,41,2303,MANATEE,MIGRANT TOID-TERMINAL OPERATOR,Z,N
2425,41,2321,MANATEE,HOME EDUCATION PROGRAM,Z,N
2425,41,3450,MANATEE,PERSONALIZED EDUCATION PROGRAM,Z,N
2425,41,3518,MANATEE,MCKAY SCHOLARSHIP/SCHOOL OF ENROLLMENT,Z,N
2425,41,3818,MANATEE,OPPORTUNITY SCHOLARSHIP/SCHOOL OF ENROLLMENT,Z,N
2425,41,3900,MANATEE,FAMILY EMPOWERMENT SCHOLARSHIP PROGRAM,Z,N
2425,41,7001,MANATEE,MANATEE VIRTUAL INSTRUCTION PROGRAM,Z,N
2425,41,7004,MANATEE,MANATEE VIRTUAL SCHOOL ( VIRTUAL FRANCHISE),Z,N
2425,41,7006,MANATEE,FUTURE VIRTUAL SCHOOL,Z,N
2425,41,7023,MANATEE,FUTURE VIRTUAL SCHOOL,Z,N
2425,41,9001,MANATEE,MANATEE DISTRICT OFFICE,Z,N
2425,41,9002,MANATEE,GULF COAST MARINE INSTITUTE-NORTH,Z,N
2425,41,9003,MANATEE,MANATEE DETENTION CENTER,Z,N
2425,41,9004,MANATEE,CHILDREN'S HAVEN,Z,N
2425,41,9005,MANATEE,MANATEE GLEN CORP ADOLESCENT RECOVERY CENTER,Z,N
2425,41,9006,MANATEE,GOODWILL INDUSTRIES,Z,N
2425,41,9007,MANATEE,HOSPITAL/HOMEBOUND PROGRAM,Z,N
2425,41,9008,MANATEE,TEENAGE PARENTING PROJECT (TAPP) NORTH,Z,N
2425,41,9009,MANATEE,MANATEE MEMORIAL HOSPITAL-EXCEPTIONAL CHILD,Z,N
2425,41,9010,MANATEE,HEADSTART - PALMETTO/BRADENTON,Z,N
2425,41,9011,MANATEE,CHARTER BEHAVIORAL HEALTH SYSTEMS AT MANATEE PALMS,Z,N
2425,41,9012,MANATEE,EASTER SEAL SOCIETY,Z,N
2425,41,9013,MANATEE,MEDIPLEX REHABILITATION - BRADENTON,Z,N
2425,41,9014,MANATEE,EARLY INTERVENTION,Z,N
2425,41,9015,MANATEE,BLAKE HOSPITAL,Z,N
2425,41,9016,MANATEE,CHARTER HOSPITAL - FTE REPORTING UNIT,Z,N
2425,41,9017,MANATEE,PRACTICAL & CULTURAL EDUCATION (PACE),Z,N
2425,41,9018,MANATEE,CONTRACTED SERVICES - FTE REPORTING UNIT,Z,N
2425,41,9019,MANATEE,SUPPLEMENTAL SERVICES,Z,N
2425,41,9020,MANATEE,MANATEE ASSOCICATION FOR RETARDED CITIZENS,Z,N
2425,41,9021,MANATEE,MANATEE COUNTY SHERIFFS OFFICE DAY,Z,N
2425,41,9022,MANATEE,POLICE ATHLETIC LEAGUE,Z,N
2425,41,9023,MANATEE,HURRICANE ISLAND OUTWARD BOUND,Z,N
2425,41,9024,MANATEE,NEW SCHOOL - B,Z,N
2425,41,9025,MANATEE,MANATEE SHERIFF'S OFFICE YOUTH OFFENDER PROG,Z,N
2425,41,9026,MANATEE,JUST FOR GIRLS PALMETTO GIRLS CLUB,Z,N
2425,41,9027,MANATEE,PRE-SCHOOL HANDICAPPED,Z,N
2425,41,9028,MANATEE,JUVENILE ASSESSMENT CENTER,Z,N
2425,41,9029,MANATEE,BOYS AND GIRLS CLUB MIDDLE SCHOOL SED,Z,N
2425,41,9030,MANATEE,TRANSITIONS HIGH SCHOOL,Z,N
2425,41,9031,MANATEE,SUNCOAST WORKFORCE DEVELOPMENT BOARD,Z,N
2425,41,9032,MANATEE,MANATEE ADOLESCENT TREATMENT SERV. HALFWAY HOUSE PROG.-CHANGED TO # 2060,Z,N
2425,41,9033,MANATEE,MANATEE PAL AFTERCARE,Z,N
2425,41,9034,MANATEE,PRESCHOOL DIAGNOSTIC CENTER,Z,N
2425,41,9035,MANATEE,INFANT AND TODDLERS/PRESCHOOL EVALUATION AND REFERRAL,Z,N
2425,41,9040,MANATEE,MIGRANT TERMINAL OPERATOR IDENTIFICATION (TOID) SCHOOL,Z,N
2425,41,9045,MANATEE,CONTRACTED RESIDENTIAL SERVICES,Z,N
2425,41,9100,MANATEE,HUMAN RESOURCES,Z,N
2425,41,9101,MANATEE,MANATEE SCHOOL OF ARTS AND SCIENCES,R,N
2425,41,9102,MANATEE,PAL ACADEMY CHARTER MIDDLE SCHOOL,R,N
2425,41,9103,MANATEE,ACADEMY FOR APPLIED TRAINING,R,N
2425,41,9104,MANATEE,MANATEE CHARTER SCHOOL FOR THE ARTS,R,N
2425,41,9997,MANATEE,MIGRANT NON-ENROLLED STUDENTS,Z,N
2425,41,9998,MANATEE,HOME EDUCATION PROGRAM STUDENTS,Z,N
2425,42,9,MARION,,Z,N
2425,42,10,MARION,NEW SCHOOL X,Z,N
2425,42,31,MARION,COLLEGE PARK PRIMARY SCHOOL,Z,N
2425,42,32,MARION,FORDHAM EARLY LEARNING ACADEMY,Z,Y
2425,42,51,MARION,HOWARD MIDDLE SCHOOL,Z,Y
2425,42,71,MARION,ANTHONY ELEMENTARY SCHOOL,Z,Y
2425,42,91,MARION,BELLEVIEW ELEMENTARY SCHOOL,Z,Y
2425,42,101,MARION,BELLEVIEW-SANTOS ELEMENTARY SCHOOL,Z,Y
2425,42,121,MARION,DUNNELLON MIDDLE SCHOOL,Z,N
2425,42,161,MARION,REDDICK-COLLIER ELEMENTARY SCHOOL,Z,N
2425,42,162,MARION,REDDICK-COLLIER ELEMENTARY SCHOOL,Z,Y
2425,42,172,MARION,DUNNELLON MIDDLE SCHOOL,Z,Y
2425,42,181,MARION,EAST MARION ELEMENTARY SCHOOL,Z,Y
2425,42,191,MARION,EIGHTH STREET ELEMENTARY SCHOOL,Z,N
2425,42,211,MARION,FESSENDEN ELEMENTARY SCHOOL,Z,Y
2425,42,221,MARION,FORT KING MIDDLE SCHOOL,Z,Y
2425,42,251,MARION,WARD-HIGHLANDS ELEMENTARY SCHOOL,Z,Y
2425,42,281,MARION,LAKE WEIR MIDDLE SCHOOL,Z,Y
2425,42,291,MARION,MADISON STREET ACADEMY OF VISUAL AND PERFORMING ARTS,Z,N
2425,42,311,MARION,DR N H JONES ELEMENTARY SCHOOL,Z,N
2425,42,331,MARION,NORTH MARION HIGH SCHOOL,Z,Y
2425,42,341,MARION,OAKCREST ELEMENTARY SCHOOL,Z,Y
2425,42,351,MARION,FOREST HIGH SCHOOL,Z,N
2425,42,361,MARION,OSCEOLA MIDDLE SCHOOL,Z,N
2425,42,381,MARION,SPARR ELEMENTARY SCHOOL,Z,Y
2425,42,391,MARION,SOUTH OCALA ELEMENTARY SCHOOL,Z,Y
2425,42,401,MARION,STANTON-WEIRSDALE ELEMENTARY SCHOOL,Z,Y
2425,42,431,MARION,WYOMINA PARK ELEMENTARY SCHOOL,Z,Y
2425,42,461,MARION,VANGUARD HIGH SCHOOL,Z,Y
2425,42,471,MARION,HILLCREST,Z,Y
2425,42,491,MARION,NORTH MARION MIDDLE SCHOOL,Z,Y
2425,42,501,MARION,LAKE WEIR HIGH SCHOOL,Z,Y
2425,42,511,MARION,THE PHOENIX CENTER OF MARION CO,Z,N
2425,42,521,MARION,DUNNELLON HIGH SCHOOL,Z,Y
2425,42,531,MARION,FORT MCCOY SCHOOL,Z,Y
2425,42,541,MARION,OCALA SPRINGS ELEMENTARY SCHOOL,Z,Y
2425,42,551,MARION,SHADY HILL ELEMENTARY SCHOOL,Z,Y
2425,42,561,MARION,EMERALD SHORES ELEMENTARY SCHOOL,Z,Y
2425,42,571,MARION,SUNRISE ELEMENTARY SCHOOL,Z,Y
2425,42,581,MARION,EVERGREEN ELEMENTARY SCHOOL,Z,N
2425,42,591,MARION,HARBOUR VIEW ELEMENTARY SCHOOL,Z,Y
2425,42,611,MARION,MAPLEWOOD ELEMENTARY SCHOOL,Z,Y
2425,42,621,MARION,ROMEO ELEMENTARY SCHOOL,Z,Y
2425,42,631,MARION,BELLEVIEW MIDDLE SCHOOL,Z,Y
2425,42,641,MARION,DUNNELLON ELEMENTARY SCHOOL,Z,Y
2425,42,651,MARION,COLLEGE PARK ELEMENTARY SCHOOL,Z,Y
2425,42,661,MARION,BELLEVIEW HIGH SCHOOL,Z,Y
2425,42,671,MARION,GREENWAY ELEMENTARY SCHOOL,Z,Y
2425,42,681,MARION,SADDLEWOOD ELEMENTARY SCHOOL,Z,Y
2425,42,691,MARION,LIBERTY MIDDLE SCHOOL,Z,Y
2425,42,701,MARION,WEST PORT HIGH SCHOOL,Z,Y
2425,42,711,MARION,HAMMETT BOWEN JR. ELEMENTARY SCHOOL,Z,Y
2425,42,721,MARION,HORIZON ACADEMY AT MARION OAKS,Z,Y
2425,42,731,MARION,MARION OAKS ELEMENTARY SCHOOL,Z,Y
2425,42,741,MARION,LEGACY ELEMENTARY SCHOOL,Z,Y
2425,42,751,MARION,NEW HIGH SCHOOL CCC,Z,N
2425,42,3450,MARION,PERSONALIZED EDUCATION PROGRAM,Z,N
2425,42,3518,MARION,MCKAY SCHOLARSHIP/SCHOOL OF ENROLLMENT,Z,N
2425,42,3818,MARION,OPPORTUNITY SCHOLARSHIP/SCHOOL OF ENROLLMENT,Z,N
2425,42,3900,MARION,FAMILY EMPOWERMENT SCHOLARSHIP PROGRAM,Z,N
2425,42,7001,MARION,MARION VIRTUAL INSTRUCTION PROGRAM,Z,N
2425,42,7004,MARION,MARION VIRTUAL FRANCHISE,Z,N
2425,42,7006,MARION,FUTURE VIRTUAL SCHOOL,Z,N
2425,42,7023,MARION,MARION ELEARNING,Z,N
2425,42,9001,MARION,MARION DISTRICT OFFICE,Z,N
2425,42,9045,MARION,CONTRACTED RESIDENTIAL SERVICES,Z,N
2425,42,9346,MARION,STUDENT SERVICES/ESE,Z,N
2425,42,9401,MARION,MARION TECHNICAL INSTITUTE,Z,Y
2425,42,9412,MARION,MARION TECHNICAL COLLEGE,Z,N
2425,42,9608,MARION,CHILDHOOD DEVELOPMENT SERVICES,Z,N
2425,42,9614,MARION,MARION COUNTY PREK PROGRAM,Z,N
2425,42,9618,MARION,SILVER RIVER MENTORING AND INSTRUCTION,Z,N
2425,42,9645,MARION,INA A.COLEN ACADEMY,R,N
2425,42,9655,MARION,CFCC ACADEMY,Z,N
2425,42,9670,MARION,MARION CHARTER SCHOOL,R,Y
2425,42,9675,MARION,FUTURE LEADERS ACADEMY FOR ARTS AND SCIENCE,R,N
2425,42,9680,MARION,MCINTOSH AREA SCHOOL,R,Y
2425,42,9690,MARION,FRANCIS MARION MILITARY ACADEMY,R,N
2425,42,9695,MARION,OCALI CHARTER MIDDLE SCHOOL,R,Y
2425,42,9696,MARION,OCALI CHARTER HIGH SCHOOL,R,Y
2425,42,9711,MARION,STUDENT SERVICES,Z,N
2425,42,9721,MARION,MARION YOUTH ACADEMY,Z,N
2425,42,9722,MARION,MARION REG. JUVENILE DETENTION CENTER,Z,N
2425,42,9724,MARION,MCSO JUVENILES,Z,N
2425,42,9726,MARION,CHARTER SPRINGS HOSPITAL INPATIENT PROGRAM,Z,N
2425,42,9727,MARION,ARC BIRTH-3,Z,N
2425,42,9728,MARION,OCALA CENTER FOR SUCCESS AND INDEPENDENCE,Z,N
2425,42,9729,MARION,NI'KE ACADEMY,Z,N
2425,42,9730,MARION,TEEN LEARNING CENTER,Z,N
2425,42,9731,MARION,NEW LEAF CENTER,Z,N
2425,42,9732,MARION,INFINITY SCHOOL/MARION COUNTY,Z,N
2425,42,9733,MARION,ELC PK ESE SERVICES,Z,N
2425,42,9734,MARION,"PACE CENTER FOR GIRLS, INC.",Z,Y
2425,42,9735,MARION,MARION COUNTY MARINE INSTITUTE,Z,N
2425,42,9736,MARION,CATAPULT ACADEMY,Z,N
2425,42,9737,MARION,MCSO ADULTS,Z,N
2425,42,9738,MARION,MARION COUNTY ACCELERATION ACADEMY,Z,Y
2425,42,9811,MARION,MARION COUNTY FEDERAL PROGRAMS,Z,N
2425,42,9818,MARION,STOREFRONT,Z,N
2425,42,9997,MARION,MIGRANT NON-ENROLLED STUDENTS,Z,N
2425,42,9998,MARION,HOME EDUCATION PROGRAM STUDENTS,Z,N
2425,43,21,MARTIN,STUART MIDDLE SCHOOL,Z,N
2425,43,23,MARTIN,ALTERNATIVE EDUCATION,Z,N
2425,43,25,MARTIN,SEA WIND ELEMENTARY SCHOOL,Z,Y
2425,43,31,MARTIN,MARTIN COUNTY HIGH SCHOOL,Z,N
2425,43,32,MARTIN,ADULT EDUCATION-MARTIN CO HIGH,Z,N
2425,43,41,MARTIN,ENVIRONMENTAL STUDIES CENTER,Z,N
2425,43,51,MARTIN,J. D. PARKER SCHOOL OF TECHNOLOGY,Z,Y
2425,43,61,MARTIN,PALM CITY ELEMENTARY SCHOOL,Z,N
2425,43,69,MARTIN,PORT SALERNO LEARNING CENTER,Z,N
2425,43,70,MARTIN,RIVERBEND ACADEMY,Z,N
2425,43,71,MARTIN,ESE HOMEBOUND,Z,N
2425,43,72,MARTIN,MARTIN COUNTY TRANSITION SCHOOL,Z,N
2425,43,73,MARTIN,SPECTRUM ACADEMY,Z,Y
2425,43,74,MARTIN,STUART LEARNING CENTER,Z,N
2425,43,80,MARTIN,PROJECT SEARCH,Z,N
2425,43,81,MARTIN,MURRAY MIDDLE SCHOOL,Z,Y
2425,43,82,MARTIN,ADULT EDUCATION BOOT CAMP,Z,N
2425,43,89,MARTIN,INDIANTOWN ADULT HIGH SCHOOL,Z,N
2425,43,91,MARTIN,MARTIN S.A.I.L.S,Z,N
2425,43,93,MARTIN,PORT SALERNO ALTERNATIVE EDUCATION CENTER,Z,N
2425,43,101,MARTIN,PORT SALERNO ELEMENTARY SCHOOL,Z,Y
2425,43,111,MARTIN,HOBE SOUND ELEMENTARY SCHOOL,Z,Y
2425,43,131,MARTIN,WARFIELD ELEMENTARY SCHOOL,Z,Y
2425,43,132,MARTIN,ADULT EDUCATION - INDIANTOWN,Z,N
2425,43,133,MARTIN,TEEN PARENT,Z,N
2425,43,211,MARTIN,JENSEN BEACH ELEMENTARY SCHOOL,Z,N
2425,43,221,MARTIN,INDIANTOWN MIDDLE SCHOOL,Z,Y
2425,43,231,MARTIN,INDIANTOWN HIGH SCHOOL,R,Y
2425,43,241,MARTIN,SOUTH FORK HIGH SCHOOL,Z,N
2425,43,291,MARTIN,PINEWOOD ELEMENTARY SCHOOL,Z,Y
2425,43,294,MARTIN,WILLOUGHBY LEARNING CENTER,Z,Y
2425,43,301,MARTIN,CRYSTAL LAKE ELEMENTARY SCHOOL,Z,N
2425,43,321,MARTIN,HIDDEN OAKS MIDDLE SCHOOL,Z,N
2425,43,331,MARTIN,BESSEY CREEK ELEMENTARY SCHOOL,Z,N
2425,43,341,MARTIN,FELIX A WILLIAMS ELEMENTARY SCHOOL,Z,N
2425,43,351,MARTIN,JENSEN BEACH HIGH SCHOOL,Z,N
2425,43,361,MARTIN,DR. DAVID L. ANDERSON MIDDLE SCHOOL,Z,Y
2425,43,371,MARTIN,CITRUS GROVE ELEMENTARY,Z,N
2425,43,400,MARTIN,CLARK ADVANCED LEARNING CENTER,R,N
2425,43,410,MARTIN,THE HOPE CHARTER CENTER FOR AUTISM,R,Y
2425,43,417,MARTIN,THE HOPE ACADEMY FOR AUTISM,R,N
2425,43,421,MARTIN,TREASURE COAST CLASSICAL ACADEMY,R,N
2425,43,431,MARTIN,MARTIN COUNTY ACCELERATION ACADEMIES,Z,N
2425,43,533,MARTIN,TECHNOARTS ACADEMY MARTIN,R,N
2425,43,3450,MARTIN,PERSONALIZED EDUCATION PROGRAM,Z,N
2425,43,3518,MARTIN,MCKAY SCHOLARSHIP/SCHOOL OF ENROLLMENT,Z,N
2425,43,3818,MARTIN,OPPORTUNITY SCHOLARSHIP/SCHOOL OF ENROLLMENT,Z,N
2425,43,3900,MARTIN,FAMILY EMPOWERMENT SCHOLARSHIP PROGRAM,Z,N
2425,43,5001,MARTIN,MIGRANT SCHOOL,Z,N
2425,43,5002,MARTIN,DIZZY GILLESPIE CHARTER SCHOOL,R,N
2425,43,5003,MARTIN,PREKINDERGARTEN PROGRAMS,Z,N
2425,43,5004,MARTIN,PK EARLY INTERVENTION,Z,N
2425,43,7001,MARTIN,MARTIN VIRTUAL INSTRUCTION PROGRAM,Z,N
2425,43,7004,MARTIN,MARTIN COUNTY VIRTUAL SCHOOL,Z,N
2425,43,7006,MARTIN,FUTURE VIRTUAL SCHOOL,Z,N
2425,43,7023,MARTIN,MARTIN DIGITAL LEARNING ACADEMY,Z,N
2425,43,9001,MARTIN,MARTIN DISTRICT OFFICE,Z,N
2425,43,9022,MARTIN,ADULT EDUCATION STORE FRONT,Z,N
2425,43,9032,MARTIN,ADULT EDUCATION TRI COUNTY,Z,N
2425,43,9042,MARTIN,ADULT EDUCATION OFF-CAMPUS,Z,N
2425,43,9043,MARTIN,ALTERNATIVE EDUCATION STOP CAMP,Z,N
2425,43,9044,MARTIN,CENTER FOR EDUCATION/CAREER DEVELOP.,Z,N
2425,43,9045,MARTIN,CONTRACTED RESIDENTIAL SERVICES,Z,N
2425,43,9053,MARTIN,JUVENILE OFFENDER TRAINING CENTER,Z,N
2425,43,9063,MARTIN,MARTIN COUNTY JAIL,Z,N
2425,43,9073,MARTIN,MARTIN COUNTY GIRLS ACADEMY,Z,N
2425,43,9543,MARTIN,FAMILY LEARNING CENTERS,Z,N
2425,43,9992,MARTIN,"PRIVATE SCHOOL STUDENTS, TITILE I, PART C (MIGRANT PROGRAMS)",Z,N
2425,43,9997,MARTIN,MIGRANT NON-ENROLLED STUDENTS,Z,N
2425,43,9998,MARTIN,HOME EDUCATION PROGRAM STUDENTS,Z,N
2425,44,41,MONROE,CORAL SHORES HIGH SCHOOL,Z,N
2425,44,42,MONROE,CORAL SHORES ADULT EDUCATION CENTER,Z,N
2425,44,43,MONROE,PACE-UPPER KEYS,Z,N
2425,44,101,MONROE,KEY WEST HIGH SCHOOL,Z,N
2425,44,102,MONROE,KEY WEST HIGH ADULT EDUCATION CENTER,Z,N
2425,44,103,MONROE,PACE-LOWER KEYS,Z,N
2425,44,106,MONROE,KEYS CENTER,Z,N
2425,44,111,MONROE,HORACE O'BRYANT SCHOOL,Z,Y
2425,44,112,MONROE,LOWER KEYS ACADEMIC CONNECTIONS FOR EXCELLENCE,Z,N
2425,44,113,MONROE,UPPER KEYS ACADEMIC CONNECTIONS FOR EXCELLENCE,Z,N
2425,44,131,MONROE,MARATHON SCHOOL,Z,N
2425,44,132,MONROE,MARATHON HIGH ADULT EDUCATION CENTER,Z,N
2425,44,151,MONROE,ACADEMIC CONNECTIONS FOR EXCELLENCE,Z,N
2425,44,152,MONROE,GLYNN ARCHER ELEMENTARY SCHOOL,Z,N
2425,44,161,MONROE,POINCIANA ELEMENTARY SCHOOL,Z,Y
2425,44,181,MONROE,SIGSBEE ELEMENTARY SCHOOL,Z,N
2425,44,201,MONROE,SUGARLOAF SCHOOL,Z,N
2425,44,251,MONROE,STANLEY SWITLIK ELEMENTARY SCHOOL,Z,Y
2425,44,291,MONROE,KEY LARGO SCHOOL,Z,Y
2425,44,293,MONROE,MONROE COUNTY DETENTION CENTER,Z,N
2425,44,294,MONROE,MONROE JUVENILE DETENTION CENTER,Z,N
2425,44,295,MONROE,HURRICANE ISLAND OUTWARD BOUND,Z,N
2425,44,311,MONROE,GERALD ADAMS ELEMENTARY SCHOOL,Z,Y
2425,44,312,MONROE,EASTER SEAL EARLY INTERVENTION,Z,N
2425,44,321,MONROE,PLANTATION KEY SCHOOL,Z,N
2425,44,332,MONROE,THE COLLEGE OF THE FLORIDA KEYS ACADEMY,R,N
2425,44,341,MONROE,SIGSBEE CHARTER SCHOOL,R,N
2425,44,351,MONROE,MAY SANDS MONTESSORI SCHOOL,R,N
2425,44,371,MONROE,TREASURE VILLAGE MONTESSORI CHARTER SCHOOL,R,N
2425,44,381,MONROE,OCEAN STUDIES CHARTER,R,N
2425,44,382,MONROE,SOMERSET ISLAND PREP,R,N
2425,44,391,MONROE,BIG PINE ACADEMY,C,N
2425,44,1000,MONROE,HEAD START IN DAY CARE CENTERS,Z,N
2425,44,1010,MONROE,SCHOOL READINESS CENTER,Z,N
2425,44,3450,MONROE,PERSONALIZED EDUCATION PROGRAM,Z,N
2425,44,3518,MONROE,MCKAY SCHOLARSHIP/SCHOOL OF ENROLLMENT,Z,N
2425,44,3818,MONROE,OPPORTUNITY SCHOLARSHIP/SCHOOL OF ENROLLMENT,Z,N
2425,44,3900,MONROE,FAMILY EMPOWERMENT SCHOLARSHIP PROGRAM,Z,N
2425,44,7001,MONROE,MONROE VIRTUAL INSTRUCTION PROGRAM,Z,N
2425,44,7004,MONROE,MONROE VIRTUAL FRANCHISE,Z,N
2425,44,7006,MONROE,MONROE VIRTUAL ACADEMY  (COURSE OFFERINGS),Z,N
2425,44,7023,MONROE,MONROE VIRTUAL INSTRUCTION PROGRAM (DISTRICT PROVIDED),Z,N
2425,44,9001,MONROE,MONROE DISTRICT OFFICE,Z,N
2425,44,9045,MONROE,CONTRACTED RESIDENTIAL SERVICES,Z,N
2425,44,9103,MONROE,ADULT/VOCATIONAL/COMMUNITY EDUCATION,Z,N
2425,44,9135,MONROE,NON-PUBLIC MIGRANT CHILDREN,Z,N
2425,44,9997,MONROE,MIGRANT NON-ENROLLED STUDENTS,Z,N
2425,44,9998,MONROE,HOME EDUCATION PROGRAM STUDENTS,Z,N
2425,45,31,NASSAU,FERNANDINA BEACH MIDDLE SCHOOL,Z,N
2425,45,51,NASSAU,ATLANTIC ELEMENTARY SCHOOL,Z,N
2425,45,52,NASSAU,NASSAU ADULT AND CAREER CENTER,Z,N
2425,45,53,NASSAU,NASSAU COUNTY COMMUNITY SCHOOL,Z,N
2425,45,54,NASSAU,NASSAU COMMUNITY ACADEMY,Z,N
2425,45,71,NASSAU,SOUTHSIDE ELEMENTARY SCHOOL,Z,Y
2425,45,81,NASSAU,EMMA LOVE HARDEE ELEMENTARY,Z,Y
2425,45,102,NASSAU,YULEE ELEMENTARY SCHOOL,Z,Y
2425,45,121,NASSAU,CALLAHAN ELEMENTARY SCHOOL,Z,Y
2425,45,131,NASSAU,CALLAHAN MIDDLE SCHOOL,Z,N
2425,45,151,NASSAU,HILLIARD MIDDLE-SENIOR HIGH,Z,N
2425,45,181,NASSAU,BRYCEVILLE ELEMENTARY SCHOOL,Z,Y
2425,45,191,NASSAU,WEST NASSAU COUNTY HIGH SCHOOL,Z,N
2425,45,221,NASSAU,YULEE MIDDLE SCHOOL,Z,N
2425,45,231,NASSAU,YULEE HIGH SCHOOL,Z,N
2425,45,241,NASSAU,HILLIARD ELEMENTARY SCHOOL,Z,Y
2425,45,242,NASSAU,WILDLIGHT ELEMENTARY,Z,N
2425,45,261,NASSAU,CALLAHAN INTERMEDIATE SCHOOL,Z,Y
2425,45,271,NASSAU,YULEE PRIMARY SCHOOL,Z,Y
2425,45,281,NASSAU,NASSAU JUVENILE RESIDENTIAL FACILITY,Z,N
2425,45,291,NASSAU,FERNANDINA BEACH HIGH SCHOOL,Z,N
2425,45,311,NASSAU,STEP - NASSAU,Z,N
2425,45,3450,NASSAU,PERSONALIZED EDUCATION PROGRAM,Z,N
2425,45,3518,NASSAU,MCKAY SCHOLARSHIP/SCHOOL OF ENROLLMENT,Z,N
2425,45,3818,NASSAU,OPPORTUNITY SCHOLARSHIP/SCHOOL OF ENROLLMENT,Z,N
2425,45,3900,NASSAU,FAMILY EMPOWERMENT SCHOLARSHIP PROGRAM,Z,N
2425,45,7001,NASSAU,NASSAU VIRTUAL INSTRUCTION PROGRAM,Z,N
2425,45,7004,NASSAU,NASSAU VIRTUAL FRANCHISE,Z,N
2425,45,7006,NASSAU,NASSAU VIRTUAL INSTRUCTION (COURSE OFFERINGS),Z,N
2425,45,7023,NASSAU,NASSAU VIRTUAL INSTRUCTION PROGRAM (DISTRICT PROVIDED),Z,N
2425,45,9001,NASSAU,NASSAU DISTRICT OFFICE,Z,N
2425,45,9045,NASSAU,CONTRACTED RESIDENTIAL SERVICES,Z,N
2425,45,9997,NASSAU,MIGRANT NON-ENROLLED STUDENTS,Z,N
2425,45,9998,NASSAU,HOME EDUCATION PROGRAM STUDENTS,Z,N
2425,46,31,OKALOOSA,ANNETTE P. EDWINS ELEMENTARY SCHOOL,Z,Y
2425,46,32,OKALOOSA,EDWINS ENHANCEMENT PROGRAM                (INACTIVE 09/02),Z,N
2425,46,41,OKALOOSA,BAKER SCHOOL,Z,Y
2425,46,51,OKALOOSA,BOB SIKES ELEMENTARY SCHOOL,Z,Y
2425,46,82,OKALOOSA,CLIFFORD MEIGS MIDDLE SCHOOL,Z,N
2425,46,92,OKALOOSA,SHOAL RIVER MIDDLE SCHOOL,Z,N
2425,46,111,OKALOOSA,W. E. COMBS SCHOOL,Z,N
2425,46,121,OKALOOSA,C. W. RUCKEL MIDDLE SCHOOL,Z,N
2425,46,131,OKALOOSA,DESTIN ELEMENTARY SCHOOL,Z,N
2425,46,151,OKALOOSA,LULA J. EDGE ELEMENTARY SCHOOL,Z,N
2425,46,161,OKALOOSA,EGLIN ELEMENTARY SCHOOL,Z,N
2425,46,201,OKALOOSA,LAUREL HILL SCHOOL,Z,Y
2425,46,211,OKALOOSA,NICEVILLE SENIOR HIGH SCHOOL,Z,N
2425,46,212,OKALOOSA,EAGLE INSTITUTE,Z,N
2425,46,222,OKALOOSA,NORTHWOOD ELEMENTARY SCHOOL,Z,Y
2425,46,223,OKALOOSA,NORTHWOOD PROGRAM OF DISCOVERY,Z,N
2425,46,241,OKALOOSA,SILVER SANDS-EXCEP. CHILDREN,Z,Y
2425,46,251,OKALOOSA,RIVERSIDE ELEMENTARY SCHOOL,Z,Y
2425,46,261,OKALOOSA,VALPARAISO SCHOOL,Z,N
2425,46,271,OKALOOSA,W. C. PRYOR MIDDLE SCHOOL,Z,Y
2425,46,281,OKALOOSA,WRIGHT ELEMENTARY SCHOOL,Z,Y
2425,46,431,OKALOOSA,SHALIMAR ELEMENTARY SCHOOL,Z,Y
2425,46,441,OKALOOSA,OAK HILL ELEMENTARY SCHOOL,Z,N
2425,46,541,OKALOOSA,ELLIOTT POINT ELEMENTARY SCHOOL,Z,Y
2425,46,551,OKALOOSA,OCEAN CITY ELEMENTARY SCHOOL,Z,N
2425,46,561,OKALOOSA,MARY ESTHER ELEMENTARY SCHOOL,Z,Y
2425,46,571,OKALOOSA,JAMES E PLEW ELEMENTARY SCHOOL,Z,N
2425,46,581,OKALOOSA,CHOCTAWHATCHEE SENIOR HIGH SCHOOL,Z,N
2425,46,582,OKALOOSA,CHOCTAWATCHEE ACADEMY,Z,N
2425,46,601,OKALOOSA,CRESTVIEW HIGH SCHOOL,Z,N
2425,46,602,OKALOOSA,CRESTVIEW VOCATIONAL-TECHNICAL CENTER,Z,N
2425,46,603,OKALOOSA,CRESTVIEW UNIVERSITY SCHOOL              (INACTIVE 09/02),Z,N
2425,46,604,OKALOOSA,NORTH OKALOOSA INSTITUTE,Z,N
2425,46,621,OKALOOSA,KENWOOD ELEMENTARY SCHOOL,Z,Y
2425,46,631,OKALOOSA,FLOROSA ELEMENTARY SCHOOL,Z,Y
2425,46,641,OKALOOSA,FORT WALTON BEACH HIGH SCHOOL,Z,N
2425,46,642,OKALOOSA,FORT WALTON BEACH SUCCESS ACADEMY,Z,N
2425,46,651,OKALOOSA,MAX BRUNER JUNIOR MIDDLE SCHOOL,Z,Y
2425,46,671,OKALOOSA,ADDIE R. LEWIS SCHOOL,Z,Y
2425,46,681,OKALOOSA,LONGWOOD ELEMENTARY SCHOOL,Z,Y
2425,46,701,OKALOOSA,OKALOOSA TECHNICAL COLLEGE,Z,N
2425,46,721,OKALOOSA,OKALOOSA STEMM CENTER,Z,N
2425,46,731,OKALOOSA,WALKER ELEMENTARY SCHOOL,Z,Y
2425,46,741,OKALOOSA,BLUEWATER ELEMENTARY SCHOOL,Z,N
2425,46,751,OKALOOSA,ANTIOCH ELEMENTARY SCHOOL,Z,N
2425,46,761,OKALOOSA,DAVIDSON MIDDLE SCHOOL,Z,N
2425,46,771,OKALOOSA,DESTIN MIDDLE SCHOOL,Z,N
2425,46,781,OKALOOSA,EMERALD COAST CAREER INSTITUTE S,Z,N
2425,46,791,OKALOOSA,EMERALD COAST CAREER INSTITUTE N,Z,Y
2425,46,801,OKALOOSA,RICHBOURG SCHOOL,Z,Y
2425,46,811,OKALOOSA,SOUTHSIDE PRIMARY SCHOOL,Z,Y
2425,46,3450,OKALOOSA,PERSONALIZED EDUCATION PROGRAM,Z,N
2425,46,3518,OKALOOSA,MCKAY SCHOLARSHIP/SCHOOL OF ENROLLMENT,Z,N
2425,46,3818,OKALOOSA,OPPORTUNITY SCHOLARSHIP/SCHOOL OF ENROLLMENT,Z,N
2425,46,3900,OKALOOSA,FAMILY EMPOWERMENT SCHOLARSHIP PROGRAM,Z,N
2425,46,7001,OKALOOSA,OKALOOSA VIRTUAL INSTRUCTION PROGRAM,Z,N
2425,46,7004,OKALOOSA,OKALOOSA VIRTUAL FRANCHISE,Z,N
2425,46,7006,OKALOOSA,OKALOOSA VIRTUAL INSTRUCTION (COURSE OFFERINGS),Z,N
2425,46,7023,OKALOOSA,OKALOOSA ONLINE NON FRANCHISED,Z,N
2425,46,9001,OKALOOSA,OKALOOSA DISTRICT OFFICE,Z,N
2425,46,9016,OKALOOSA,EXCEPTIONAL STUDENT EDUCATION                 (INACTIVE 09/02),Z,N
2425,46,9045,OKALOOSA,CONTRACTED RESIDENTIAL SERVICES,Z,N
2425,46,9700,OKALOOSA,DESTIN HIGH SCHOOL,R,N
2425,46,9800,OKALOOSA,OKALOOSA ACADEMY,R,Y
2425,46,9805,OKALOOSA,COLLEGIATE HIGH SCHOOL AT NORTHWEST FLORIDA STATE COLLEGE,R,N
2425,46,9807,OKALOOSA,LIZA JACKSON PREPARATORY SCHOOL,R,N
2425,46,9810,OKALOOSA,GULF COAST YOUTH ACADEMY,Z,N
2425,46,9811,OKALOOSA,CRESTVIEW YOUTH ACADEMY,Z,N
2425,46,9812,OKALOOSA,OKALOOSA YOUTH ACADEMY,Z,N
2425,46,9813,OKALOOSA,OKALOOSA REGIONAL DETENTION,Z,N
2425,46,9814,OKALOOSA,ADOLESCENT SUBSTANCE ABUSE,Z,N
2425,46,9815,OKALOOSA,AMI KIDS EMERALD COAST,Z,N
2425,46,9816,OKALOOSA,GULF COAST RESIDENTIAL CARE,Z,N
2425,46,9817,OKALOOSA,MILTON GIRLS JUV. RESIDENTIAL,Z,N
2425,46,9818,OKALOOSA,NORTHWEST FLORIDA BALLET ACADEMIE,Z,N
2425,46,9819,OKALOOSA,ADJUDICATED YOUTH FACILITY,Z,N
2425,46,9820,OKALOOSA,OKALOOSA BLENDED SCHOOL,Z,N
2425,46,9821,OKALOOSA,CRESTVIEW YOUTH ACADEMY (NON SECURE),Z,N
2425,46,9997,OKALOOSA,MIGRANT NON-ENROLLED STUDENTS,Z,N
2425,46,9998,OKALOOSA,HOME EDUCATION PROGRAM STUDENTS,Z,N
2425,47,21,OKEECHOBEE,OKEECHOBEE FRESHMAN CAMPUS,Z,N
2425,47,22,OKEECHOBEE,NEW ENDEAVOR HIGH SCHOOL,Z,N
2425,47,31,OKEECHOBEE,CENTRAL ELEMENTARY SCHOOL,Z,Y
2425,47,101,OKEECHOBEE,OKEECHOBEE HIGH SCHOOL,Z,Y
2425,47,102,OKEECHOBEE,OKEECHOBEE ADULT EDUCATION CENTER,Z,N
2425,47,111,OKEECHOBEE,SOUTH ELEMENTARY SCHOOL,Z,N
2425,47,112,OKEECHOBEE,SOUTH ELEMENTARY SCHOOL,Z,Y
2425,47,113,OKEECHOBEE,OKEECHOBEE ACHIEVEMENT ACADEMY,Z,Y
2425,47,114,OKEECHOBEE,EDUCATIONAL RESOURCE CENTER,Z,N
2425,47,121,OKEECHOBEE,YEARLING MIDDLE SCHOOL,Z,Y
2425,47,161,OKEECHOBEE,NORTH ELEMENTARY SCHOOL,Z,Y
2425,47,171,OKEECHOBEE,EVERGLADES ELEMENTARY SCHOOL,Z,Y
2425,47,181,OKEECHOBEE,SEMINOLE ELEMENTARY SCHOOL,Z,Y
2425,47,191,OKEECHOBEE,ACE PRE-K HANDICAPPED,Z,N
2425,47,201,OKEECHOBEE,OSCEOLA MIDDLE SCHOOL,Z,Y
2425,47,3450,OKEECHOBEE,PERSONALIZED EDUCATION PROGRAM,Z,N
2425,47,3518,OKEECHOBEE,MCKAY SCHOLARSHIP/SCHOOL OF ENROLLMENT,Z,N
2425,47,3818,OKEECHOBEE,OPPORTUNITY SCHOLARSHIP/SCHOOL OF ENROLLMENT,Z,N
2425,47,3900,OKEECHOBEE,FAMILY EMPOWERMENT SCHOLARSHIP PROGRAM,Z,N
2425,47,6911,OKEECHOBEE,OKEECHOBEE YOUTH TREATMENT CENTER (OYTC),Z,N
2425,47,6916,OKEECHOBEE,OKEECHOBEE YOUTH CORRECTION (OYCC),Z,N
2425,47,7001,OKEECHOBEE,OKEECHOBEE VIRTUAL INSTRUCTION PROGRAM,Z,N
2425,47,7004,OKEECHOBEE,OKEECHOBEE VIRTUAL FRANCHISE,Z,N
2425,47,7006,OKEECHOBEE,OKEECHOBEE  VIRTUAL SCHOOL,Z,N
2425,47,7023,OKEECHOBEE,OKEECHOBEE VIRTUAL INSTRUCTION PROGRAM,Z,N
2425,47,8017,OKEECHOBEE,OKEECHOBEE INTENSIVE HALFWAY HOUSE,Z,N
2425,47,8101,OKEECHOBEE,TAYLOR CREEK JUVENILE RESIDENTIAL FACILITY,Z,N
2425,47,9001,OKEECHOBEE,OKEECHOBEE DISTRICT OFFICE,Z,N
2425,47,9004,OKEECHOBEE,STUDENT SERV./SPECIAL PROGRAMS,Z,N
2425,47,9045,OKEECHOBEE,CONTRACTED RESIDENTIAL SERVICES,Z,N
2425,47,9101,OKEECHOBEE,TANTIE JUVENILE RESIDENTIAL FACILITY,Z,N
2425,47,9102,OKEECHOBEE,EXCEPTIONAL CHILD CENTER,Z,N
2425,47,9103,OKEECHOBEE,TANTIE,Z,N
2425,47,9104,OKEECHOBEE,OKEECHOBEE JUVENILE JUSTICE-LEVEL 4,Z,N
2425,47,9106,OKEECHOBEE,CYPRESS JUVENILE RESIDENTIAL FACILITY,Z,N
2425,47,9110,OKEECHOBEE,OKEECHOBEE COUNTY SHERIFF'S OFFICE,Z,N
2425,47,9400,OKEECHOBEE,MIGRANT NE,Z,N
2425,47,9997,OKEECHOBEE,MIGRANT NON-ENROLLED STUDENTS,Z,N
2425,47,9998,OKEECHOBEE,HOME EDUCATION PROGRAM STUDENTS,Z,N
2425,48,11,ORANGE,HOSPITAL HOMEBOUND,Z,N
2425,48,21,ORANGE,ORANGE HALFWAY HOUSE DJJ,Z,N
2425,48,31,ORANGE,LA AMISTAD,Z,N
2425,48,32,ORANGE,ESTEEM ACADEMY,Z,N
2425,48,33,ORANGE,RENAISSANCE CHARTER SCHOOL AT GOLDENROD,R,N
2425,48,34,ORANGE,UCP TRANSITIONAL LEARNING ACADEMY MIDDLE SCHOOL,R,N
2425,48,35,ORANGE,ESE TRANSITION,Z,N
2425,48,39,ORANGE,EINSTEIN MONTESSORI ACADEMY CHARTER,R,N
2425,48,40,ORANGE,PROSPERITAS LEADERSHIP ACADEMY CHARTER,R,N
2425,48,41,ORANGE,SIMON YOUTH FOUND ACAD AT OUTLET MKTPLCE,Z,Y
2425,48,42,ORANGE,BETA,Z,Y
2425,48,43,ORANGE,UNIVERSITY BEHAVIORAL CENTER,Z,N
2425,48,51,ORANGE,PRESCHOOL HANDICAPPED-EASTERSEAL,Z,N
2425,48,52,ORANGE,FLORIDA VIRTUAL HIGH SCHOOL,Z,N
2425,48,53,ORANGE,PASSPORT CHARTER,R,Y
2425,48,54,ORANGE,SUMMIT CHARTER,R,N
2425,48,55,ORANGE,PRINCETON HOUSE CHARTER,R,N
2425,48,56,ORANGE,LAKE EOLA CHARTER,R,N
2425,48,57,ORANGE,RIO GRANDE CHARTER,R,N
2425,48,59,ORANGE,WESTMINSTER ACADEMY CHARTER,R,N
2425,48,60,ORANGE,KOTA CHARTER SCHOOL,R,N
2425,48,61,ORANGE,HOPE CHARTER,R,N
2425,48,62,ORANGE,NAP FORD COMMUNITY CHARTER,R,N
2425,48,63,ORANGE,NORTHSTAR HIGH CHARTER,R,N
2425,48,65,ORANGE,UCP DOWNTOWN CHARTER,R,Y
2425,48,68,ORANGE,UCP WEST ORANGE CHARTER,R,Y
2425,48,69,ORANGE,CYBER HIGH CHARTER SCHOOL                 (INACTIVE 11/02),R,N
2425,48,70,ORANGE,UCP PINE HILLS CHARTER,R,Y
2425,48,71,ORANGE,UNIVERSITY BEHAVIORAL CENTER,Z,N
2425,48,72,ORANGE,OAKLAND AVENUE CHARTER,R,N
2425,48,73,ORANGE,SUMMIT CHARTER CENTRAL,R,N
2425,48,74,ORANGE,WORKFORCE ADVANTAGE ACADEMY CHARTER,R,N
2425,48,80,ORANGE,LEGENDS ACADEMY CHARTER,R,Y
2425,48,81,ORANGE,THE CHALLENGE CENTER,Z,N
2425,48,82,ORANGE,MESTA CHARTER,R,N
2425,48,83,ORANGE,SUMMIT CHARTER WEST,R,N
2425,48,84,ORANGE,SHEELER HIGH CHARTER,R,N
2425,48,85,ORANGE,CHANCERY HIGH CHARTER,R,N
2425,48,86,ORANGE,ORIGINS MONTESSORI CHARTER,R,N
2425,48,89,ORANGE,ORLANDO SCIENCE MIDDLE HIGH CHARTER,R,N
2425,48,90,ORANGE,UCP EAST CHARTER,R,N
2425,48,91,ORANGE,GLENBEIGH CENTER,Z,N
2425,48,92,ORANGE,NEW CHOICES ACADEMY,Z,N
2425,48,93,ORANGE,PROJECT ACHIEVE,Z,N
2425,48,100,ORANGE,LAKESIDE CRISIS,Z,N
2425,48,101,ORANGE,AMIKIDS ORLANDO,Z,N
2425,48,103,ORANGE,ORLANDO SCIENCE CHARTER SCHOOL K-8,R,N
2425,48,110,ORANGE,ADOLESCENT SUBSTANCE ABUSE PROGRAM,Z,N
2425,48,111,ORANGE,WILLIAM R BOONE HIGH,Z,N
2425,48,112,ORANGE,FIRST STEP I,Z,N
2425,48,113,ORANGE,PROJECT COMPASS,Z,N
2425,48,114,ORANGE,JUVENILE OFFENDERS PROGRAM,Z,N
2425,48,117,ORANGE,MID FLORIDA TECH ACE,Z,N
2425,48,119,ORANGE,LEGACY HIGH CHARTER,R,N
2425,48,120,ORANGE,ALOMA HIGH CHARTER,R,N
2425,48,121,ORANGE,EDGEWATER HIGH,Z,N
2425,48,122,ORANGE,POSITIVE PATHWAYS TRANSITION CENTER,Z,Y
2425,48,123,ORANGE,DROP BACK IN,Z,N
2425,48,125,ORANGE,EAST ORLANDO EDUCATION CENTER,Z,N
2425,48,128,ORANGE,UNIVERSAL EDUCATION CENTER,Z,N
2425,48,131,ORANGE,HOWARD MIDDLE,Z,N
2425,48,132,ORANGE,WINTER PARK EDUCATION CENTER,Z,N
2425,48,133,ORANGE,CORNERSTONE ACADEMY CHARTER,R,N
2425,48,141,ORANGE,LAKEVILLE ELEMENTARY,Z,Y
2425,48,142,ORANGE,CHEROKEE,Z,N
2425,48,146,ORANGE,CORNERSTONE CHARTER ACADEMY HIGH,R,N
2425,48,149,ORANGE,CENTRAL FLORIDA LEADERSHIP ACADEMY CHARTER,R,N
2425,48,151,ORANGE,MEMORIAL MIDDLE,Z,Y
2425,48,152,ORANGE,INNOVATIONS MIDDLE CHARTER,R,Y
2425,48,153,ORANGE,DAVINCI CHARTER HIGH SCHOOL,R,N
2425,48,154,ORANGE,IMANI ELEMENTARY CHARTER ACADEMY,R,N
2425,48,155,ORANGE,PINECREST PREPARATORY CHARTER,R,N
2425,48,156,ORANGE,CYPRESS SPRINGS ELEMENTARY,Z,N
2425,48,161,ORANGE,MIGRANT EDUCATION,Z,N
2425,48,162,ORANGE,PINECREST PREPARATORY HIGH CHARTER,R,N
2425,48,163,ORANGE,ASPIRE ACADEMY CHARTER,R,Y
2425,48,171,ORANGE,PROJECT III BOYS RESIDENTIAL,Z,N
2425,48,172,ORANGE,INNOVATION MONTESSORI OCOEE,R,N
2425,48,177,ORANGE,ACCESS CHARTER,R,N
2425,48,181,ORANGE,FERN CREEK ELEMENTARY,Z,N
2425,48,182,ORANGE,KIDS COMMUNITY COLLEGE CHARTER,R,N
2425,48,183,ORANGE,UCP TRANSITIONAL LEARNING ACADEMY CHARTER,R,Y
2425,48,184,ORANGE,UCP BAILES COMMUNITY ACADEMY,R,Y
2425,48,185,ORANGE,RENAISSANCE CHARTER SCHOOL AT CHICKASAW TRAIL,R,Y
2425,48,191,ORANGE,GRAND AVENUE PRIMARY LEARNING CENTER,Z,N
2425,48,192,ORANGE,OASIS PREPARATORY ACADEMY CHARTER,R,N
2425,48,200,ORANGE,ORLANDO SCIENCE ELEMENTARY CHARTER,R,N
2425,48,201,ORANGE,HILLCREST ELEMENTARY,Z,N
2425,48,202,ORANGE,SUNSHINE HIGH SCHOOL-GREATER ORLANDO CAMPUS,R,N
2425,48,203,ORANGE,PINECREST CREEK CHARTER,R,Y
2425,48,204,ORANGE,RENAISSANCE CHARTER SCHOOL AT HUNTERS CREEK,R,N
2425,48,205,ORANGE,ACCLAIM ACADEMY-ORANGE CHARTER,R,N
2425,48,206,ORANGE,ORANGE COUNTY PREPARATORY ACADEMY CHARTER,R,N
2425,48,211,ORANGE,KALEY ELEMENTARY,Z,N
2425,48,212,ORANGE,OAKSHIRE ELEMENTARY,Z,N
2425,48,213,ORANGE,LAWTON CHILES ELEMENTARY,Z,Y
2425,48,214,ORANGE,ENDEAVOR ELEMENTARY,Z,N
2425,48,215,ORANGE,THREE POINTS ELEMENTARY,Z,Y
2425,48,216,ORANGE,CITRUS ELEMENTARY,Z,Y
2425,48,217,ORANGE,CAMELOT ELEMENTARY,Z,N
2425,48,221,ORANGE,LAKE COMO SCHOOL,Z,N
2425,48,222,ORANGE,AVALON ELEMENTARY,Z,N
2425,48,223,ORANGE,CITRUS HIAWASSEE RELIEF,Z,N
2425,48,231,ORANGE,PINELOCH ELEMENTARY,Z,Y
2425,48,232,ORANGE,WEST CREEK ELEMENTARY,Z,N
2425,48,235,ORANGE,THORNEBROOKE ELEMENTARY,Z,N
2425,48,236,ORANGE,EAGLES NEST ELEMENTARY,Z,Y
2425,48,238,ORANGE,PINECREST ACADEMY AVALON,R,N
2425,48,241,ORANGE,LAKE GEM ELEMENTARY,Z,Y
2425,48,242,ORANGE,LEGACY MIDDLE,Z,N
2425,48,245,ORANGE,FREEDOM MIDDLE,Z,N
2425,48,251,ORANGE,PRINCETON ELEMENTARY,Z,N
2425,48,252,ORANGE,OCOEE HIGH,Z,N
2425,48,253,ORANGE,WEST OAKS ELEMENTARY,Z,Y
2425,48,259,ORANGE,EAST LAKE ELEMENTARY,Z,N
2425,48,261,ORANGE,RIVERDALE ELEMENTARY,Z,Y
2425,48,271,ORANGE,ORLO VISTA ELEMENTARY,Z,Y
2425,48,272,ORANGE,INNOVATION MONTESSORI HIGH SCHOOL,R,N
2425,48,281,ORANGE,FIRST STEP,Z,N
2425,48,282,ORANGE,APOPKA MIDDLE,Z,Y
2425,48,283,ORANGE,PINECREST COLLEGIATE ACADEMY,R,N
2425,48,287,ORANGE,APOPKA ACE WESTSIDE TECH CENTER,Z,N
2425,48,291,ORANGE,UNIVERSAL EDUCATION CENTER,Z,N
2425,48,295,ORANGE,LUMINARY MIDDLE,Z,N
2425,48,301,ORANGE,LAKE GEORGE ELEMENTARY,Z,N
2425,48,302,ORANGE,WINTER PARK HIGH 9TH GRADE CENTER,Z,N
2425,48,311,ORANGE,KILLARNEY ELEMENTARY,Z,Y
2425,48,321,ORANGE,ANDOVER ELEMENTARY,Z,N
2425,48,322,ORANGE,WHISPERING OAK ELEMENTARY,Z,N
2425,48,331,ORANGE,LAUREATE PARK ELEMENTARY,Z,N
2425,48,342,ORANGE,OCOEE MIDDLE,Z,N
2425,48,352,ORANGE,LAKEVIEW MIDDLE,Z,N
2425,48,361,ORANGE,TILDENVILLE ELEMENTARY,Z,N
2425,48,371,ORANGE,RESOLUTIONS,Z,N
2425,48,381,ORANGE,HUNTERS CREEK MIDDLE,Z,N
2425,48,391,ORANGE,ADOLESCENT THERAPEUTIC CENTER,Z,N
2425,48,392,ORANGE,SILVER STAR CENTER,Z,N
2425,48,395,ORANGE,VILLAGE,Z,N
2425,48,400,ORANGE,ATC/GHH,Z,N
2425,48,401,ORANGE,PINEWOOD ELEMENTARY,Z,Y
2425,48,402,ORANGE,ATC/BHH,Z,N
2425,48,411,ORANGE,PINE CASTLE ELEMENTARY,Z,N
2425,48,421,ORANGE,LOCKHART ELEMENTARY,Z,Y
2425,48,431,ORANGE,UNION PARK ELEMENTARY,Z,Y
2425,48,441,ORANGE,DEVEREUX TREATMENT PROGRAM,Z,N
2425,48,451,ORANGE,PERSPECTIVE II,Z,N
2425,48,461,ORANGE,ZELLWOOD ELEMENTARY,Z,Y
2425,48,471,ORANGE,OAK LEAF ALTERNATIVE SCHOOL AT LAUREL OAKS HOSPITAL,Z,N
2425,48,472,ORANGE,HAMLIN ELEMENTARY,Z,N
2425,48,481,ORANGE,CRISIS CENTERS AT LAKESIDE/FLORIDA HOSPITAL,Z,N
2425,48,482,ORANGE,WATER SPRING MIDDLE SCHOOL,Z,N
2425,48,491,ORANGE,THE JACKSON CENTER,Z,N
2425,48,501,ORANGE,VILLAGE SCHOOL,Z,N
2425,48,510,ORANGE,VISTA POINTE ELEMENTARY,Z,Y
2425,48,511,ORANGE,DILLARD STREET ELEMENTARY,Z,N
2425,48,520,ORANGE,SUMMERLAKE ELEMENTARY,Z,N
2425,48,521,ORANGE,LAKE SILVER ELEMENTARY,Z,Y
2425,48,531,ORANGE,BALDWIN PARK ELEMENTARY,Z,N
2425,48,541,ORANGE,DREAM LAKE ELEMENTARY,Z,Y
2425,48,551,ORANGE,CONWAY ELEMENTARY,Z,Y
2425,48,561,ORANGE,LAKEMONT ELEMENTARY,Z,N
2425,48,571,ORANGE,GLENRIDGE MIDDLE,Z,N
2425,48,581,ORANGE,COLLEGE PARK MIDDLE,Z,Y
2425,48,591,ORANGE,SILVER PINES ACADEMY K-12 LEARNING CENTER,Z,Y
2425,48,601,ORANGE,ORLANDO GIFTED ACADEMY,Z,N
2425,48,611,ORANGE,AZALEA PARK ELEMENTARY,Z,Y
2425,48,621,ORANGE,PINE HILLS ELEMENTARY,Z,Y
2425,48,631,ORANGE,BLANKNER K-8,Z,N
2425,48,641,ORANGE,ROCK LAKE ELEMENTARY,Z,Y
2425,48,651,ORANGE,LAKE WESTON ELEMENTARY,Z,Y
2425,48,661,ORANGE,COLONIAL HIGH,Z,Y
2425,48,667,ORANGE,WINTER PARK TECH ACE,Z,N
2425,48,671,ORANGE,MAYNARD EVANS HIGH,Z,Y
2425,48,677,ORANGE,EVANS ACE,Z,N
2425,48,681,ORANGE,ENGELWOOD ELEMENTARY,Z,Y
2425,48,691,ORANGE,OAK RIDGE HIGH,Z,Y
2425,48,701,ORANGE,CATALINA ELEMENTARY,Z,Y
2425,48,711,ORANGE,CHENEY ELEMENTARY,Z,Y
2425,48,721,ORANGE,LOCKHART MIDDLE,Z,Y
2425,48,731,ORANGE,MAITLAND MIDDLE,Z,N
2425,48,741,ORANGE,SALLY RIDE ELEMENTARY,Z,Y
2425,48,751,ORANGE,BROOKSHIRE ELEMENTARY,Z,N
2425,48,761,ORANGE,NEW DIRECTIONS ACADEMY,Z,N
2425,48,764,ORANGE,EXCEL HIGH,Z,N
2425,48,766,ORANGE,EXCEL SCHOOL PROFESSIONAL ACADEMY,Z,N
2425,48,771,ORANGE,NORTHLAKE PARK COMMUNITY ELEMENTARY,Z,N
2425,48,772,ORANGE,TBD,Z,N
2425,48,781,ORANGE,DOVER SHORES ELEMENTARY,Z,Y
2425,48,791,ORANGE,MOLLIE RAY ELEMENTARY,Z,Y
2425,48,801,ORANGE,DURRANCE ELEMENTARY,Z,N
2425,48,811,ORANGE,TANGELO PARK ELEMENTARY,Z,Y
2425,48,821,ORANGE,LOVELL ELEMENTARY,Z,Y
2425,48,831,ORANGE,CHICKASAW ELEMENTARY,Z,Y
2425,48,841,ORANGE,SPRING LAKE ELEMENTARY,Z,Y
2425,48,851,ORANGE,LANCASTER ELEMENTARY,Z,Y
2425,48,861,ORANGE,ROLLING HILLS ELEMENTARY,Z,Y
2425,48,871,ORANGE,BONNEVILLE ELEMENTARY,Z,Y
2425,48,881,ORANGE,HIAWASSEE ELEMENTARY,Z,Y
2425,48,891,ORANGE,MICHAEL MCCOY ELEMENTARY,Z,Y
2425,48,901,ORANGE,PERSHING SCHOOL,Z,N
2425,48,911,ORANGE,UNION PARK MIDDLE,Z,Y
2425,48,917,ORANGE,UNION PARK ACE CENTER/,Z,N
2425,48,921,ORANGE,ROBINSWOOD MIDDLE,Z,Y
2425,48,931,ORANGE,DR. PHILLIPS HIGH,Z,N
2425,48,932,ORANGE,LAKE BUENA VISTA HIGH SCHOOL,Z,N
2425,48,937,ORANGE,WESTSIDE TECH ACE,Z,N
2425,48,941,ORANGE,PRAIRIE LAKE ELEMENTARY,Z,Y
2425,48,951,ORANGE,COLONIAL HIGH 9TH GRADE CENTER,Z,N
2425,48,961,ORANGE,PALM LAKE ELEMENTARY,Z,N
2425,48,971,ORANGE,VENTURA ELEMENTARY,Z,Y
2425,48,981,ORANGE,ARBOR RIDGE K-8,Z,N
2425,48,991,ORANGE,CLAY SPRINGS ELEMENTARY,Z,Y
2425,48,1001,ORANGE,UNIVERSITY HIGH,Z,N
2425,48,1002,ORANGE,ECON RIVER HIGH CHARTER,R,N
2425,48,1003,ORANGE,LUCIOUS AND EMMA NIXON ACADEMY CHARTER,R,Y
2425,48,1009,ORANGE,BRIDGEPREP ACADEMY CHARTER,R,Y
2425,48,1010,ORANGE,RENAISSANCE CHARTER AT CROWN POINT,R,Y
2425,48,1011,ORANGE,ROCK SPRINGS ELEMENTARY,Z,Y
2425,48,1012,ORANGE,CASTLEVIEW ELEMENTARY,Z,N
2425,48,1014,ORANGE,OCPS ACADEMIC CENTER FOR EXCELLENCE,Z,Y
2425,48,1015,ORANGE,HAMLIN MIDDLE,Z,N
2425,48,1018,ORANGE,MATER ACADEMY NARCOOSSEE,R,N
2425,48,1019,ORANGE,MATER ACADEMY NARCOOSSEE HIGH SCHOOL,R,N
2425,48,1020,ORANGE,OLYMPUS ACADEMY CHARTER SCHOOL,R,N
2425,48,1021,ORANGE,METROWEST ELEMENTARY,Z,N
2425,48,1022,ORANGE,HORIZON WEST MIDDLE,Z,N
2425,48,1023,ORANGE,SUNSHINE ELEMENTARY,Z,N
2425,48,1024,ORANGE,WATER SPRING ELEMENTARY,Z,N
2425,48,1025,ORANGE,126-E-W-4,Z,N
2425,48,1026,ORANGE,KELLY PARK SCHOOL,Z,N
2425,48,1031,ORANGE,SOUTHWEST MIDDLE,Z,N
2425,48,1041,ORANGE,MEADOW WOODS ELEMENTARY,Z,Y
2425,48,1051,ORANGE,WATERBRIDGE ELEMENTARY,Z,N
2425,48,1061,ORANGE,WINDY RIDGE K-8,Z,N
2425,48,1071,ORANGE,BAY MEADOWS ELEMENTARY,Z,N
2425,48,1081,ORANGE,JOHN YOUNG ELEMENTARY,Z,N
2425,48,1091,ORANGE,WATERFORD ELEMENTARY,Z,N
2425,48,1101,ORANGE,DR. PHILLIPS HIGH 9TH GRADE CENTER,Z,N
2425,48,1111,ORANGE,ROBERTO CLEMENTE MIDDLE,Z,Y
2425,48,1121,ORANGE,DISCOVERY MIDDLE,Z,N
2425,48,1131,ORANGE,ORANGE TECHNICAL COLLEGE SOUTH CAMPUS,Z,N
2425,48,1133,ORANGE,WESTRIDGE MIDDLE,Z,Y
2425,48,1141,ORANGE,LITTLE RIVER ELEMENTARY,Z,Y
2425,48,1151,ORANGE,JUDSON B WALKER MIDDLE,Z,Y
2425,48,1161,ORANGE,VILLAGE PARK ELEMENTARY,Z,N
2425,48,1171,ORANGE,WINEGARD ELEMENTARY,Z,Y
2425,48,1181,ORANGE,DOMMERICH ELEMENTARY,Z,N
2425,48,1191,ORANGE,HUNTERS CREEK ELEMENTARY,Z,N
2425,48,1201,ORANGE,WESTPOINTE ELEMENTARY,Z,N
2425,48,1221,ORANGE,LAKE SYBELIA ELEMENTARY,Z,N
2425,48,1231,ORANGE,WINDERMERE ELEMENTARY,Z,N
2425,48,1241,ORANGE,MEADOWBROOK MIDDLE,Z,Y
2425,48,1251,ORANGE,RIVERSIDE ELEMENTARY,Z,Y
2425,48,1261,ORANGE,SADLER ELEMENTARY,Z,Y
2425,48,1271,ORANGE,ROSEMONT ELEMENTARY,Z,Y
2425,48,1281,ORANGE,CORNER LAKE MIDDLE,Z,N
2425,48,1282,ORANGE,APOPKA ELEMENTARY,Z,N
2425,48,1291,ORANGE,CHAIN OF LAKES MIDDLE,Z,N
2425,48,1311,ORANGE,JUVENILE DETENTION,Z,N
2425,48,1321,ORANGE,WILLIAM S MAXEY ELEMENTARY,Z,Y
2425,48,1322,ORANGE,PANTHER LAKE ELEMENTARY,Z,N
2425,48,1331,ORANGE,ORANGE CENTER ELEMENTARY,Z,Y
2425,48,1341,ORANGE,SOUTHWOOD ELEMENTARY,Z,N
2425,48,1351,ORANGE,HUNGERFORD ELEMENTARY,Z,Y
2425,48,1361,ORANGE,PHILLIS WHEATLEY ELEMENTARY,Z,Y
2425,48,1371,ORANGE,SUNRISE ELEMENTARY,Z,N
2425,48,1381,ORANGE,MEADOW WOODS MIDDLE,Z,N
2425,48,1391,ORANGE,CONWAY MIDDLE,Z,Y
2425,48,1392,ORANGE,BAY LAKE ELEMENTARY,Z,N
2425,48,1401,ORANGE,ALOMA ELEMENTARY,Z,Y
2425,48,1411,ORANGE,WINTER PARK HIGH,Z,N
2425,48,1417,ORANGE,ORLANDO TECH ACE,Z,N
2425,48,1421,ORANGE,IVEY LANE ELEMENTARY,Z,Y
2425,48,1431,ORANGE,RIDGEWOOD PARK ELEMENTARY,Z,Y
2425,48,1441,ORANGE,SHENANDOAH ELEMENTARY,Z,N
2425,48,1444,ORANGE,130-E-SE-2,Z,N
2425,48,1451,ORANGE,COLUMBIA ELEMENTARY,Z,N
2425,48,1461,ORANGE,HIDDEN OAKS ELEMENTARY,Z,N
2425,48,1471,ORANGE,HORIZON HIGH SCHOOL,Z,N
2425,48,1481,ORANGE,STONEWYCK ELEMENTARY,Z,N
2425,48,1482,ORANGE,INDEPENDENCE ELEMENTARY,Z,N
2425,48,1491,ORANGE,PALMETTO ELEMENTARY,Z,Y
2425,48,1492,ORANGE,MILLENNIA GARDENS ELEMENTARY,Z,Y
2425,48,1501,ORANGE,OAK HILL ELEMENTARY,Z,Y
2425,48,1511,ORANGE,WEST ORANGE HIGH,Z,N
2425,48,1512,ORANGE,WEST ORANGE HIGH 9TH GRADE CENTER,Z,N
2425,48,1521,ORANGE,APOPKA HIGH,Z,N
2425,48,1522,ORANGE,APOPKA HIGH 9TH GRADE CENTER,Z,N
2425,48,1531,ORANGE,OCOEE ELEMENTARY,Z,Y
2425,48,1541,ORANGE,PINAR ELEMENTARY,Z,Y
2425,48,1542,ORANGE,WEKIVA HIGH,Z,Y
2425,48,1551,ORANGE,LIBERTY MIDDLE,Z,Y
2425,48,1553,ORANGE,MILLENNIA ELEMENTARY,Z,N
2425,48,1561,ORANGE,MAGNOLIA SCHOOL,Z,N
2425,48,1562,ORANGE,WESTBROOKE ELEMENTARY,Z,N
2425,48,1571,ORANGE,LAKE WHITNEY ELEMENTARY,Z,N
2425,48,1581,ORANGE,ORANGE TECHNICAL COLLEGE,Z,N
2425,48,1582,ORANGE,MOSS PARK ELEMENTARY,Z,N
2425,48,1591,ORANGE,DR. PHILLIPS ELEMENTARY,Z,N
2425,48,1601,ORANGE,DEERWOOD ELEMENTARY,Z,N
2425,48,1611,ORANGE,WILLIAM FRANGUS ELEMENTARY,Z,Y
2425,48,1612,ORANGE,CASTLE CREEK ELEMENTARY,Z,Y
2425,48,1621,ORANGE,SHINGLE CREEK ELEMENTARY,Z,Y
2425,48,1631,ORANGE,TIMBER CREEK HIGH,Z,N
2425,48,1632,ORANGE,OLYMPIA HIGH,Z,N
2425,48,1641,ORANGE,DISCOVERY MIDDLE SCHOOL,Z,N
2425,48,1651,ORANGE,CYPRESS CREEK HIGH,Z,N
2425,48,1661,ORANGE,EVANS HIGH 9TH GRADE CENTER,Z,N
2425,48,1662,ORANGE,FREEDOM HIGH,Z,N
2425,48,1671,ORANGE,PIEDMONT LAKES MIDDLE,Z,Y
2425,48,1681,ORANGE,GOTHA MIDDLE,Z,N
2425,48,1682,ORANGE,ODYSSEY MIDDLE,Z,N
2425,48,1691,ORANGE,PACE CENTER FOR GIRLS,Z,Y
2425,48,1692,ORANGE,ATWATER BAY ELEMENTARY,Z,N
2425,48,1701,ORANGE,CENTER FOR CREATIVE EDUCATION,Z,N
2425,48,1702,ORANGE,WOLF LAKE MIDDLE,Z,N
2425,48,1703,ORANGE,SOUTH CREEK MIDDLE,Z,N
2425,48,1711,ORANGE,PRESCHOOL HANDICAPPED-EASTERSEAL,Z,N
2425,48,1721,ORANGE,PRE-SCHOOL EVALUATION CENTER,Z,N
2425,48,1731,ORANGE,SAND LAKE ELEMENTARY,Z,N
2425,48,1741,ORANGE,WYNDHAM LAKES ELEMENTARY,Z,N
2425,48,1751,ORANGE,WOLF LAKE ELEMENTARY,Z,N
2425,48,1752,ORANGE,VISTA LAKES ELEMENTARY,Z,N
2425,48,1761,ORANGE,INNOVATION HIGH,Z,N
2425,48,1762,ORANGE,BRIDGEWATER MIDDLE,Z,N
2425,48,1763,ORANGE,AVALON MIDDLE,Z,N
2425,48,1771,ORANGE,STONE LAKES ELEMENTARY,Z,N
2425,48,1776,ORANGE,SUNSET PARK ELEMENTARY,Z,N
2425,48,1781,ORANGE,97-E-SE-2,Z,N
2425,48,1791,ORANGE,KEENES CROSSING ELEMENTARY,Z,N
2425,48,1801,ORANGE,EAST RIVER HIGH,Z,N
2425,48,1811,ORANGE,ACCELERATION EAST,Z,Y
2425,48,1821,ORANGE,SUNRIDGE ELEMENTARY,Z,N
2425,48,1831,ORANGE,SUN BLAZE ELEMENTARY,Z,N
2425,48,1841,ORANGE,ACCELERATION WEST,Z,Y
2425,48,1851,ORANGE,AUDUBON PARK SCHOOL,Z,N
2425,48,1852,ORANGE,TIMBER SPRINGS MIDDLE,Z,N
2425,48,1861,ORANGE,WEDGEFIELD SCHOOL,Z,N
2425,48,1871,ORANGE,INNOVATION MIDDLE,Z,N
2425,48,1881,ORANGE,WASHINGTON SHORES PRIMARY LEARNING CENTER,Z,N
2425,48,1908,ORANGE,WINDERMERE HIGH,Z,N
2425,48,1911,ORANGE,SUNRIDGE MIDDLE,Z,N
2425,48,1921,ORANGE,EAGLE CREEK ELEMENTARY,Z,N
2425,48,1931,ORANGE,LAKE NONA MIDDLE,Z,N
2425,48,1941,ORANGE,WETHERBEE ELEMENTARY,Z,N
2425,48,1951,ORANGE,LAKE NONA HIGH,Z,N
2425,48,1961,ORANGE,34-M-W-7  (34-M-N-7),Z,N
2425,48,1971,ORANGE,FORSYTH WOODS ELEMENTARY,Z,Y
2425,48,1991,ORANGE,TIMBER LAKES ELEMENTARY,Z,N
2425,48,3001,ORANGE,PRE-K EARLY INTERVENTION,Z,N
2425,48,3450,ORANGE,PERSONALIZED EDUCATION PROGRAM,Z,N
2425,48,3518,ORANGE,MCKAY SCHOLARSHIP/SCHOOL OF ENROLLMENT,Z,N
2425,48,3818,ORANGE,OPPORTUNITY SCHOLARSHIP/SCHOOL OF ENROLLMENT,Z,N
2425,48,3900,ORANGE,FAMILY EMPOWERMENT SCHOLARSHIP PROGRAM,Z,N
2425,48,5101,ORANGE,204-AE-N-7,Z,N
2425,48,5711,ORANGE,JONES HIGH,Z,Y
2425,48,5717,ORANGE,CTE VIRTUAL CENTER,Z,N
2425,48,5783,ORANGE,ORANGE TECHNICAL COLLEGE WEST CAMPUS,Z,N
2425,48,5801,ORANGE,HUNGERFORD PREPARATORY,Z,N
2425,48,5807,ORANGE,TRANSITION ACE,Z,N
2425,48,5831,ORANGE,RANDALL ACADEMY,Z,N
2425,48,5841,ORANGE,ECCLESTON ELEMENTARY,Z,Y
2425,48,5852,ORANGE,ORANGE TECHNICAL COLLEGE EAST CAMPUS,Z,N
2425,48,5861,ORANGE,WASHINGTON SHORES ELEMENTARY,Z,Y
2425,48,5871,ORANGE,CARVER MIDDLE,Z,Y
2425,48,5891,ORANGE,RICHMOND HEIGHTS ELEMENTARY,Z,N
2425,48,6128,ORANGE,FACILITIES SERVICES PORTABLE OPERATIONS,Z,N
2425,48,7001,ORANGE,OCVS VIRTUAL INSTRUCTION PROGRAM,Z,N
2425,48,7004,ORANGE,OCVS VIRTUAL FRANCHISE,Z,N
2425,48,7005,ORANGE,PROFESSIONAL DEVELOPMENT SERVICES,Z,N
2425,48,7006,ORANGE,OCVS VIRTUAL INSTRUCTION (COURSE OFFERINGS),Z,N
2425,48,7023,ORANGE,OCVS DIGITAL ACADEMY,Z,N
2425,48,7405,ORANGE,ESE INSTRUCTIONAL SUPPORT,Z,N
2425,48,7434,ORANGE,STUDENT ASSISTANT SERVICES SAFE,Z,N
2425,48,7466,ORANGE,HRS SED RESIDENTIAL CENTERS,Z,N
2425,48,7471,ORANGE,LAUREL OAKS HOSPITAL - SED,Z,N
2425,48,7553,ORANGE,ALPHA CENTER,Z,N
2425,48,8001,ORANGE,CHILDREN'S CENTER FOR EDUCATION,Z,N
2425,48,8002,ORANGE,JUVENILE RESIDENTIAL SECURE SCHOOL,Z,N
2425,48,8003,ORANGE,CHARLEE GROUP TREATMENT HOME,Z,N
2425,48,8004,ORANGE,ORANGE COUNTY BOOT CAMP,Z,N
2425,48,8005,ORANGE,CHOICES PROGRAM,Z,N
2425,48,8006,ORANGE,HOME BUILDERS INSTITUTE,Z,N
2425,48,8007,ORANGE,PERSPECTIVE GROUP TREATMENT HOME,Z,N
2425,48,8008,ORANGE,THE OAKS DAY TREATMENT,Z,N
2425,48,8009,ORANGE,ORANGE YOUTH ACADEMY,Z,N
2425,48,8010,ORANGE,CHILDREN AND ADOLESCENCE TREATMENT PROGRAM,Z,N
2425,48,9001,ORANGE,ORANGE DISTRICT OFFICE,Z,N
2425,48,9045,ORANGE,CONTRACTED RESIDENTIAL SERVICES,Z,N
2425,48,9997,ORANGE,MIGRANT NON-ENROLLED STUDENTS,Z,N
2425,48,9998,ORANGE,HOME EDUCATION PROGRAM STUDENTS,Z,N
2425,49,5,OSCEOLA,TOHOPEKALIGA HIGH SCHOOL,Z,N
2425,49,11,OSCEOLA,HARMONY COMMUNITY SCHOOL,Z,N
2425,49,40,OSCEOLA,NARCOOSSEE MIDDLE SCHOOL,Z,N
2425,49,41,OSCEOLA,DISCOVERY INTERMEDIATE SCHOOL,Z,Y
2425,49,42,OSCEOLA,KISSIMMEE ELEMENTARY SCHOOL,Z,Y
2425,49,43,OSCEOLA,NARCOOSSEE ELEMENTARY SCHOOL,Z,N
2425,49,51,OSCEOLA,BEAUMONT MIDDLE SCHOOL,Z,N
2425,49,52,OSCEOLA,AA SCHOOL,Z,N
2425,49,61,OSCEOLA,CENTRAL AVENUE ELEMENTARY SCHOOL,Z,Y
2425,49,71,OSCEOLA,HIGHLANDS ELEMENTARY SCHOOL,Z,Y
2425,49,81,OSCEOLA,OSCEOLA HIGH SCHOOL,Z,Y
2425,49,91,OSCEOLA,DENN JOHN MIDDLE SCHOOL,Z,Y
2425,49,101,OSCEOLA,THACKER AVENUE ELEMENTARY FOR INTERNATIONAL STUDIES,Z,Y
2425,49,111,OSCEOLA,ST. CLOUD ELEMENTARY SCHOOL,Z,N
2425,49,131,OSCEOLA,BRIDGEPREP ACADEMY OF ST.CLOUD,R,N
2425,49,141,OSCEOLA,OSCEOLA CENTER FOR EARLY LEARNING,Z,N
2425,49,142,OSCEOLA,KENANSVILLE CHARTER ELEMENTARY,R,N
2425,49,146,OSCEOLA,KENANSVILLE CHARTER MIDDLE SCHOOL,R,N
2425,49,149,OSCEOLA,RENAISSANCE CHARTER SCHOOL AT POINCIANA,R,Y
2425,49,151,OSCEOLA,ACCLAIM ACADEMY OF FLORIDA INC,R,N
2425,49,152,OSCEOLA,FOUR CORNERS UPPER SCHOOL,R,N
2425,49,153,OSCEOLA,FLORIDA CYBER CHARTER ACADEMY AT OSCEOLA,R,N
2425,49,154,OSCEOLA,I VIRTUAL LEAGUE ACADEMY,R,N
2425,49,155,OSCEOLA,VICTORY CHARTER SCHOOL,R,Y
2425,49,161,OSCEOLA,VICTORY K8 OF OSCEOLA,R,N
2425,49,162,OSCEOLA,ST. CLOUD PREPARATORY ACADEMY,R,N
2425,49,163,OSCEOLA,MATER BRIGHTON LAKES,R,Y
2425,49,171,OSCEOLA,RENAISSANCE CHARTER SCHOOL AT TAPESTRY,R,Y
2425,49,172,OSCEOLA,FOUR CORNERS CHARTER HIGH SCHOOL,R,N
2425,49,177,OSCEOLA,ST. CLOUD PREPARATORY ACADEMY HIGH SCHOOL,R,N
2425,49,181,OSCEOLA,OSCEOLA SCIENCE CHARTER SCHOOL,R,N
2425,49,182,OSCEOLA,LINCOLN-MARTI CHARTER SCHOOLS(OSCEOLA CAMPUS),R,Y
2425,49,183,OSCEOLA,SPORTS LEADERSHIP ARTS MANAGEMENT (SLAM),R,Y
2425,49,184,OSCEOLA,BRIDGEPREP ACADEMY OSCEOLA COUNTY,R,Y
2425,49,185,OSCEOLA,MATER PALMS ACADEMY,R,Y
2425,49,191,OSCEOLA,RENAISSANCE ACADEMY OF ARTS AND SCIENCES,R,N
2425,49,192,OSCEOLA,CREATIVE INSPIRATION JOURNEY SCHOOL OF ST CLOUD,R,N
2425,49,200,OSCEOLA,TRADE LOGISTICS AVIATION ACADEMY,R,N
2425,49,201,OSCEOLA,ST. CLOUD HIGH SCHOOL,Z,N
2425,49,202,OSCEOLA,MATER ACADEMY AT ST CLOUD,R,Y
2425,49,203,OSCEOLA,VICTORY CHARTER SCHOOL K-5,R,N
2425,49,251,OSCEOLA,KISSIMMEE MIDDLE SCHOOL,Z,Y
2425,49,252,OSCEOLA,HARMONY MIDDLE SCHOOL,Z,N
2425,49,271,OSCEOLA,MICHIGAN AVENUE ELEMENTARY SCHOOL,Z,Y
2425,49,272,OSCEOLA,ST. CLOUD MIDDLE SCHOOL,Z,N
2425,49,300,OSCEOLA,KOA ELEMENTARY SCHOOL,Z,Y
2425,49,301,OSCEOLA,REEDY CREEK ELEMENTARY SCHOOL,Z,Y
2425,49,302,OSCEOLA,WESTSIDE K-8 SCHOOL,Z,Y
2425,49,311,OSCEOLA,NEPTUNE MIDDLE SCHOOL,Z,Y
2425,49,321,OSCEOLA,VENTURA ELEMENTARY SCHOOL,Z,Y
2425,49,341,OSCEOLA,HORIZON MIDDLE SCHOOL,Z,Y
2425,49,401,OSCEOLA,BOGGY CREEK ELEMENTARY SCHOOL,Z,Y
2425,49,501,OSCEOLA,HICKORY TREE ELEMENTARY SCHOOL,Z,N
2425,49,601,OSCEOLA,GATEWAY HIGH SCHOOL,Z,Y
2425,49,701,OSCEOLA,MILL CREEK ELEMENTARY SCHOOL,Z,Y
2425,49,711,OSCEOLA,CELEBRATION K-8,Z,N
2425,49,801,OSCEOLA,LAKEVIEW ELEMENTARY SCHOOL,Z,Y
2425,49,811,OSCEOLA,PLEASANT HILL ELEMENTARY SCHOOL,Z,Y
2425,49,821,OSCEOLA,PARKWAY MIDDLE SCHOOL,Z,Y
2425,49,831,OSCEOLA,DEERWOOD ELEMENTARY SCHOOL,Z,Y
2425,49,841,OSCEOLA,POINCIANA HIGH SCHOOL,Z,Y
2425,49,842,OSCEOLA,LIBERTY HIGH SCHOOL,Z,Y
2425,49,851,OSCEOLA,CYPRESS ELEMENTARY SCHOOL,Z,Y
2425,49,852,OSCEOLA,ACADEMIR PREPARATORY OF CHAMPIONSGATE,R,N
2425,49,853,OSCEOLA,NEW DIMENSIONS HIGH SCHOOL,R,Y
2425,49,857,OSCEOLA,GED EXIT OPTION PROGRAM,Z,N
2425,49,858,OSCEOLA,OSCEOLA CO. JUVENILE JUSTICE,Z,N
2425,49,859,OSCEOLA,HERITAGE PARK ACADEMY,Z,N
2425,49,861,OSCEOLA,OSCEOLA TECHNICAL COLLEGE KISSIMMEE CAMPUS,Z,N
2425,49,862,OSCEOLA,PROFESSIONAL & TECHNICAL HIGH SCHOOL,Z,Y
2425,49,863,OSCEOLA,FOUR CORNERS CHARTER SCHOOL,R,Y
2425,49,866,OSCEOLA,KISSIMMEE CHARTER ACADEMY,R,Y
2425,49,867,OSCEOLA,HIGH HOPES LEARNING CENTER CHARTER SCHOOL,R,N
2425,49,871,OSCEOLA,OSCEOLA CO DEPT OF CORRECTIONS,Z,N
2425,49,881,OSCEOLA,P. M. WELLS CHARTER ACADEMY,R,Y
2425,49,891,OSCEOLA,FOUR CORNERS CHARTER MIDDLE,R,N
2425,49,900,OSCEOLA,UCP OSCEOLA CHARTER SCHOOL,R,Y
2425,49,901,OSCEOLA,POINCIANA ACADEMY OF FINE ARTS,Z,Y
2425,49,902,OSCEOLA,CELEBRATION HIGH SCHOOL,Z,N
2425,49,903,OSCEOLA,ISLAND VILLAGE ELEMENTARY SCHOOL,Z,Y
2425,49,904,OSCEOLA,PARTIN SETTLEMENT ELEMENTARY SCHOOL,Z,Y
2425,49,911,OSCEOLA,"ARTHUR J. GALLAGHER NEIGHBORHOOD SCHOOL, INC.",R,N
2425,49,916,OSCEOLA,CANOE CREEK K-8,R,N
2425,49,917,OSCEOLA,FOUNDATION MIDDLE ACADEMY,R,N
2425,49,921,OSCEOLA,OSCEOLA COUNTY SCHOOL FOR THE ARTS,Z,N
2425,49,922,OSCEOLA,HARMONY HIGH SCHOOL,Z,N
2425,49,924,OSCEOLA,TITLE I MIGRANT,Z,N
2425,49,925,OSCEOLA,CANOE CREEK MIDDLE ACEDEMY,R,N
2425,49,931,OSCEOLA,FLORA RIDGE ELEMENTARY SCHOOL,Z,Y
2425,49,932,OSCEOLA,BELLALAGO CHARTER ACADEMY,R,Y
2425,49,933,OSCEOLA,NEPTUNE ELEMENTARY SCHOOL,Z,Y
2425,49,950,OSCEOLA,OSCEOLA TECHNICAL COLLEGE ST CLOUD CAMPUS,Z,N
2425,49,951,OSCEOLA,OSCEOLA TECHNICAL COLLEGE POINCIANA CAMPUS,Z,N
2425,49,956,OSCEOLA,CENTER FOR YOUTH APPRENTICESHIP,Z,N
2425,49,957,OSCEOLA,CHESTNUT ELEMENTARY SCHOOL FOR SCIENCE AND ENGINEERING,Z,Y
2425,49,958,OSCEOLA,SUNRISE ELEMENTARY SCHOOL,Z,Y
2425,49,959,OSCEOLA,MAIN STREET HIGH SCHOOL,R,Y
2425,49,961,OSCEOLA,EAST LAKE ELEMENTARY SCHOOL,Z,Y
2425,49,962,OSCEOLA,NEOCITY ACADEMY,Z,N
2425,49,971,OSCEOLA,MATER BRIGHTON LAKES ACADEMY PREPARATORY HIGH,R,Y
2425,49,981,OSCEOLA,AMERICAN CLASSICAL CHARTER ACADEMY,R,N
2425,49,991,OSCEOLA,CANOE CREEK K-8,Z,N
2425,49,2941,OSCEOLA,KNIGHTS POINT K-8,Z,N
2425,49,2942,OSCEOLA,VOYAGER K-8,Z,N
2425,49,3450,OSCEOLA,PERSONALIZED EDUCATION PROGRAM,Z,N
2425,49,3518,OSCEOLA,MCKAY SCHOLARSHIP/SCHOOL OF ENROLLMENT,Z,N
2425,49,3818,OSCEOLA,OPPORTUNITY SCHOLARSHIP/SCHOOL OF ENROLLMENT,Z,N
2425,49,3900,OSCEOLA,FAMILY EMPOWERMENT SCHOLARSHIP PROGRAM,Z,N
2425,49,7001,OSCEOLA,OSCEOLA VIRTUAL INSTRUCTION PROGRAM,Z,N
2425,49,7004,OSCEOLA,OSCEOLA VIRTUAL FRANCHISE (SECONDARY),Z,N
2425,49,7006,OSCEOLA,OSCEOLA VIRTUAL INSTRUCTION (COURSE OFFERINGS),Z,N
2425,49,7023,OSCEOLA,FUTURE VIRTUAL SCHOOL,Z,N
2425,49,7030,OSCEOLA,VIRTUAL PREPARATORY ACADEMY OF FLORIDA,R,N
2425,49,9001,OSCEOLA,OSCEOLA DISTRICT OFFICE,Z,N
2425,49,9002,OSCEOLA,ADULT LEARNING CENTER OSCEOLA,Z,N
2425,49,9003,OSCEOLA,ZENITH ACCELERATED ACADEMY,Z,Y
2425,49,9004,OSCEOLA,ZENITH MIDDLE SCHOOL RECOVERY PROGRAM,Z,N
2425,49,9007,OSCEOLA,C.O.P.E.,Z,N
2425,49,9011,OSCEOLA,CHALLENGER LEARNING,Z,N
2425,49,9012,OSCEOLA,ENDEAVOR,Z,N
2425,49,9013,OSCEOLA,ALPHA PROGRAM,Z,N
2425,49,9014,OSCEOLA,EXPRESSIONS,Z,N
2425,49,9015,OSCEOLA,F.U.T.U.R.E.,Z,N
2425,49,9019,OSCEOLA,VISION,Z,N
2425,49,9020,OSCEOLA,OASIS RESIDENTIAL CENTER,Z,N
2425,49,9031,OSCEOLA,ADOLESCENT RESIDENTIAL CAMPUS,Z,N
2425,49,9036,OSCEOLA,NEW BEGINNINGS EDUCATION CENTER,Z,Y
2425,49,9038,OSCEOLA,CORNERSTONE BEHAVIORAL CENTER,Z,N
2425,49,9041,OSCEOLA,HOSPITAL/HOMEBOUND PROGRAM,Z,N
2425,49,9045,OSCEOLA,CONTRACTED RESIDENTIAL SERVICES,Z,N
2425,49,9997,OSCEOLA,MIGRANT NON-ENROLLED STUDENTS,Z,N
2425,49,9998,OSCEOLA,HOME EDUCATION PROGRAM STUDENTS,Z,N
2425,50,5,PALM BEACH,ADULT VIRTUAL ACADEMY,Z,N
2425,50,11,PALM BEACH,HIDDEN OAKS K-8,Z,Y
2425,50,12,PALM BEACH,HOPE-CENTENNIAL ELEMENTARY SCHOOL,Z,Y
2425,50,14,PALM BEACH,PALM BEACH MILITARY ACADEMY,R,N
2425,50,21,PALM BEACH,L C SWAIN MIDDLE SCHOOL,Z,Y
2425,50,24,PALM BEACH,VIRTUAL COMMUNITY SCHOOL,Z,N
2425,50,31,PALM BEACH,WATERS EDGE ELEMENTARY SCHOOL,Z,N
2425,50,40,PALM BEACH,PALM BEACH PREPARATORY CHARTER ACADEMY MIDDLE SCHOOL,R,Y
2425,50,51,PALM BEACH,PINE JOG ELEMENTARY SCHOOL,Z,Y
2425,50,54,PALM BEACH,BOCA RATON CHARTER SCHOOL,R,N
2425,50,61,PALM BEACH,EVERGLADES ELEMENTARY,Z,N
2425,50,65,PALM BEACH,GULF STREAM GOODWILL CAREER ACADEMY,R,N
2425,50,71,PALM BEACH,JUPITER ELEMENTARY SCHOOL,Z,Y
2425,50,81,PALM BEACH,JUPITER HIGH SCHOOL,Z,N
2425,50,83,PALM BEACH,JUPITER HIGH ADULT EDUCATION CENTER,Z,N
2425,50,100,PALM BEACH,THE LEARNING CENTER HIGH SCHOOL,R,N
2425,50,101,PALM BEACH,ALLAMANDA ELEMENTARY SCHOOL,Z,Y
2425,50,111,PALM BEACH,PALM BEACH GARDENS ELEMENTARY SCHOOL,Z,Y
2425,50,121,PALM BEACH,HOWELL L. WATKINS MIDDLE SCHOOL,Z,Y
2425,50,131,PALM BEACH,THE CONSERVATORY SCHOOL AT NORTH PALM BEACH,Z,Y
2425,50,141,PALM BEACH,LAKE PARK ELEMENTARY SCHOOL,Z,Y
2425,50,151,PALM BEACH,SUNCOAST COMMUNITY HIGH SCHOOL,Z,N
2425,50,152,PALM BEACH,SUNCOAST HIGH ADULT EDUCATION CENTER,Z,N
2425,50,191,PALM BEACH,WASHINGTON ELEMENTARY MAGNET SCHOOL,Z,Y
2425,50,201,PALM BEACH,JOHN F. KENNEDY MIDDLE SCHOOL,Z,Y
2425,50,202,PALM BEACH,SUNCOAST HIGH ADULT EDUCATION CENTER,Z,N
2425,50,211,PALM BEACH,LINCOLN ELEMENTARY SCHOOL,Z,Y
2425,50,231,PALM BEACH,WEST RIVIERA BEACH ELEMENTARY,Z,N
2425,50,235,PALM BEACH,SADDLE VIEW ELEMENTARY SCHOOL,Z,N
2425,50,241,PALM BEACH,TECHNOARTS ACADEMY PALM BEACH,R,N
2425,50,261,PALM BEACH,SABAL PALM SCHOOL,Z,N
2425,50,271,PALM BEACH,NORTHMORE ELEMENTARY SCHOOL,Z,Y
2425,50,281,PALM BEACH,SUNSET PALMS ELEMENTARY SCHOOL,Z,N
2425,50,284,PALM BEACH,GOOD SCHOOLS FOR ALL LEADERSHIP ACADEMY,R,N
2425,50,291,PALM BEACH,NORTHBORO ELEMENTARY SCHOOL,Z,Y
2425,50,311,PALM BEACH,ROOSEVELT MIDDLE SCHOOL,Z,Y
2425,50,312,PALM BEACH,ROOSEVELT MIDDLE ADULT EDUCATION CENTER,Z,N
2425,50,331,PALM BEACH,CHUCK SHAW TECHNICAL EDUCATION CENTER,Z,N
2425,50,339,PALM BEACH,MANGONIA LAKE SCHOOL,Z,N
2425,50,341,PALM BEACH,ROOSEVELT ELEMENTARY SCHOOL,Z,Y
2425,50,351,PALM BEACH,WESTWARD ELEMENTARY SCHOOL,Z,Y
2425,50,361,PALM BEACH,U. B. KINSEY/PALMVIEW ELEMENTARY,Z,Y
2425,50,395,PALM BEACH,ALEXANDER W DREYFOOS JUNIOR SCHOOL OF THE ARTS,Z,N
2425,50,411,PALM BEACH,MONTESSORI ACADEMY OF NORTHERN PALM BEACH,R,N
2425,50,412,PALM BEACH,GUIDED PATH ACADEMY CHARTER SCHOOL,R,N
2425,50,421,PALM BEACH,PALM BEACH PUBLIC SCHOOL,Z,N
2425,50,481,PALM BEACH,WEST GATE ELEMENTARY SCHOOL,Z,Y
2425,50,531,PALM BEACH,BELVEDERE ELEMENTARY SCHOOL,Z,Y
2425,50,541,PALM BEACH,CONNISTON MIDDLE SCHOOL,Z,Y
2425,50,542,PALM BEACH,CONNISTON MIDDLE ADULT EDUCATION CENTER,Z,N
2425,50,561,PALM BEACH,PALMETTO ELEMENTARY SCHOOL,Z,Y
2425,50,572,PALM BEACH,SOUTH OLIVE ELEMENTARY SCHOOL,Z,Y
2425,50,581,PALM BEACH,FOREST HILL COMMUNITY HIGH SCHOOL,Z,Y
2425,50,582,PALM BEACH,FOREST HILL HIGH ADULT EDUCATION,Z,N
2425,50,591,PALM BEACH,MEADOW PARK ELEMENTARY SCHOOL,Z,Y
2425,50,601,PALM BEACH,BERKSHIRE ELEMENTARY SCHOOL,Z,Y
2425,50,611,PALM BEACH,PALM SPRINGS MIDDLE SCHOOL,Z,Y
2425,50,612,PALM BEACH,PALM SPRINGS MIDDLE SCHOOL ADULT,Z,N
2425,50,621,PALM BEACH,FOREST HILL ELEMENTARY SCHOOL,Z,Y
2425,50,631,PALM BEACH,GREENACRES ELEMENTARY SCHOOL,Z,Y
2425,50,641,PALM BEACH,POTENTIALS SOUTH,R,N
2425,50,642,PALM BEACH,DAYSTAR ACADEMY OF EXCELLENCE CHARTER SCHOOL,R,N
2425,50,651,PALM BEACH,PALM SPRINGS ELEMENTARY SCHOOL,Z,Y
2425,50,661,PALM BEACH,MARSH POINTE ELEMENTARY,Z,N
2425,50,664,PALM BEACH,ACADEMY FOR POSITIVE LEARNING,R,N
2425,50,671,PALM BEACH,HIGHLAND ELEMENTARY SCHOOL,Z,Y
2425,50,681,PALM BEACH,NORTH GRADE K-8,Z,Y
2425,50,691,PALM BEACH,LAKE WORTH HIGH SCHOOL,Z,Y
2425,50,692,PALM BEACH,LAKE WORTH HIGH ADULT EDUCATION CENTER,Z,N
2425,50,722,PALM BEACH,SOUTH AREA HIGH SCHOOL,Z,N
2425,50,741,PALM BEACH,BARTON ELEMENTARY SCHOOL,Z,Y
2425,50,751,PALM BEACH,LANTANA ELEMENTARY SCHOOL,Z,Y
2425,50,761,PALM BEACH,LANTANA MIDDLE SCHOOL,Z,Y
2425,50,762,PALM BEACH,LANTANA MIDDLE ADULT EDUCATION CENTER,Z,N
2425,50,771,PALM BEACH,STARLIGHT COVE ELEMENTARY SCHOOL,Z,Y
2425,50,781,PALM BEACH,ROLLING GREEN ELEMENTARY SCHOOL,Z,Y
2425,50,791,PALM BEACH,POINCIANA STEM ELEMENTARY MAGNET SCHOOL,Z,Y
2425,50,809,PALM BEACH,MANGROVE PARK SCHOOL,Z,N
2425,50,821,PALM BEACH,GALAXY ELEMENTARY SCHOOL,Z,Y
2425,50,831,PALM BEACH,FOREST PARK ELEMENTARY SCHOOL,Z,Y
2425,50,842,PALM BEACH,TURNING POINTS ACADEMY,Z,Y
2425,50,862,PALM BEACH,ATLANTIC HIGH SCHOOL,Z,Y
2425,50,863,PALM BEACH,ATLANTIC HIGH ADULT EDUCATION CENTER,Z,N
2425,50,871,PALM BEACH,PLUMOSA SCHOOL OF THE ARTS,Z,Y
2425,50,881,PALM BEACH,S. D. SPADY ELEMENTARY SCHOOL,Z,Y
2425,50,891,PALM BEACH,DELRAY BOYNTON ACADEMY,Z,N
2425,50,901,PALM BEACH,CARVER COMMUNITY MIDDLE SCHOOL,Z,N
2425,50,902,PALM BEACH,DELRAY FULL SERVICE ADULT EDUCATION,Z,N
2425,50,904,PALM BEACH,DELRAY FULL SERVICE CENTER,Z,N
2425,50,911,PALM BEACH,PINE GROVE ELEMENTARY SCHOOL,Z,Y
2425,50,922,PALM BEACH,RIVIERA BEACH ACADEMY,Z,N
2425,50,931,PALM BEACH,J. C. MITCHELL ELEMENTARY SCHOOL,Z,Y
2425,50,932,PALM BEACH,J.C. MITCHELL ADULT EDUCATION CENTER,Z,N
2425,50,951,PALM BEACH,BOCA RATON ELEMENTARY SCHOOL,Z,Y
2425,50,961,PALM BEACH,BOCA RATON COMMUNITY HIGH SCHOOL,Z,N
2425,50,962,PALM BEACH,BOCA RATON HIGH ADULT EDUCATION CENTER,Z,N
2425,50,1019,PALM BEACH,CYPRESS HAMMOCK SCHOOL,Z,N
2425,50,1101,PALM BEACH,PAHOKEE ELEMENTARY SCHOOL,Z,Y
2425,50,1132,PALM BEACH,LIFE SKILLS- WEST,Z,N
2425,50,1201,PALM BEACH,GLADES CENTRAL HIGH,Z,N
2425,50,1202,PALM BEACH,GLADES CENTRAL HIGH ADULT EDUCATION CENTER,Z,N
2425,50,1232,PALM BEACH,LAKE SHORE MIDDLE SCHOOL,Z,Y
2425,50,1241,PALM BEACH,GOVE ELEMENTARY SCHOOL,Z,Y
2425,50,1251,PALM BEACH,GLADE VIEW ELEMENTARY SCHOOL,Z,Y
2425,50,1321,PALM BEACH,ROSENWALD ELEMENTARY SCHOOL,Z,Y
2425,50,1361,PALM BEACH,JOHN I. LEONARD HIGH SCHOOL,Z,Y
2425,50,1362,PALM BEACH,JOHN I. LEONARD HIGH ADULT EDUCATION CENTER,Z,N
2425,50,1371,PALM BEACH,PALM BEACH GARDENS HIGH SCHOOL,Z,Y
2425,50,1372,PALM BEACH,PALM BEACH GARDENS HIGH ADULT EDUCATION CENTER,Z,N
2425,50,1391,PALM BEACH,WYNNEBROOK ELEMENTARY SCHOOL,Z,Y
2425,50,1401,PALM BEACH,WEST RIVIERA ELEMENTARY SCHOOL,Z,Y
2425,50,1411,PALM BEACH,GROVE PARK ELEMENTARY SCHOOL,Z,Y
2425,50,1421,PALM BEACH,HAGEN ROAD ELEMENTARY SCHOOL,Z,Y
2425,50,1441,PALM BEACH,MELALEUCA ELEMENTARY SCHOOL,Z,Y
2425,50,1451,PALM BEACH,ADDISON MIZNER SCHOOL,Z,N
2425,50,1461,PALM BEACH,INLET GROVE COMMUNITY HIGH SCHOOL,C,Y
2425,50,1462,PALM BEACH,INLET GROVE HIGH ADULT,Z,N
2425,50,1491,PALM BEACH,BOCA RATON COMMUNITY MIDDLE SCHOOL,Z,Y
2425,50,1492,PALM BEACH,BOCA RATON MIDDLE ADULT EDUCATION CENTER,Z,N
2425,50,1531,PALM BEACH,CLIFFORD O TAYLOR/KIRKLANE ELEMENTARY,Z,Y
2425,50,1541,PALM BEACH,DWIGHT D. EISENHOWER K-8,Z,Y
2425,50,1561,PALM BEACH,DR. JOAQUIN GARCIA HIGH SCHOOL,Z,Y
2425,50,1571,PALM BEACH,SOUTH TECH ACADEMY,C,Y
2425,50,1572,PALM BEACH,SOUTH TECHNICAL ADULT EDUCATION,Z,N
2425,50,1581,PALM BEACH,CONGRESS COMMUNITY MIDDLE SCHOOL,Z,Y
2425,50,1582,PALM BEACH,CONGRESS MIDDLE ADULT EDUCATION CENTER,Z,N
2425,50,1591,PALM BEACH,WEST TECHNICAL EDUCATION CENTER,Z,N
2425,50,1611,PALM BEACH,SANTALUCES COMMUNITY HIGH,Z,Y
2425,50,1612,PALM BEACH,SANTALUCES HIGH ADULT EDUCATION CENTER,Z,N
2425,50,1641,PALM BEACH,GOLD COAST COMMUNITY SCHOOL,Z,N
2425,50,1651,PALM BEACH,JERRY THOMAS ELEMENTARY SCHOOL,Z,Y
2425,50,1661,PALM BEACH,VERDE K-8,Z,N
2425,50,1662,PALM BEACH,VERDE ELEMENTARY ADULT EDUCATION CENTER,Z,N
2425,50,1671,PALM BEACH,WELLINGTON ELEMENTARY SCHOOL,Z,N
2425,50,1681,PALM BEACH,SPANISH RIVER COMMUNITY HIGH SCHOOL,Z,N
2425,50,1682,PALM BEACH,SPANISH RIVER HIGH ADULT EDUCATION,Z,N
2425,50,1691,PALM BEACH,CRESTWOOD COMMUNITY MIDDLE,Z,Y
2425,50,1692,PALM BEACH,CRESTWOOD MIDDLE ADULT EDUCATION CENTER,Z,N
2425,50,1701,PALM BEACH,WELLINGTON LANDINGS MIDDLE,Z,N
2425,50,1703,PALM BEACH,ROYAL PINES SCHOOL,Z,N
2425,50,1711,PALM BEACH,SEMINOLE TRAILS ELEMENTARY SCHOOL,Z,Y
2425,50,1721,PALM BEACH,WEST BOYNTON MIDDLE SCHOOL,Z,N
2425,50,1731,PALM BEACH,JUPITER MIDDLE SCHOOL,Z,N
2425,50,1741,PALM BEACH,DEL PRADO ELEMENTARY SCHOOL,Z,N
2425,50,1751,PALM BEACH,LOGGERS' RUN COMMUNITY MIDDLE SCHOOL,Z,N
2425,50,1752,PALM BEACH,LOGGERS' RUN ADULT EDUCATION CENTER,Z,N
2425,50,1761,PALM BEACH,H. L. JOHNSON ELEMENTARY SCHOOL,Z,N
2425,50,1771,PALM BEACH,PAHOKEE MIDDLE-SENIOR HIGH,Z,Y
2425,50,1781,PALM BEACH,WHISPERING PINES ELEMENTARY SCHOOL,Z,N
2425,50,1801,PALM BEACH,ROYAL PALM SCHOOL,Z,Y
2425,50,1811,PALM BEACH,CORAL SUNSET ELEMENTARY SCHOOL,Z,Y
2425,50,1821,PALM BEACH,CHRISTA MCAULIFFE MIDDLE SCHOOL,Z,N
2425,50,1831,PALM BEACH,K. E. CUNNINGHAM/CANAL POINT ELEMENTARY,Z,Y
2425,50,1851,PALM BEACH,PALM BEACH LAKES HIGH SCHOOL,Z,Y
2425,50,1852,PALM BEACH,PALM BEACH LAKES HIGH ADULT EDUCATION,Z,N
2425,50,1861,PALM BEACH,INDIAN PINES ELEMENTARY SCHOOL,Z,Y
2425,50,1871,PALM BEACH,LIBERTY PARK ELEMENTARY SCHOOL,Z,Y
2425,50,1891,PALM BEACH,BANYAN CREEK ELEMENTARY SCHOOL,Z,Y
2425,50,1901,PALM BEACH,LOXAHATCHEE GROVES ELEMENTARY,Z,Y
2425,50,1911,PALM BEACH,CALUSA ELEMENTARY SCHOOL,Z,N
2425,50,1921,PALM BEACH,WOODLANDS MIDDLE SCHOOL,Z,Y
2425,50,1931,PALM BEACH,LIGHTHOUSE ELEMENTARY SCHOOL,Z,N
2425,50,1941,PALM BEACH,CYPRESS TRAILS ELEMENTARY SCHOOL,Z,Y
2425,50,1951,PALM BEACH,MORIKAMI PARK ELEMENTARY SCHOOL,Z,N
2425,50,1961,PALM BEACH,SANDPIPER SHORES ELEMENTARY SCHOOL,Z,N
2425,50,1971,PALM BEACH,WATSON B. DUNCAN MIDDLE SCHOOL,Z,N
2425,50,1981,PALM BEACH,BEAR LAKES MIDDLE SCHOOL,Z,Y
2425,50,1991,PALM BEACH,OMNI MIDDLE SCHOOL,Z,N
2425,50,2001,PALM BEACH,PARK VISTA COMMUNITY HIGH SCHOOL,Z,N
2425,50,2002,PALM BEACH,PARK VISTA HIGH ADULT EDUCATION,Z,N
2425,50,2011,PALM BEACH,TIMBER TRACE ELEMENTARY SCHOOL,Z,N
2425,50,2031,PALM BEACH,LIMESTONE CREEK ELEMENTARY SCHOOL,Z,N
2425,50,2041,PALM BEACH,CARVER MIDDLE SCHOOL,Z,Y
2425,50,2042,PALM BEACH,CARVER MIDDLE ADULT EDUCATION,Z,N
2425,50,2051,PALM BEACH,NEW HORIZONS ELEMENTARY SCHOOL,Z,Y
2425,50,2071,PALM BEACH,CITRUS COVE ELEMENTARY SCHOOL,Z,Y
2425,50,2081,PALM BEACH,HAMMOCK POINTE ELEMENTARY SCHOOL,Z,Y
2425,50,2091,PALM BEACH,JUPITER FARMS ELEMENTARY SCHOOL,Z,N
2425,50,2101,PALM BEACH,EGRET LAKE ELEMENTARY SCHOOL,Z,Y
2425,50,2121,PALM BEACH,CRYSTAL LAKES ELEMENTARY SCHOOL,Z,N
2425,50,2131,PALM BEACH,LAKE WORTH COMMUNITY MIDDLE,Z,Y
2425,50,2141,PALM BEACH,ACREAGE PINES ELEMENTARY SCHOOL,Z,N
2425,50,2151,PALM BEACH,OKEEHEELEE MIDDLE SCHOOL,Z,Y
2425,50,2161,PALM BEACH,PANTHER RUN ELEMENTARY SCHOOL,Z,N
2425,50,2171,PALM BEACH,BLUE LAKE ELEMENTARY,Z,N
2425,50,2181,PALM BEACH,OLYMPIC HEIGHTS COMMUNITY HIGH,Z,N
2425,50,2182,PALM BEACH,OLYMPIC HEIGHTS ADULT EDUCATION CENTER,Z,N
2425,50,2191,PALM BEACH,WELLINGTON HIGH SCHOOL,Z,N
2425,50,2192,PALM BEACH,WELLINGTON HIGH ADULT EDUCATION CENTER,Z,N
2425,50,2201,PALM BEACH,WILLIAM T. DWYER HIGH SCHOOL,Z,N
2425,50,2202,PALM BEACH,WILLIAM T DWYER ADULT EDUCATION CENTER,Z,N
2425,50,2241,PALM BEACH,MANATEE ELEMENTARY SCHOOL,Z,N
2425,50,2301,PALM BEACH,GLADES CENTRAL HIGH SCHOOL,Z,Y
2425,50,2302,PALM BEACH,GLADES CENTRAL H.S. ADULT EDUCATION,Z,N
2425,50,2331,PALM BEACH,ROYAL PALM BEACH HIGH SCHOOL,Z,Y
2425,50,2332,PALM BEACH,ROYAL PALM BEACH HIGH ADULT,Z,N
2425,50,2351,PALM BEACH,ORCHARD VIEW ELEMENTARY SCHOOL,Z,Y
2425,50,2361,PALM BEACH,BOYNTON BEACH COMMUNITY HIGH,Z,Y
2425,50,2362,PALM BEACH,BOYNTON BEACH COMMUNITY ADULT,Z,N
2425,50,2371,PALM BEACH,PIONEER PARK ELEMENTARY SCHOOL,Z,Y
2425,50,2401,PALM BEACH,BELLE GLADE ELEMENTARY SCHOOL,Z,Y
2425,50,2411,PALM BEACH,INDIAN RIDGE SCHOOL,Z,Y
2425,50,2421,PALM BEACH,GOLDEN GROVE ELEMENTARY SCHOOL,Z,N
2425,50,2431,PALM BEACH,SOUTH GRADE ELEMENTARY SCHOOL,Z,Y
2425,50,2441,PALM BEACH,LIFE SKILLS,Z,N
2425,50,2451,PALM BEACH,WESTERN PINES COMMUNITY MIDDLE,Z,N
2425,50,2461,PALM BEACH,EAGLES LANDING MIDDLE SCHOOL,Z,N
2425,50,2471,PALM BEACH,NORTH AREA CENTER FOR ALTERNATIVE EDUCATION,Z,N
2425,50,2491,PALM BEACH,DR. MARY MCLEOD BETHUNE ELEMENTARY,Z,Y
2425,50,2511,PALM BEACH,BAK MIDDLE SCHOOL OF THE ARTS,Z,N
2425,50,2521,PALM BEACH,ED VENTURE CHARTER SCHOOL,R,N
2425,50,2531,PALM BEACH,BODWELL ACADEMY,R,Y
2425,50,2541,PALM BEACH,BEACON COVE INTERMEDIATE SCHOOL,Z,N
2425,50,2551,PALM BEACH,FRONTIER ELEMENTARY SCHOOL,Z,Y
2425,50,2561,PALM BEACH,BINKS FOREST ELEMENTARY SCHOOL,Z,N
2425,50,2571,PALM BEACH,HERITAGE ELEMENTARY SCHOOL,Z,Y
2425,50,2581,PALM BEACH,CORAL REEF ELEMENTARY SCHOOL,Z,N
2425,50,2591,PALM BEACH,PLEASANT CITY ELEMENTARY SCHOOL,Z,Y
2425,50,2601,PALM BEACH,ODYSSEY MIDDLE SCHOOL,Z,N
2425,50,2611,PALM BEACH,POLO PARK MIDDLE SCHOOL,Z,N
2425,50,2621,PALM BEACH,INDEPENDENCE MIDDLE SCHOOL,Z,N
2425,50,2631,PALM BEACH,PALM BEACH CENTRAL HIGH SCHOOL,Z,Y
2425,50,2641,PALM BEACH,LAKESIDE ACADEMY,R,N
2425,50,2642,PALM BEACH,PALM BEACH CENTRAL HIGH ADULT EDUCATION,Z,N
2425,50,2651,PALM BEACH,DELRAY BOYNTON ACADEMY,R,N
2425,50,2661,PALM BEACH,JOSEPH LITTLES-NGUZO SABA,R,N
2425,50,2671,PALM BEACH,FREEDOM SHORES ELEMENTARY SCHOOL,Z,Y
2425,50,2691,PALM BEACH,SUNRISE PARK ELEMENTARY SCHOOL,Z,N
2425,50,2701,PALM BEACH,JEAGA MIDDLE SCHOOL,Z,Y
2425,50,2711,PALM BEACH,DON ESTRIDGE HIGH TECH MIDDLE SCHOOL,Z,N
2425,50,2721,PALM BEACH,DISCOVERY KEY ELEMENTARY SCHOOL,Z,N
2425,50,2731,PALM BEACH,CROSSPOINTE ELEMENTARY SCHOOL,Z,Y
2425,50,2741,PALM BEACH,ROYAL PALM BEACH ELEMENTARY SCHOOL,Z,Y
2425,50,2751,PALM BEACH,BENOIST FARMS ELEMENTARY SCHOOL,Z,Y
2425,50,2761,PALM BEACH,CHOLEE LAKE ELEMENTARY SCHOOL,Z,Y
2425,50,2771,PALM BEACH,ST. MARY'S PRE-K AUTISTIC SCHOOL,R,N
2425,50,2781,PALM BEACH,TRADEWINDS MIDDLE SCHOOL,Z,Y
2425,50,2791,PALM BEACH,THE LEARNING CENTER,R,N
2425,50,2801,PALM BEACH,PALM BEACH MARITIME ACADEMY ELEMENTARY,R,Y
2425,50,2811,PALM BEACH,VILLAGE ACADEMY ON THE ART & SARA JO KOBACKER CAMPUS,Z,Y
2425,50,2821,PALM BEACH,OSCEOLA CREEK MIDDLE SCHOOL,Z,Y
2425,50,2841,PALM BEACH,"ACADEMY SCHOOL OF FLORIDA, INC.",R,N
2425,50,2861,PALM BEACH,PIERCE HAMMOCK ELEMENTARY SCHOOL,Z,N
2425,50,2871,PALM BEACH,S. AREA MIDDLE SCHOOL OF CHOICE,Z,N
2425,50,2881,PALM BEACH,SPANISH ACADEMY CHARTER SCHOOL,R,N
2425,50,2891,PALM BEACH,ACADEMY OF INTERNATIONAL STUDIES,R,N
2425,50,2901,PALM BEACH,ACADEMIC SCHOOL FOR THE ARTS,R,N
2425,50,2911,PALM BEACH,WESTERN ACADEMY CHARTER SCHOOL,R,N
2425,50,2921,PALM BEACH,SURVIVORS CHARTER SCHOOL BOYNTON,R,N
2425,50,2941,PALM BEACH,PALM BEACH SCHOOL FOR AUTISM,R,N
2425,50,3001,PALM BEACH,PALM BEACH YOUTH ACADEMY    (FORMERLY BANYAN HOUSE)  (INACTIVE 01/03),Z,N
2425,50,3002,PALM BEACH,PALM BEACH COUNTY JAIL,Z,N
2425,50,3003,PALM BEACH,DATA HOUSE II,Z,N
2425,50,3004,PALM BEACH,PALM BEACH HALFWAY HOUSE,Z,N
2425,50,3005,PALM BEACH,AMIKIDS PALM BEACH,Z,N
2425,50,3006,PALM BEACH,PALM BEACH REGIONAL DETENTION CENTER,Z,N
2425,50,3007,PALM BEACH,PALM BEACH JUVE. RESIDNT FACIL,Z,N
2425,50,3008,PALM BEACH,SOUTH COUNTY GROUP TREATMENT HOME,Z,N
2425,50,3009,PALM BEACH,STOCKADE,Z,N
2425,50,3010,PALM BEACH,PACE CENTER FOR GIRLS,Z,N
2425,50,3011,PALM BEACH,SAGO PALM ACADEMY,Z,N
2425,50,3012,PALM BEACH,R. J. HENLEY SCHOOL,Z,N
2425,50,3013,PALM BEACH,BROWN SCHOOL,Z,N
2425,50,3014,PALM BEACH,ALTERNATIVE PROGRAM NORTH,Z,N
2425,50,3015,PALM BEACH,LIVING CLASSROOM,Z,N
2425,50,3016,PALM BEACH,AREA 1 OUTREACH,Z,N
2425,50,3017,PALM BEACH,AREA 2 OUTREACH,Z,N
2425,50,3018,PALM BEACH,AREA 3 OUTREACH,Z,N
2425,50,3019,PALM BEACH,WESTERN ALTERNATIVE SCHOOL,Z,N
2425,50,3020,PALM BEACH,AREA 5 OUTREACH,Z,N
2425,50,3021,PALM BEACH,COURT SCHOOL,Z,N
2425,50,3022,PALM BEACH,PHOENIX ACADEMY SCHOOL,Z,N
2425,50,3024,PALM BEACH,HIGHRIDGE FAMILY CENTER,Z,N
2425,50,3025,PALM BEACH,DISTANCE LEARNING,Z,N
2425,50,3026,PALM BEACH,EAGLE YOUTH ACADEMY,Z,N
2425,50,3027,PALM BEACH,BUILDING TRADES SCHOOL,Z,N
2425,50,3029,PALM BEACH,TEENAGE PARENT RETRIEVAL PROGRAM,Z,N
2425,50,3030,PALM BEACH,ELEMENTARY ALTERNATIVE SCHOOL,Z,N
2425,50,3031,PALM BEACH,ARTS ALTERNATIVE SCHOOL,Z,N
2425,50,3032,PALM BEACH,TECHNOLOGY SCHOOL,Z,N
2425,50,3033,PALM BEACH,ASPIRA SCHOOL,Z,N
2425,50,3034,PALM BEACH,COLUMBIA ACADEMY,Z,N
2425,50,3035,PALM BEACH,WE CHANGE FOUNDATION,Z,N
2425,50,3036,PALM BEACH,EDUCATIONAL RESOURCE CENTER,Z,N
2425,50,3037,PALM BEACH,45TH STREET ADVANCEMENT CENTER,Z,N
2425,50,3038,PALM BEACH,ALTERNATIVE PROGRAM SOUTH,Z,N
2425,50,3039,PALM BEACH,ALTERNATIVE PROGRAM CENTRAL,Z,N
2425,50,3040,PALM BEACH,CONNISTON ACADEMY,Z,N
2425,50,3041,PALM BEACH,FLORIDA INSTITUTE FOR GIRLS,Z,N
2425,50,3042,PALM BEACH,WEST AREA ELEMENTARY TRANSITION SCHOOL,Z,N
2425,50,3043,PALM BEACH,SOUTH AREA ELEMENTARY TRANSITION SCHOOL,Z,N
2425,50,3044,PALM BEACH,NORTH AREA ELEMENTARY TRANSITION SCHOOL,Z,N
2425,50,3046,PALM BEACH,SOUTH AREA SECONDARY INTENSIVE TRANSITION PROGRAM,Z,Y
2425,50,3047,PALM BEACH,NORTH AREA SECONDARY INTENSIVE TRANSITION,Z,N
2425,50,3048,PALM BEACH,WEST AREA SECONDARY INTENSIVE TRANSITION,Z,N
2425,50,3081,PALM BEACH,EDUCATIONAL SERVICES PROGRAM-EAST,Z,N
2425,50,3082,PALM BEACH,WEST BOCA RATON COMMUNITY HIGH SCHOOL ADULT EDUCATION CENTER,Z,N
2425,50,3083,PALM BEACH,THE LEARNING ACADEMY AT THE ELS CENTER OF EXCELLENCE,R,N
2425,50,3091,PALM BEACH,EDUCATIONAL SERVICES PROGRAM-WEST,Z,N
2425,50,3100,PALM BEACH,TEEN PARENT PROGRAM - PK,Z,N
2425,50,3101,PALM BEACH,CROSSROADS ACADEMY,Z,Y
2425,50,3111,PALM BEACH,CENTRAL AREA ELEMENTARY TRANSITION SCHOOL,Z,N
2425,50,3121,PALM BEACH,AREA 3 ELEMENTARY TRANSITION,Z,N
2425,50,3181,PALM BEACH,LIFE SKILLS SOUTH,Z,N
2425,50,3251,PALM BEACH,WEST BOCA RATON HIGH SCHOOL,Z,N
2425,50,3261,PALM BEACH,DIAMOND VIEW ELEMENTARY SCHOOL,Z,Y
2425,50,3341,PALM BEACH,EQUESTRIAN TRAILS ELEMENTARY,Z,N
2425,50,3344,PALM BEACH,TOMORROW'S PROMISE COMMUNITY SCHOOL,R,N
2425,50,3345,PALM BEACH,CAREER ACADEMY OF THE PALM BEACHES,R,N
2425,50,3346,PALM BEACH,GULFSTREAM TRANSITION ACADEMY,R,N
2425,50,3347,PALM BEACH,LEADERSHIP ACADEMY WEST,R,N
2425,50,3349,PALM BEACH,EXCEL LEADERSHIP ACADEMY,R,N
2425,50,3351,PALM BEACH,GRASSY WATERS ELEMENTARY SCHOOL,Z,Y
2425,50,3354,PALM BEACH,PALM BEACH JUVENILE CORRECTIONAL FACILITY,Z,N
2425,50,3355,PALM BEACH,RIVIERA BEACH PREPARATORY & ACHIEVEMENT ACADEMY,Z,Y
2425,50,3356,PALM BEACH,GATEWAY HIGH SCHOOL,Z,N
2425,50,3359,PALM BEACH,INTENSIVE TRANSITION CENTRAL,Z,N
2425,50,3361,PALM BEACH,ELBRIDGE GALE ELEMENTARY SCHOOL,Z,N
2425,50,3371,PALM BEACH,EMERALD COVE MIDDLE SCHOOL,Z,N
2425,50,3381,PALM BEACH,IMAGINE SCHOOLS CHANCELLOR CAMPUS,R,Y
2425,50,3382,PALM BEACH,"GLADES ACADEMY, INC",R,Y
2425,50,3384,PALM BEACH,"HOPE LEARNING COMMUNITY OF RIVIERA BEACH, INC. DBA NOAHS ARK INTERNATIONAL CHARTER SCHOOL",R,N
2425,50,3385,PALM BEACH,BRIGHT FUTURES ACADEMY,R,N
2425,50,3386,PALM BEACH,TOUSSAINT L'OUVERTURE HIGH,R,N
2425,50,3387,PALM BEACH,CULTURAL ARTS INSTITUTE OF BOCA RATON,R,N
2425,50,3388,PALM BEACH,COREBRIDGE EDUCATIONAL ACADEMY,R,N
2425,50,3389,PALM BEACH,TERRANOVA CHARTER SCHOOL,R,N
2425,50,3390,PALM BEACH,"SURVIVORS CHARTER SCHOOL, INC.",R,N
2425,50,3391,PALM BEACH,SEAGULL ACADEMY,R,N
2425,50,3392,PALM BEACH,CHARTER SCHOOL OF BOYNTON BEACH,R,N
2425,50,3394,PALM BEACH,"MONTESSORI ACADEMYOF EARLY ENRICHMENT, INC",R,Y
2425,50,3395,PALM BEACH,"SOMERSET ACADEMY, THE DR. BERNARD KIMMEL CAMPUS",R,Y
2425,50,3396,PALM BEACH,G-STAR SCHOOL OF THE ARTS,R,Y
2425,50,3397,PALM BEACH,RIVIERA BEACH CHARTER SCHOOL,R,N
2425,50,3398,PALM BEACH,EVERGLADES PREPARATORY ACADEMY,R,Y
2425,50,3399,PALM BEACH,THE IMAGINE SCHOOL,R,N
2425,50,3400,PALM BEACH,BELIEVERS ACADEMY,R,Y
2425,50,3401,PALM BEACH,QUANTUM HIGH SCHOOL,R,Y
2425,50,3411,PALM BEACH,MY CHOICE ACADEMY,R,N
2425,50,3413,PALM BEACH,SOMERSET ACADEMY BOCA EAST,R,N
2425,50,3421,PALM BEACH,WORTHINGTON HIGH SCHOOL,R,Y
2425,50,3423,PALM BEACH,ACCELERATION ACADEMY,Z,N
2425,50,3431,PALM BEACH,RENAISSANCE CHARTER SCHOOL AT WEST PALM BEACH,R,Y
2425,50,3433,PALM BEACH,FLORIDA INTERNATIONAL LANGUAGE ACADEMY,R,N
2425,50,3436,PALM BEACH,IGENERATION EMPOWERMENT ACADEMY OF RIVIERA BEACH,R,N
2425,50,3441,PALM BEACH,SOUTH TECH PREPARATORY ACADEMY,R,Y
2425,50,3442,PALM BEACH,THE PALM BEACH ACADEMY FOR LEARNING,R,N
2425,50,3443,PALM BEACH,RIVIERA BEACH MARITIME ACADEMY,R,N
2425,50,3450,PALM BEACH,PERSONALIZED EDUCATION PROGRAM,Z,N
2425,50,3518,PALM BEACH,MCKAY SCHOLARSHIP/SCHOOL OF ENROLLMENT,Z,N
2425,50,3818,PALM BEACH,OPPORTUNITY SCHOLARSHIP/SCHOOL OF ENROLLMENT,Z,N
2425,50,3861,PALM BEACH,SEMINOLE RIDGE COMMUNITY HIGH SCHOOL,Z,N
2425,50,3862,PALM BEACH,SEMINOLE RIDGE COMMUNITY HIGH ADULT,Z,N
2425,50,3900,PALM BEACH,FAMILY EMPOWERMENT SCHOLARSHIP PROGRAM,Z,N
2425,50,3921,PALM BEACH,WEST TECHNICAL EDUCATION CENTER,Z,N
2425,50,3922,PALM BEACH,NORTH TECHNICAL EDUCATION CENTER,Z,N
2425,50,3923,PALM BEACH,JOHN I LEONARD ADULT EDUCATION CENTER,Z,N
2425,50,3924,PALM BEACH,PALM BEACH MARITIME ACADEMY SECONDARY,R,Y
2425,50,3931,PALM BEACH,GLADES CONSTRUCTION ACADEMY AT WEST TECH,Z,N
2425,50,3941,PALM BEACH,BEN GAMLA-PALM BEACH,R,N
2425,50,3945,PALM BEACH,ACE TECHNICAL CENTER,Z,N
2425,50,3951,PALM BEACH,"LAMENSA ACADEMY-NEW GENERATION SCHOOL, INC.",R,N
2425,50,3961,PALM BEACH,GARDENS SCHOOL OF TECHNOLOGY ARTS INC,R,N
2425,50,3971,PALM BEACH,PALM BEACH PREPARATORY CHARTER ACADEMY,R,Y
2425,50,3999,PALM BEACH,ALTERNATIVE UNLIMITED/DROP BACK IN PROGRAM,Z,N
2425,50,4000,PALM BEACH,RENAISSANCE CHARTER SCHOOL AT PALMS WEST,R,N
2425,50,4001,PALM BEACH,RENAISSANCE CHARTER SCHOOL AT WELLINGTON,R,Y
2425,50,4002,PALM BEACH,RENAISSANCE CHARTER SCHOOL AT SUMMIT,R,Y
2425,50,4010,PALM BEACH,BELLE GLADE EXCEL CHARTER SCHOOL,R,N
2425,50,4011,PALM BEACH,IGENERATION EMPOWERMENT ACADEMY,R,N
2425,50,4012,PALM BEACH,SOMERSET ACADEMY CANYONS MIDDLE SCHOOL,R,Y
2425,50,4013,PALM BEACH,SOMERSET ACADEMY CANYONS HIGH SCHOOL,R,Y
2425,50,4020,PALM BEACH,FRANKLIN ACADEMY - BOYNTON BEACH,R,N
2425,50,4021,PALM BEACH,FRANKLIN ACADEMY CHARTER C,R,N
2425,50,4030,PALM BEACH,OLYMPUS INTERNATIONAL ACADEMY,R,N
2425,50,4031,PALM BEACH,SOMERSET ACADEMY WELLINGTON K-8,R,Y
2425,50,4037,PALM BEACH,LEARNING PATH ACADEMY,R,N
2425,50,4040,PALM BEACH,FLORIDA VIRTUAL ACADEMY AT PALM BEACH COUNTY,R,N
2425,50,4041,PALM BEACH,SOMERSET ACADEMY BOCA MIDDLE SCHOOL,R,N
2425,50,4050,PALM BEACH,RENAISSANCE CHARTER SCHOOL AT CYPRESS,R,Y
2425,50,4051,PALM BEACH,RENAISSANCE CHARTER SCHOOL AT CENTRAL PALM,R,Y
2425,50,4061,PALM BEACH,FRANKLIN ACADEMY- PALM BEACH GARDENS,R,N
2425,50,4070,PALM BEACH,TRANSITIONS ELEMENTARY CHARTER SCHOOL,R,N
2425,50,4072,PALM BEACH,EAGLE ARTS ACADEMY,R,N
2425,50,4080,PALM BEACH,UNIVERSITY PREPARATORY ACADEMY PALM BEACH,R,Y
2425,50,4081,PALM BEACH,FLORIDA FUTURES ACADEMY,R,N
2425,50,4090,PALM BEACH,SPORTS LEADERSHIP AND MANAGEMENT (SLAM) MIDDLE SCHOOL PALM BEACH,R,Y
2425,50,4091,PALM BEACH,SOMERSET ACADEMY LAKES,R,Y
2425,50,4100,PALM BEACH,CONNECTIONS EDUCATION CENTER OF THE PALM BEACHES,R,Y
2425,50,4101,PALM BEACH,CATAPULT ACADEMY,Z,N
2425,50,4102,PALM BEACH,BRIDGE PREP ACADEMY OF PALM BEACH,R,N
2425,50,4103,PALM BEACH,SLAM BOCA,R,N
2425,50,4111,PALM BEACH,SLAM ACADEMY HIGH SCHOOL PALM BEACH,R,Y
2425,50,4121,PALM BEACH,"SOUTHTECH SUCCESS CENTER, INC",R,N
2425,50,4131,PALM BEACH,SOMERSET ACADEMY WELLINGTON HIGH SCHOOL,R,Y
2425,50,5355,PALM BEACH,PROJECT RESPECT,Z,N
2425,50,7001,PALM BEACH,PALM BEACH VIRTUAL INSTRUCTION PROGRAM,Z,N
2425,50,7004,PALM BEACH,PALM BEACH VIRTUAL FRANCHISE,Z,N
2425,50,7006,PALM BEACH,PALM BEACH VIRTUAL INSTRUCTION (COURSE OFFERINGS),Z,N
2425,50,7023,PALM BEACH,PALM BEACH VIRTUAL INSTRUCTION (COURSE OFFERINGS),Z,N
2425,50,7079,PALM BEACH,K-8 FLVA VIRTUAL SCHOOL CONTINUITY PROGRAM,Z,N
2425,50,9001,PALM BEACH,PALM BEACH DISTRICT OFFICE,Z,N
2425,50,9021,PALM BEACH,FEDERAL PROGRAMS-WEST,Z,N
2425,50,9024,PALM BEACH,FEDERAL PROGRAMS-COAST,Z,N
2425,50,9028,PALM BEACH,WEST AREA ESE,Z,N
2425,50,9034,PALM BEACH,ESE OTHER TEACHING SERVICES,Z,N
2425,50,9037,PALM BEACH,HOSPITAL/HOMEBOUND,Z,N
2425,50,9039,PALM BEACH,"SECONDARY, ADULT AND COMMUNITY ED",Z,N
2425,50,9041,PALM BEACH,ADULT EDUCATION PROGRAMS,Z,N
2425,50,9045,PALM BEACH,CONTRACTED RESIDENTIAL SERVICES,Z,N
2425,50,9050,PALM BEACH,VOCATIONAL EDUCATION PART-TIME,Z,N
2425,50,9063,PALM BEACH,ESE HOSPITAL HOMEBOUND INSTRUCTIONAL SERVICES,Z,N
2425,50,9074,PALM BEACH,NORTH AREA ESE,Z,N
2425,50,9076,PALM BEACH,CENTRAL AREA ESE,Z,N
2425,50,9078,PALM BEACH,WEST AREA ESE,Z,N
2425,50,9084,PALM BEACH,CURRICULUM AND LEARNING SUPPORT,Z,N
2425,50,9296,PALM BEACH,POSITIVE CONNECTIONS,Z,N
2425,50,9992,PALM BEACH,"PRIVATE SCHOOL STUDENTS, TITILE I, PART C (MIGRANT PROGRAMS)",Z,N
2425,50,9993,PALM BEACH,MIGRANT TITLE I PART C HOME EDUCATION SETTING,Z,N
2425,50,9997,PALM BEACH,MIGRANT NON-ENROLLED STUDENTS,Z,N
2425,50,9998,PALM BEACH,HOME EDUCATION PROGRAM STUDENTS,Z,N
2425,51,21,PASCO,RODNEY B. COX ELEMENTARY SCHOOL,Z,Y
2425,51,31,PASCO,PASCO HIGH SCHOOL,Z,Y
2425,51,32,PASCO,TRINITY ELEMENTARY SCHOOL,Z,N
2425,51,57,PASCO,SEVEN SPRINGS MIDDLE SCHOOL,Z,N
2425,51,59,PASCO,DENHAM OAKS ELEMENTARY SCHOOL,Z,N
2425,51,60,PASCO,"CHESTER W. TAYLOR, JR. ELEMENTARY SCHOOL",Z,Y
2425,51,61,PASCO,PASCO ELEMENTARY SCHOOL,Z,Y
2425,51,63,PASCO,WESLEY CHAPEL HIGH SCHOOL,Z,N
2425,51,65,PASCO,JAMES M. MARLOWE ELEMENTARY SCHOOL,Z,Y
2425,51,69,PASCO,CHASCO MIDDLE SCHOOL,Z,Y
2425,51,70,PASCO,CHASCO ELEMENTARY SCHOOL,Z,Y
2425,51,71,PASCO,PASCO MIDDLE SCHOOL,Z,Y
2425,51,72,PASCO,SUNRAY ELEMENTARY SCHOOL,Z,Y
2425,51,73,PASCO,JAMES W. MITCHELL HIGH SCHOOL,Z,N
2425,51,74,PASCO,CENTENNIAL MIDDLE SCHOOL,Z,Y
2425,51,81,PASCO,MOORE-MICKENS EDUCATION CENTER,Z,N
2425,51,82,PASCO,OAKSTEAD ELEMENTARY SCHOOL,Z,N
2425,51,83,PASCO,GULF HIGHLANDS ELEMENTARY SCHOOL,Z,Y
2425,51,84,PASCO,DOUBLE BRANCH ELEMENTARY SCHOOL,Z,N
2425,51,85,PASCO,TRINITY OAKS ELEMENTARY SCHOOL,Z,N
2425,51,86,PASCO,DR. JOHN LONG MIDDLE SCHOOL,Z,N
2425,51,89,PASCO,PAUL R. SMITH MIDDLE SCHOOL,Z,Y
2425,51,90,PASCO,WIREGRASS RANCH HIGH SCHOOL,Z,N
2425,51,91,PASCO,WEST ZEPHYRHILLS ELEMENTARY SCHOOL,Z,Y
2425,51,92,PASCO,NEW RIVER ELEMENTARY SCHOOL,Z,N
2425,51,93,PASCO,GULF TRACE ELEMENTARY SCHOOL,Z,Y
2425,51,100,PASCO,CHARLES S. RUSHE MIDDLE SCHOOL,Z,N
2425,51,101,PASCO,SUNLAKE HIGH SCHOOL,Z,N
2425,51,102,PASCO,RAYMOND B. STEWART MIDDLE SCHOOL,Z,Y
2425,51,103,PASCO,CREWS LAKE MIDDLE SCHOOL.,Z,Y
2425,51,110,PASCO,VETERANS ELEMENTARY SCHOOL,Z,N
2425,51,112,PASCO,WATERGRASS ELEMENTARY SCHOOL,Z,N
2425,51,113,PASCO,ANCLOTE HIGH SCHOOL,Z,Y
2425,51,114,PASCO,FIVAY HIGH SCHOOL,Z,Y
2425,51,117,PASCO,ODESSA ELEMENTARY SCHOOL,Z,N
2425,51,119,PASCO,SANDERS MEMORIAL ELEMENTARY SCHOOL,Z,N
2425,51,120,PASCO,QUAIL HOLLOW ELEMENTARY SCHOOL,Z,N
2425,51,121,PASCO,SHADY HILLS ELEMENTARY SCHOOL,Z,Y
2425,51,122,PASCO,WIREGRASS ELEMENTARY SCHOOL,Z,N
2425,51,123,PASCO,CYPRESS CREEK HIGH SCHOOL,Z,N
2425,51,125,PASCO,BEXLEY ELEMENTARY SCHOOL,Z,N
2425,51,128,PASCO,WENDELL KRINN TECHNICAL HIGH SCHOOL,Z,N
2425,51,131,PASCO,ZEPHYRHILLS HIGH SCHOOL,Z,Y
2425,51,132,PASCO,WOODLAND ELEMENTARY SCHOOL,Z,Y
2425,51,133,PASCO,CYPRESS CREEK MIDDLE SCHOOL,Z,N
2425,51,142,PASCO,KIRKLAND RANCH ACADEMY OF INNOVATION,Z,N
2425,51,151,PASCO,ENERGY AND MARINE CENTER,Z,N
2425,51,153,PASCO,ANGELINE ACADEMY OF INNOVATION,Z,N
2425,51,154,PASCO,KIRKLAND RANCH K-8,Z,N
2425,51,155,PASCO,SKYBROOKE K-8,Z,N
2425,51,201,PASCO,CONNERTON ELEMENTARY SCHOOL,Z,N
2425,51,211,PASCO,"MITTYE P. LOCKE EARLY LEARNING ACADEMY, PREV PK-5",Z,N
2425,51,242,PASCO,WEST PASCO EDUCATION ACADEMY,Z,N
2425,51,251,PASCO,SAN ANTONIO ELEMENTARY SCHOOL,Z,N
2425,51,261,PASCO,GULF MIDDLE SCHOOL,Z,Y
2425,51,271,PASCO,RICHEY ELEMENTARY SCHOOL,Z,Y
2425,51,301,PASCO,HUDSON ELEMENTARY SCHOOL,Z,N
2425,51,311,PASCO,COTEE RIVER ELEMENTARY SCHOOL,Z,Y
2425,51,321,PASCO,LACOOCHEE ELEMENTARY SCHOOL,Z,Y
2425,51,331,PASCO,GULF HIGH SCHOOL,Z,Y
2425,51,341,PASCO,SCHRADER ELEMENTARY SCHOOL,Z,Y
2425,51,342,PASCO,BAYONET POINT MIDDLE SCHOOL,Z,Y
2425,51,351,PASCO,FOX HOLLOW ELEMENTARY SCHOOL,Z,Y
2425,51,361,PASCO,QUAIL HOLLOW ELEMENTARY SCHOOL,Z,N
2425,51,401,PASCO,CENTENNIAL ELEMENTARY SCHOOL,Z,Y
2425,51,411,PASCO,SEVEN SPRINGS ELEMENTARY SCHOOL,Z,Y
2425,51,421,PASCO,DEER PARK ELEMENTARY SCHOOL,Z,N
2425,51,451,PASCO,DR. MARY GIELLA ELEMENTARY SCHOOL,Z,Y
2425,51,461,PASCO,THOMAS E. WEIGHTMAN MIDDLE SCHOOL,Z,N
2425,51,471,PASCO,RIVER RIDGE HIGH SCHOOL,Z,N
2425,51,472,PASCO,RIVER RIDGE MIDDLE SCHOOL,Z,N
2425,51,501,PASCO,HUDSON PRIMARY ACADEMY,Z,Y
2425,51,521,PASCO,HUDSON HIGH SCHOOL,Z,Y
2425,51,601,PASCO,SHADY HILLS ELEMENTARY SCHOOL,Z,N
2425,51,701,PASCO,CYPRESS ELEMENTARY SCHOOL,Z,Y
2425,51,801,PASCO,LAND O' LAKES HIGH SCHOOL,Z,N
2425,51,901,PASCO,ANCLOTE ELEMENTARY SCHOOL,Z,Y
2425,51,902,PASCO,PINE VIEW ELEMENTARY SCHOOL,Z,N
2425,51,911,PASCO,GULFSIDE ELEMENTARY SCHOOL,Z,Y
2425,51,921,PASCO,PINE VIEW MIDDLE SCHOOL,Z,N
2425,51,931,PASCO,RIDGEWOOD HIGH SCHOOL,Z,N
2425,51,932,PASCO,CALUSA ELEMENTARY SCHOOL,Z,Y
2425,51,941,PASCO,MOON LAKE ELEMENTARY SCHOOL,Z,Y
2425,51,951,PASCO,HUDSON ACADEMY,Z,Y
2425,51,961,PASCO,LAKE MYRTLE ELEMENTARY SCHOOL,Z,N
2425,51,991,PASCO,MARCHMAN TECHNICAL COLLEGE HS,Z,N
2425,51,1411,PASCO,STARKEY RANCH K-8,Z,N
2425,51,2061,PASCO,SAND PINE ELEMENTARY SCHOOL,Z,N
2425,51,2071,PASCO,WESLEY CHAPEL ELEMENTARY SCHOOL,Z,N
2425,51,2081,PASCO,LONGLEAF ELEMENTARY SCHOOL,Z,N
2425,51,2091,PASCO,SEVEN OAKS ELEMENTARY SCHOOL,Z,N
2425,51,2101,PASCO,BAYCARE BEHAVIORAL HEALTH,Z,N
2425,51,2102,PASCO,ACHIEVE CENTER OF PASCO,Z,N
2425,51,3450,PASCO,PERSONALIZED EDUCATION PROGRAM,Z,N
2425,51,3518,PASCO,MCKAY SCHOLARSHIP/SCHOOL OF ENROLLMENT,Z,N
2425,51,3818,PASCO,OPPORTUNITY SCHOLARSHIP/SCHOOL OF ENROLLMENT,Z,N
2425,51,3900,PASCO,FAMILY EMPOWERMENT SCHOLARSHIP PROGRAM,Z,N
2425,51,4002,PASCO,IMAGINE SCHOOL AT TRINITY,Z,N
2425,51,4081,PASCO,CENTRAL PASCO GIRLS ACADEMY,Z,N
2425,51,4181,PASCO,SUNSHINE YOUTH SERVICES,Z,N
2425,51,4242,PASCO,CATALYST DAY TREATMENT PROGRAM,Z,N
2425,51,4301,PASCO,DAYSPRING ACADEMY,R,N
2425,51,4302,PASCO,ACADEMY AT THE FARM,R,N
2425,51,4303,PASCO,DEERWOOD ACADEMY,R,N
2425,51,4304,PASCO,THE LANGUAGE ACADEMY,R,N
2425,51,4305,PASCO,INFINITY SCHOOL OF PERFORMING ARTS,R,N
2425,51,4306,PASCO,RICHARD MILBURN ACADEMY,R,N
2425,51,4307,PASCO,COUNTRYSIDE MONTESSORI ACADEMY,R,N
2425,51,4321,PASCO,ATHENIAN ACADEMY OF TECHNOLOGY AND THE ARTS,R,Y
2425,51,4323,PASCO,IMAGINE SCHOOL AT LAND O' LAKES,R,N
2425,51,4324,PASCO,FLORIDA AUTISM CENTER OF EXCELLENCE,R,N
2425,51,4325,PASCO,FLORIDA VIRTUAL ACADEMY AT PASCO,R,N
2425,51,4326,PASCO,CLASSICAL PREPARATORY SCHOOL,R,N
2425,51,4327,PASCO,LEARNING LODGE ACADEMY,R,Y
2425,51,4328,PASCO,PEPIN ACADEMIES OF PASCO COUNTY,R,Y
2425,51,4329,PASCO,PLATO ACADEMY TRINITY CHARTER SCHOOL,R,N
2425,51,4330,PASCO,UNION PARK CHARTER ACADEMY,R,N
2425,51,4331,PASCO,PASCO MYCROSCHOOL,R,N
2425,51,4332,PASCO,PINECREST ACADEMY WESLEY CHAPEL,R,N
2425,51,4333,PASCO,INNOVATION PREPARATORY ACADEMY,R,N
2425,51,4334,PASCO,DAYSPRING JAZZ,R,N
2425,51,4339,PASCO,PINECREST ACADEMY WESLEY CHAPEL HIGH SCHOOL,R,N
2425,51,4341,PASCO,DAYSPRING ANGELINE,R,N
2425,51,5081,PASCO,CHARTER TREATMENT CENTER,Z,N
2425,51,5242,PASCO,PACE CENTER FOR GIRLS,Z,N
2425,51,5881,PASCO,PASCO COUNTY CORRECTION DEPARTMENT,Z,N
2425,51,6081,PASCO,SAN ANTONIO BOYS VILLAGE - HRS,Z,N
2425,51,6242,PASCO,MANDALA TREATMENT CENTER,Z,N
2425,51,6921,PASCO,MIDDLE SCHOOL PROGRAM AT LAKE ACADEMY,Z,N
2425,51,6961,PASCO,ELEMENTARY PROGRAM AT LAKE ACADEMY,Z,N
2425,51,6997,PASCO,ENERGY AND MARINE CENTER/CAMP PROGRAM,Z,N
2425,51,7001,PASCO,PASCO VIRTUAL INSTRUCTION PROGRAM,Z,N
2425,51,7002,PASCO,GIFTED/USF PROGRAM,Z,N
2425,51,7004,PASCO,PASCO ESCHOOL-VIRTUAL FRANCHISE,Z,N
2425,51,7006,PASCO,PASCO VIRTUAL INSTRUCTION (COURSE OFFERINGS),Z,N
2425,51,7023,PASCO,PASCO VIRTUAL INSTRUCTION PROGRAM (DISTRICT PROVIDED),Z,N
2425,51,7071,PASCO,EAST PASCO EDUCATION ACADEMY,Z,N
2425,51,7081,PASCO,JUVENILE DETENTION CENTER,Z,N
2425,51,7131,PASCO,SADDLEBROOK HIGH SCHOOL,Z,N
2425,51,7242,PASCO,AMI KIDS PASCO-FORMERLY NEW PORT RICHEY MARINE INSTITUTE,Z,N
2425,51,8006,PASCO,ADULT SATELLITE WEST,Z,N
2425,51,8007,PASCO,ADULT SATELLITE EAST,Z,N
2425,51,8031,PASCO,PASCO HIGH ADULT EDUCATION,Z,N
2425,51,8063,PASCO,WESLEY CHAPEL HIGH ADULT EDUCATION,Z,N
2425,51,8073,PASCO,JAMES W. MITCHELL HIGH ADULT EDUCATION,Z,N
2425,51,8081,PASCO,ADULT EDUCATION EAST,Z,N
2425,51,8090,PASCO,WIREGRASS RANCH HIGH ADULT EDUCATION,Z,N
2425,51,8101,PASCO,SUNLAKE HIGH ADULT EDUCATION,Z,N
2425,51,8113,PASCO,ANCLOTE HIGH ADULT EDUCATION,Z,N
2425,51,8114,PASCO,FIVAY HIGH ADULT EDUCATION,Z,N
2425,51,8123,PASCO,CYPRESS CREEK HIGH ADULT EDUCATION,Z,N
2425,51,8131,PASCO,ZEPHYRHILLS HIGH ADULT EDUCATION,Z,N
2425,51,8242,PASCO,MARINE INSTITUTE,Z,N
2425,51,8331,PASCO,GULF HIGH ADULT EDUCATION,Z,N
2425,51,8361,PASCO,QUAIL HOLLOW ELEMENTARY ADULT EDUCATION,Z,N
2425,51,8401,PASCO,CENTENNIAL ADULT EDUCATION,Z,N
2425,51,8471,PASCO,RIVER RIDGE HIGH ADULT EDUCATION,Z,N
2425,51,8521,PASCO,HUDSON HIGH ADULT EDUCATION,Z,N
2425,51,8601,PASCO,SHADY HILLS ADULT,Z,N
2425,51,8801,PASCO,LAND O' LAKES HIGH ADULT EDUCATION,Z,N
2425,51,8931,PASCO,WENDELL KRINN TECHNICAL HIGH ADULT EDUCATION,Z,N
2425,51,8991,PASCO,MARCHMAN TECHNICAL COLLEGE,Z,N
2425,51,9001,PASCO,PASCO DISTRICT OFFICE,Z,N
2425,51,9002,PASCO,DISTRICT EXCEPTIONAL CHILD EDUCATION,Z,N
2425,51,9003,PASCO,DISTRICT ADULT EDUCATION,Z,N
2425,51,9045,PASCO,BAYCARE BEHAVIORAL HEALTH,Z,N
2425,51,9228,PASCO,MIGRANT EDUCATION PROGRAM,Z,N
2425,51,9997,PASCO,MIGRANT NON-ENROLLED STUDENTS,Z,N
2425,51,9998,PASCO,HOME EDUCATION PROGRAM STUDENTS,Z,N
2425,52,51,PINELLAS,ANONA ELEMENTARY SCHOOL,Z,Y
2425,52,111,PINELLAS,AZALEA ELEMENTARY SCHOOL,Z,Y
2425,52,121,PINELLAS,AZALEA MIDDLE SCHOOL,Z,Y
2425,52,131,PINELLAS,BARDMOOR ELEMENTARY SCHOOL,Z,Y
2425,52,141,PINELLAS,LARGO MIDDLE SCHOOL,Z,Y
2425,52,151,PINELLAS,BAUDER ELEMENTARY SCHOOL,Z,N
2425,52,155,PINELLAS,COACHMAN SERVICE CENTER,Z,N
2425,52,161,PINELLAS,BAY POINT ELEMENTARY SCHOOL,Z,Y
2425,52,171,PINELLAS,BAY POINT MIDDLE SCHOOL,Z,Y
2425,52,231,PINELLAS,BAY VISTA FUNDAMENTAL ELEMENTARY SCHOOL,Z,Y
2425,52,251,PINELLAS,BAYSIDE HIGH SCHOOL,Z,Y
2425,52,271,PINELLAS,BEAR CREEK ELEMENTARY SCHOOL,Z,Y
2425,52,321,PINELLAS,BELCHER ELEMENTARY SCHOOL,Z,Y
2425,52,371,PINELLAS,BELLEAIR ELEMENTARY SCHOOL,Z,Y
2425,52,391,PINELLAS,BLANTON ELEMENTARY SCHOOL,Z,Y
2425,52,431,PINELLAS,BOCA CIEGA HIGH SCHOOL,Z,Y
2425,52,441,PINELLAS,BROOKER CREEK ELEMENTARY SCHOOL,Z,N
2425,52,481,PINELLAS,CAMPBELL PARK ELEMENTARY SCHOOL,Z,Y
2425,52,521,PINELLAS,ESE COUNTYWIDE,Z,N
2425,52,531,PINELLAS,JOSEPH L. CARWISE MIDDLE SCHOOL,Z,N
2425,52,581,PINELLAS,CHILDS PARK FUNDAMENTAL ELEMENTARY,Z,N
2425,52,641,PINELLAS,CLEARVIEW AVENUE ELEMENTARY SCHOOL,Z,N
2425,52,642,PINELLAS,CLEARVIEW ADULT EDUCATION CENTER,Z,N
2425,52,681,PINELLAS,PAUL B. STEPHENS ESE CENTER,Z,Y
2425,52,711,PINELLAS,CLEARWATER HIGH SCHOOL,Z,Y
2425,52,712,PINELLAS,CLEARWATER ADULT EDUCATION CENTER,Z,N
2425,52,731,PINELLAS,CLEARWATER FUNDAMENTAL MIDDLE SCHOOL,Z,N
2425,52,751,PINELLAS,COUNTRYSIDE HIGH SCHOOL,Z,N
2425,52,752,PINELLAS,COUNTRYSIDE COMMUNITY SCHOOL,Z,N
2425,52,811,PINELLAS,CROSS BAYOU ELEMENTARY SCHOOL,Z,Y
2425,52,851,PINELLAS,CURLEW CREEK ELEMENTARY SCHOOL,Z,N
2425,52,861,PINELLAS,ROBINSON SCHOOL SERVICE CENTER,Z,N
2425,52,971,PINELLAS,DISSTON GIFTED CENTER,Z,N
2425,52,981,PINELLAS,DISSTON ACADEMY,Z,Y
2425,52,991,PINELLAS,LEILA DAVIS ELEMENTARY SCHOOL,Z,N
2425,52,1031,PINELLAS,DIXIE M. HOLLINS HIGH SCHOOL,Z,Y
2425,52,1032,PINELLAS,DIXIE HOLLINS ADULT EDUCATION CENTER,Z,N
2425,52,1071,PINELLAS,DUNEDIN ELEMENTARY SCHOOL,Z,Y
2425,52,1081,PINELLAS,DUNEDIN HIGH SCHOOL,Z,Y
2425,52,1091,PINELLAS,DUNEDIN HIGHLAND MIDDLE SCHOOL,Z,Y
2425,52,1131,PINELLAS,EISENHOWER ELEMENTARY SCHOOL,Z,Y
2425,52,1211,PINELLAS,FAIRMOUNT PARK ELEMENTARY SCHOOL,Z,Y
2425,52,1261,PINELLAS,JOHN M. SEXTON ELEMENTARY SCHOOL,Z,Y
2425,52,1281,PINELLAS,FITZGERALD MIDDLE SCHOOL,Z,Y
2425,52,1331,PINELLAS,FOREST LAKES ELEMENTARY SCHOOL,Z,N
2425,52,1341,PINELLAS,FRONTIER ELEMENTARY SCHOOL,Z,Y
2425,52,1361,PINELLAS,FUGUITT ELEMENTARY SCHOOL,Z,Y
2425,52,1421,PINELLAS,LYNCH ELEMENTARY SCHOOL,Z,Y
2425,52,1471,PINELLAS,PERKINS ELEMENTARY SCHOOL,Z,Y
2425,52,1481,PINELLAS,GARRISON-JONES ELEMENTARY SCHOOL,Z,Y
2425,52,1531,PINELLAS,GIBBS HIGH SCHOOL,Z,Y
2425,52,1641,PINELLAS,GULF BEACHES ELEMENTARY SCHOOL,Z,N
2425,52,1691,PINELLAS,GULFPORT MONTESSORI ELEMENTARY SCHOOL,Z,Y
2425,52,1751,PINELLAS,HARRIS TIPS,Z,N
2425,52,1781,PINELLAS,HIGHLAND LAKES ELEMENTARY SCHOOL,Z,N
2425,52,1801,PINELLAS,CALVIN A. HUNSINGER SCHOOL,Z,Y
2425,52,1811,PINELLAS,HIGH POINT ELEMENTARY SCHOOL,Z,Y
2425,52,1821,PINELLAS,DOUGLAS L. JAMERSON JR. ELEMENTARY,Z,Y
2425,52,1831,PINELLAS,KENNEDY MIDDLE SCHOOL,Z,N
2425,52,1911,PINELLAS,KINGS HIGHWAY ELEMENTARY SCHOOL,Z,N
2425,52,1961,PINELLAS,LAKEVIEW FUNDAMENTAL ELEMENTARY,Z,N
2425,52,2021,PINELLAS,LAKEWOOD ELEMENTARY SCHOOL,Z,Y
2425,52,2031,PINELLAS,LAKEWOOD HIGH SCHOOL,Z,Y
2425,52,2032,PINELLAS,LAKEWOOD COMMUNITY,Z,N
2425,52,2061,PINELLAS,LARGO CENTRAL ELEMENTARY SCHOOL,Z,N
2425,52,2081,PINELLAS,LARGO HIGH SCHOOL,Z,Y
2425,52,2141,PINELLAS,LEALMAN AVENUE ELEMENTARY SCHOOL,Z,Y
2425,52,2151,PINELLAS,LEALMAN INNOVATION ACADEMY,Z,Y
2425,52,2191,PINELLAS,SAFETY HARBOR SECONDARY SCHOOL,Z,N
2425,52,2251,PINELLAS,MADEIRA BEACH ELEMENTARY SCHOOL,Z,N
2425,52,2261,PINELLAS,MADEIRA BEACH FUNDAMENTAL K-8,Z,N
2425,52,2281,PINELLAS,MAXIMO ELEMENTARY SCHOOL,Z,Y
2425,52,2301,PINELLAS,MCMULLEN-BOOTH ELEMENTARY SCHOOL,Z,Y
2425,52,2321,PINELLAS,MEADOWLAWN MIDDLE SCHOOL,Z,Y
2425,52,2371,PINELLAS,MELROSE ELEMENTARY SCHOOL,Z,Y
2425,52,2381,PINELLAS,MIDTOWN ACADEMY,Z,N
2425,52,2431,PINELLAS,MILDRED HELMS ELEMENTARY SCHOOL,Z,Y
2425,52,2441,PINELLAS,CHI CHI RODRIQUEZ ACADEMY,Z,Y
2425,52,2471,PINELLAS,TOMLINSON ADULT LEARNING CENTER,Z,N
2425,52,2531,PINELLAS,MOUNT VERNON ELEMENTARY SCHOOL,Z,Y
2425,52,2581,PINELLAS,NINA HARRIS ESE CENTER,Z,Y
2425,52,2641,PINELLAS,NORTHEAST HIGH SCHOOL,Z,Y
2425,52,2642,PINELLAS,NORTHEAST COMMUNITY,Z,N
2425,52,2691,PINELLAS,NORTH SHORE ELEMENTARY SCHOOL,Z,Y
2425,52,2741,PINELLAS,NORTH WARD ELEMENTARY SCHOOL,Z,N
2425,52,2751,PINELLAS,NORTH WARD SECONDARY SCHOOL,Z,N
2425,52,2791,PINELLAS,NORTHWEST ELEMENTARY SCHOOL,Z,Y
2425,52,2811,PINELLAS,NORWOOD SECONDARY,Z,N
2425,52,2821,PINELLAS,PINELLAS SECONDARY SCHOOL,Z,N
2425,52,2861,PINELLAS,OAK GROVE MIDDLE SCHOOL,Z,Y
2425,52,2881,PINELLAS,OAK PARK SCHOOL,Z,N
2425,52,2921,PINELLAS,OAKHURST ELEMENTARY SCHOOL,Z,N
2425,52,2961,PINELLAS,OLDSMAR ELEMENTARY SCHOOL,Z,Y
2425,52,2962,PINELLAS,OLDSMAR COMMUNITY SCHOOL,Z,N
2425,52,3021,PINELLAS,ORANGE GROVE ELEMENTARY SCHOOL,Z,Y
2425,52,3031,PINELLAS,OSCEOLA FUNDAMENTAL HIGH,Z,N
2425,52,3041,PINELLAS,OSCEOLA MIDDLE SCHOOL,Z,Y
2425,52,3071,PINELLAS,OZONA ELEMENTARY SCHOOL,Z,N
2425,52,3131,PINELLAS,CURTIS FUNDAMENTAL ELEMENTARY,Z,N
2425,52,3181,PINELLAS,ELISA NELSON ELEMENTARY,Z,N
2425,52,3191,PINELLAS,PALM HARBOR MIDDLE SCHOOL,Z,N
2425,52,3231,PINELLAS,RICHARD L. SANDERS SCHOOL,Z,Y
2425,52,3281,PINELLAS,PASADENA FUNDAMENTAL ELEMENTARY SCHOOL,Z,N
2425,52,3341,PINELLAS,PINELLAS HIGH INNOVATION,Z,Y
2425,52,3361,PINELLAS,PINELLAS CENTRAL ELEMENTARY SCHOOL,Z,Y
2425,52,3371,PINELLAS,RICHARD O JACOBSON TECHNICAL HIGH SCHOOL AT SEMINOLE,Z,N
2425,52,3391,PINELLAS,PINELLAS PARK ELEMENTARY SCHOOL,Z,Y
2425,52,3411,PINELLAS,PINELLAS PARK MIDDLE SCHOOL,Z,Y
2425,52,3421,PINELLAS,PINELLAS PARK HIGH SCHOOL,Z,Y
2425,52,3431,PINELLAS,PLUMB ELEMENTARY SCHOOL,Z,Y
2425,52,3450,PINELLAS,PERSONALIZED EDUCATION PROGRAM,Z,N
2425,52,3461,PINELLAS,PONCE DE LEON ELEMENTARY SCHOOL,Z,Y
2425,52,3511,PINELLAS,RIDGECREST ELEMENTARY SCHOOL,Z,Y
2425,52,3518,PINELLAS,MCKAY SCHOLARSHIP/SCHOOL OF ENROLLMENT,Z,N
2425,52,3561,PINELLAS,RIO VISTA ELEMENTARY SCHOOL,Z,N
2425,52,3581,PINELLAS,RIVIERA MIDDLE SCHOOL,Z,N
2425,52,3731,PINELLAS,SAFETY HARBOR ELEMENTARY SCHOOL,Z,N
2425,52,3741,PINELLAS,SAFETY HARBOR MIDDLE SCHOOL,Z,Y
2425,52,3751,PINELLAS,SAWGRASS LAKE ELEMENTARY SCHOOL,Z,Y
2425,52,3761,PINELLAS,JAMES B. SANDERLIN K-8,Z,N
2425,52,3781,PINELLAS,ST. PETERSBURG HIGH SCHOOL,Z,N
2425,52,3801,PINELLAS,PINELLAS TECHNICAL COLLEGE - ST PETERSBURG,Z,N
2425,52,3802,PINELLAS,PTEC - ST PETERSBURG - TEAM,Z,N
2425,52,3803,PINELLAS,DEES - PTEC ST. PETERSBURG,Z,N
2425,52,3818,PINELLAS,OPPORTUNITY SCHOLARSHIP/SCHOOL OF ENROLLMENT,Z,N
2425,52,3821,PINELLAS,ST. PETERSBURG CHALLENGE SCHOOL,Z,N
2425,52,3851,PINELLAS,SAN JOSE ELEMENTARY SCHOOL,Z,Y
2425,52,3871,PINELLAS,SANDY LANE ELEMENTARY SCHOOL,Z,Y
2425,52,3900,PINELLAS,FAMILY EMPOWERMENT SCHOLARSHIP PROGRAM,Z,N
2425,52,3911,PINELLAS,SEMINOLE ELEMENTARY SCHOOL,Z,Y
2425,52,3921,PINELLAS,SEMINOLE HIGH SCHOOL,Z,Y
2425,52,3922,PINELLAS,SEMINOLE COMMUNITY SCHOOL,Z,N
2425,52,3931,PINELLAS,SEMINOLE MIDDLE SCHOOL,Z,Y
2425,52,3961,PINELLAS,SEVENTY-FOURTH ST. ELEMENTARY,Z,Y
2425,52,4021,PINELLAS,SHORE ACRES ELEMENTARY SCHOOL,Z,N
2425,52,4061,PINELLAS,JOHN HOPKINS MIDDLE SCHOOL,Z,Y
2425,52,4121,PINELLAS,SKYCREST ELEMENTARY SCHOOL,Z,Y
2425,52,4171,PINELLAS,SKYVIEW ELEMENTARY SCHOOL,Z,Y
2425,52,4231,PINELLAS,SOUTHSIDE FUNDAMENTAL MIDDLE,Z,N
2425,52,4281,PINELLAS,SOUTH WARD ELEMENTARY SCHOOL,Z,N
2425,52,4331,PINELLAS,STARKEY ELEMENTARY SCHOOL,Z,Y
2425,52,4351,PINELLAS,MARJORIE KINNAN RAWLINGS ELEM,Z,Y
2425,52,4381,PINELLAS,SUNSET HILLS ELEMENTARY SCHOOL,Z,Y
2425,52,4491,PINELLAS,TARPON SPRINGS ELEMENTARY SCHOOL,Z,Y
2425,52,4521,PINELLAS,TARPON SPRINGS HIGH SCHOOL,Z,Y
2425,52,4522,PINELLAS,TARPON SPRINGS COMMUNITY SCHOOL,Z,N
2425,52,4541,PINELLAS,PINELLAS TECHNICAL COLLEGE - CLEARWATER,Z,N
2425,52,4542,PINELLAS,PTEC - CLEARWATER - TEAM,Z,N
2425,52,4545,PINELLAS,DEES - PTEC CLEARWATER,Z,N
2425,52,4561,PINELLAS,MIDTOWN ACADEMY,Z,N
2425,52,4581,PINELLAS,TARPON SPRINGS MIDDLE SCHOOL,Z,Y
2425,52,4582,PINELLAS,TARPON SPRINGS COMMUNITY SCHOOL,Z,N
2425,52,4591,PINELLAS,NEW HEIGHTS ELEMENTARY SCHOOL,Z,Y
2425,52,4611,PINELLAS,TYRONE MIDDLE SCHOOL,Z,Y
2425,52,4631,PINELLAS,THURGOOD MARSHALL FUNDAMENTAL,Z,Y
2425,52,4661,PINELLAS,TARPON SPRINGS FUNDAMENTAL ELE,Z,N
2425,52,4681,PINELLAS,PALM HARBOR UNIVERSITY HIGH,Z,N
2425,52,4682,PINELLAS,PALM HARBOR COMMUNITY SCHOOL,Z,N
2425,52,4701,PINELLAS,WALSINGHAM ELEMENTARY SCHOOL,Z,Y
2425,52,4771,PINELLAS,WESTGATE ELEMENTARY SCHOOL,Z,Y
2425,52,4931,PINELLAS,WOODLAWN ELEMENTARY SCHOOL,Z,Y
2425,52,4951,PINELLAS,PINELLAS DETENTION CENTER                        (INACTIVE 09/02),Z,N
2425,52,5401,PINELLAS,MANGROVE BAY MIDDLE SCHOOL,Z,N
2425,52,6181,PINELLAS,EAST LAKE HIGH SCHOOL,Z,N
2425,52,6251,PINELLAS,SOUTHERN OAK ELEMENTARY SCHOOL,Z,Y
2425,52,6261,PINELLAS,CYPRESS WOODS ELEMENTARY SCHOOL,Z,N
2425,52,6271,PINELLAS,SUTHERLAND ELEMENTARY SCHOOL,Z,N
2425,52,6281,PINELLAS,LAKE ST. GEORGE ELEMENTARY SCHOOL,Z,N
2425,52,6311,PINELLAS,GULF BEACHES ELEMENTARY MAGNET SCHOOL,Z,N
2425,52,6361,PINELLAS,KINGS HIGHWAY ELEMENTARY MAGNET SCHOOL,Z,Y
2425,52,6371,PINELLAS,PINELLAS GULF COAST ACADEMY,Z,Y
2425,52,6391,PINELLAS,EAST LAKE MIDDLE SCHOOL ACADEMY OF ENGINEERING,Z,N
2425,52,6510,PINELLAS,PSC EMPLOYEE CHILD CARE,Z,N
2425,52,7001,PINELLAS,PINELLAS VIRTUAL INSTRUCTION PROGRAM,Z,N
2425,52,7004,PINELLAS,PINELLAS VIRTUAL FRANCHISE,Z,N
2425,52,7006,PINELLAS,PINELLAS VIRTUAL INSTRUCTION (COURSE OFFERINGS),Z,N
2425,52,7011,PINELLAS,EXTENDED TRANSITION AT PTEC CLEARWATER,Z,N
2425,52,7021,PINELLAS,EXTENDED TRANSITION COUNTYWIDE,Z,N
2425,52,7023,PINELLAS,PINELLAS VIRTUAL K-12,Z,N
2425,52,7031,PINELLAS,EXTENDED TRANSITION AT PTEC ST. PETERSBURG,Z,N
2425,52,7041,PINELLAS,"EXTENDED TRANSITION, SOUTH COUNTY",Z,N
2425,52,7051,PINELLAS,PINELLAS TELESCHOOL,Z,N
2425,52,7071,PINELLAS,DROPOUT PREVENTION SCHOOL,Z,N
2425,52,7073,PINELLAS,EWES-E-NINI-HASSEE,Z,N
2425,52,7081,PINELLAS,HOSPITAL/HOMEBOUND,Z,N
2425,52,7091,PINELLAS,NORTH PINELLAS SECONDARY,Z,N
2425,52,7101,PINELLAS,PRE-K EARLY INTERVENTION PROG,Z,N
2425,52,7121,PINELLAS,EWES - E-HOW-KEE CAMP,Z,N
2425,52,7131,PINELLAS,ACADEMIE DA VINCI CHARTER SCHOOL,R,N
2425,52,7141,PINELLAS,WHOLE CHILD AT UPARC CHARTER SCHOOL,R,N
2425,52,7151,PINELLAS,ATHENIAN ACADEMY,R,Y
2425,52,7171,PINELLAS,PINELLAS PREPARATORY ACADEMY,R,N
2425,52,7181,PINELLAS,PLATO ACADEMY CLEARWATER,R,N
2425,52,7191,PINELLAS,ST. PETERSBURG COLLEGIATE HIGH SCHOOL,R,N
2425,52,7201,PINELLAS,ALFRED ADLER ELEMENTARY SCHOOL,R,N
2425,52,7211,PINELLAS,IMAGINE CHARTER SCHOOL,R,N
2425,52,7221,PINELLAS,IMAGINE MIDDLE SCHOOL,R,N
2425,52,7231,PINELLAS,LIFE FORCE ARTS AND TECHNOLOGY ACADEMY CHARTER SCHOOL,R,N
2425,52,7241,PINELLAS,GULF COAST ACADEMY,R,N
2425,52,7261,PINELLAS,MAVERICKS IN EDUCATION SOUTH,R,N
2425,52,7271,PINELLAS,PINELLAS PRIMARY ACADEMY,R,N
2425,52,7281,PINELLAS,PLATO ACADEMY PALM HARBOR CHARTER SCHOOL,R,N
2425,52,7291,PINELLAS,PINELLAS ACADEMY OF MATH AND SCIENCE,R,N
2425,52,7301,PINELLAS,WINDSOR PREPARATORY ACADEMY,R,N
2425,52,7311,PINELLAS,UNIVERSITY PREPARATORY ACADEMY CHARTER SCHOOL,R,N
2425,52,7321,PINELLAS,BEN GAMLA CHARTER SCHOOL,R,N
2425,52,7331,PINELLAS,DISCOVERY ACADEMY OF SCIENCE,R,N
2425,52,7341,PINELLAS,FLORIDA VIRTUAL ACADEMY AT PINELLAS CHARTER SCHOOL,R,N
2425,52,7351,PINELLAS,EAST WINDSOR MIDDLE ACADEMY,R,N
2425,52,7361,PINELLAS,NEWPOINT PINELLAS ACADEMY,R,N
2425,52,7371,PINELLAS,PINELLAS WESTCOAST ACADEMY HIGH SCHOOL,R,N
2425,52,7381,PINELLAS,PLATO ACADEMY LARGO CHARTER SCHOOL,R,Y
2425,52,7411,PINELLAS,ST. PETERSBURG COLLEGIATE HIGH SCHOOL  NORTH PINELLAS,R,N
2425,52,7421,PINELLAS,NORTHSTAR ACADEMY,R,N
2425,52,7431,PINELLAS,ST. PETERSBURG COLLEGIATE STEM HIGH SCHOOL,R,N
2425,52,7481,PINELLAS,PLATO SEMINOLE,R,N
2425,52,7491,PINELLAS,PINELLAS MYCROSCHOOL OF INTEGRATED ACADEMICS AND TECHNOLOGIES (MYCROSCHOOL PINELLAS),R,Y
2425,52,7581,PINELLAS,PLATO ACADEMY CHARTER SCHOOL TARPON SPRINGS,R,N
2425,52,7681,PINELLAS,PLATO ACADEMY OF ST.PETERSBURG,R,N
2425,52,7721,PINELLAS,LIFE SKILLS CENTER OF PINELLAS COUNTY,R,N
2425,52,7731,PINELLAS,ENTERPRISE CHARTER HIGH SCHOOL,R,Y
2425,52,7781,PINELLAS,PLATO ACADEMY PINELLAS PARK CHARTER SCHOOL,R,Y
2425,52,8001,PINELLAS,EWES - E-HOW-KEE CAMP,Z,N
2425,52,8002,PINELLAS,EWES - E-NINI-HASSEE CAMP,Z,N
2425,52,8003,PINELLAS,EWES - E-MA-CHAMEE CAMP,Z,N
2425,52,8004,PINELLAS,EWES - E-KEL-ETU CAMP,Z,N
2425,52,8005,PINELLAS,EWES - E-TU-MAKEE CAMP,Z,N
2425,52,8006,PINELLAS,STRIVE ACADEMY,Z,N
2425,52,8011,PINELLAS,DANIEL ACADEMY,Z,N
2425,52,8012,PINELLAS,CHARLES BRITT ACADEMY,Z,N
2425,52,8013,PINELLAS,EWES - WILDERNESS CAMPS,Z,N
2425,52,8014,PINELLAS,EWES-ECKERD LEADERSHIP PROGRAM,Z,N
2425,52,8015,PINELLAS,EWES-ECKERD YOUTH CHALLENGE,Z,N
2425,52,8016,PINELLAS,ECKERD YOUTH ACADEMY,Z,N
2425,52,8017,PINELLAS,EWES-ECKERD INTENSIVE HALFWAY,Z,N
2425,52,8018,PINELLAS,CATALYST DAY TREATMENT PROGRAM,Z,N
2425,52,8019,PINELLAS,FLORIDA YOUTH ACADEMY-MODERATE RISK,Z,N
2425,52,8021,PINELLAS,LARGO ACADEMY FOR GIRLS,Z,N
2425,52,8025,PINELLAS,HARBINGER HOUSE-PINELLAS NON-SECURE DETENTION,Z,N
2425,52,8026,PINELLAS,JUVENILE JUSTICE DAY TREATMENT,Z,N
2425,52,8027,PINELLAS,LEAF PEMHS     (FORMERLY LEAF HALFWAY HOUSE)    (INACTIVE 01/02),Z,N
2425,52,8028,PINELLAS,PACE CENTER FOR GIRLS,Z,Y
2425,52,8029,PINELLAS,PANAMA KEY ISLAND,Z,N
2425,52,8031,PINELLAS,PINELLAS JUVENILE DET CENTER,Z,N
2425,52,8032,PINELLAS,PINELLAS BOOT CAMP,Z,N
2425,52,8033,PINELLAS,AMI KIDS PINELLAS,Z,N
2425,52,8034,PINELLAS,AMI KIDS CENTER FOR PERSONAL GROWTH,Z,N
2425,52,8036,PINELLAS,FAMILY RESOURCES SHELTER                        (INACTIVE 01/02),Z,N
2425,52,8037,PINELLAS,PINELLAS BOOT CAMP TRANSITION,Z,N
2425,52,8038,PINELLAS,LEAF RECOVERY,Z,N
2425,52,8039,PINELLAS,FLORIDA YOUTH ACADEMY - LOW RISK,Z,N
2425,52,8040,PINELLAS,HOME BUILDERS-PROJECT CRAFT,Z,N
2425,52,8050,PINELLAS,GULF/LAKE ACADEMY,Z,N
2425,52,8060,PINELLAS,PINELLAS COUNTY JAIL,Z,N
2425,52,9001,PINELLAS,PINELLAS DISTRICT OFFICE,Z,N
2425,52,9045,PINELLAS,CONTRACTED RESIDENTIAL SERVICES,Z,N
2425,52,9997,PINELLAS,MIGRANT NON-ENROLLED STUDENTS,Z,N
2425,52,9998,PINELLAS,HOME EDUCATION PROGRAM STUDENTS,Z,N
2425,53,31,POLK,LAKELAND SENIOR HIGH SCHOOL,Z,Y
2425,53,32,POLK,SOUTHWEST AREA ADULT AND COMMUNITY SCHOOLS,Z,N
2425,53,33,POLK,HARRISON SCHOOL FOR THE ARTS,Z,N
2425,53,42,POLK,POLK SCHOOL OPPORTUNITY CENTER,Z,N
2425,53,43,POLK,LAWTON CHILES MIDDLE ACADEMY,Z,N
2425,53,51,POLK,SOUTHWEST MIDDLE SCHOOL,Z,Y
2425,53,61,POLK,CARLTON PALMORE ELEMENTARY SCHOOL,Z,Y
2425,53,71,POLK,WEST AREA ADULT/COMMUNITY SCHOOL,Z,N
2425,53,81,POLK,CLEVELAND COURT ELEMENTARY SCHOOL,Z,Y
2425,53,91,POLK,COMBEE ACADEMY OF DESIGN AND ENGINEERING,Z,Y
2425,53,92,POLK,DORIS A. SANDERS LEARNING CENTER,Z,N
2425,53,101,POLK,CRYSTAL LAKE ELEMENTARY SCHOOL,Z,Y
2425,53,111,POLK,JOHN E COX ELEMENTARY SCHOOL,Z,N
2425,53,131,POLK,DIXIELAND ELEMENTARY SCHOOL,Z,Y
2425,53,141,POLK,SOUTH POINTE ELEMENTARY,Z,Y
2425,53,151,POLK,PHILIP O'BRIEN ELEMENTARY SCHOOL,Z,Y
2425,53,181,POLK,MEDULLA ELEMENTARY SCHOOL,Z,Y
2425,53,191,POLK,R. BRUCE WAGNER ELEMENTARY SCHOOL,Z,Y
2425,53,201,POLK,NORTH LAKELAND ELEMENTARY SCHOOL OF CHOICE,Z,Y
2425,53,231,POLK,SOUTHWEST ELEMENTARY SCHOOL,Z,Y
2425,53,251,POLK,LINCOLN AVENUE ACADEMY,Z,N
2425,53,261,POLK,ROCHELLE SCHOOL OF THE ARTS,Z,Y
2425,53,262,POLK,WEST AREA ADULT & COMMUNITY SCHOOL,Z,N
2425,53,311,POLK,DANIEL JENKINS ACADEMY OF TECHNOLOGY MIDDLE SCHOOL,Z,Y
2425,53,312,POLK,DANIEL JENKINS ACADEMY OF TECHNOLOGY HIGH SCHOOL,Z,N
2425,53,321,POLK,SHELLEY S. BOONE MIDDLE SCHOOL,Z,Y
2425,53,331,POLK,ALTA VISTA ELEMENTARY SCHOOL,Z,Y
2425,53,341,POLK,SANDHILL ELEMENTARY SCHOOL,Z,Y
2425,53,361,POLK,EASTSIDE ELEMENTARY SCHOOL,Z,Y
2425,53,391,POLK,BETHUNE ACADEMY,Z,Y
2425,53,401,POLK,DAVENPORT SCHOOL OF THE ARTS,Z,Y
2425,53,421,POLK,DON E WOODS OPPORTUNITY CENTER,Z,N
2425,53,441,POLK,RIDGEVIEW GLOBAL STUDIES ACADEMY,C,Y
2425,53,481,POLK,WINTER HAVEN SENIOR HIGH SCHOOL,Z,Y
2425,53,482,POLK,WINTER HAVEN STEP UP ACADEMY,R,N
2425,53,491,POLK,DENISON MIDDLE SCHOOL,Z,Y
2425,53,531,POLK,FRANK E. BRIGHAM ACADEMY,Z,Y
2425,53,571,POLK,WESTWOOD MIDDLE SCHOOL,Z,Y
2425,53,591,POLK,ELBERT ELEMENTARY SCHOOL,Z,Y
2425,53,601,POLK,FRED G. GARNER ACADEMY,Z,Y
2425,53,611,POLK,INWOOD ELEMENTARY SCHOOL,Z,Y
2425,53,621,POLK,LAKE SHIPP ELEMENTARY SCHOOL,Z,Y
2425,53,631,POLK,JOHN SNIVELY ELEMENTARY,Z,Y
2425,53,642,POLK,HOMER K. ADDAIR MIDDLE SCHOOL,Z,N
2425,53,651,POLK,LAKE ALFRED ELEMENTARY SCHOOL,Z,Y
2425,53,661,POLK,KAREN M. SIEGEL ACADEMY,Z,Y
2425,53,681,POLK,WAHNETA ELEMENTARY SCHOOL,Z,Y
2425,53,711,POLK,JEWETT MIDDLE ACADEMY MAGNET,Z,Y
2425,53,712,POLK,JEWETT SCHOOL OF THE ARTS,Z,Y
2425,53,771,POLK,LEWIS ELEMENTARY SCHOOL,Z,N
2425,53,781,POLK,RIVERSIDE ELEMENTARY SCHOOL,Z,N
2425,53,791,POLK,FORT MEADE MIDDLE/SENIOR HIGH SCHOOL,Z,Y
2425,53,801,POLK,FORT MEADE MIDDLE SCHOOL,Z,N
2425,53,802,POLK,LEWIS ANNA WOODBURY ELEMENTARY SCHOOL,Z,Y
2425,53,811,POLK,AUBURNDALE SENIOR HIGH SCHOOL,Z,Y
2425,53,812,POLK,AUBURNDALE JUNIOR HIGH SCHOOL,Z,N
2425,53,821,POLK,JERE L. STAMBAUGH MIDDLE,Z,Y
2425,53,841,POLK,LENA VISTA ELEMENTARY SCHOOL,Z,Y
2425,53,851,POLK,AUBURNDALE CENTRAL ELEMENTARY SCHOOL,Z,Y
2425,53,861,POLK,WALTER CALDWELL ELEMENTARY SCHOOL,Z,Y
2425,53,871,POLK,EAST AREA ADULT SCHOOL,Z,N
2425,53,881,POLK,POLK CITY ELEMENTARY SCHOOL,Z,Y
2425,53,891,POLK,DAVENPORT ADULT AND CAREER EDUCATION CENTER,Z,N
2425,53,901,POLK,BARTOW SENIOR HIGH SCHOOL,Z,Y
2425,53,902,POLK,SOUTH EAST ADULT & COMMUNITY SCHOOL,Z,N
2425,53,903,POLK,INTERNATIONAL BACCALAUREATE,Z,N
2425,53,904,POLK,BARTOW CHARTER SCHOOL,C,N
2425,53,916,POLK,FRESH START COMMUNITY SCHOOL,Z,N
2425,53,917,POLK,POLK GRAD ACADEMY,Z,N
2425,53,921,POLK,REAL ACADEMY (REACHING EVERY ADOLESCENT LEARNER),Z,Y
2425,53,925,POLK,DAVENPORT ELEMENTARY,Z,Y
2425,53,931,POLK,BARTOW MIDDLE SCHOOL,Z,Y
2425,53,932,POLK,COMPASS MIDDLE CHARTER SCHOOL,C,Y
2425,53,933,POLK,CHAIN OF LAKES ELEMENTARY SCHOOL,Z,Y
2425,53,937,POLK,RIDGE COMMUNITY HIGH SCHOOL,Z,Y
2425,53,941,POLK,BARTOW ELEMENTARY ACADEMY,Z,Y
2425,53,961,POLK,FLORAL AVENUE ELEMENTARY SCHOOL,Z,Y
2425,53,962,POLK,JEAN O'DELL LEARNING CENTER,Z,N
2425,53,971,POLK,UNION ACADEMY,Z,N
2425,53,981,POLK,GIBBONS STREET ELEMENTARY SCHOOL,Z,N
2425,53,991,POLK,GIBBONS STREET PK CENTER,Z,N
2425,53,1032,POLK,CITRUS RIDGE A CIVICS ACADEMY,Z,Y
2425,53,1041,POLK,ALTURAS ELEMENTARY SCHOOL,Z,Y
2425,53,1051,POLK,TENOROC HIGH SCHOOL,Z,Y
2425,53,1061,POLK,HIGHLAND CITY ELEMENTARY SCHOOL,Z,Y
2425,53,1071,POLK,LAKE GIBSON STEP UP ACADEMY,R,N
2425,53,1131,POLK,MULBERRY SENIOR HIGH SCHOOL,Z,Y
2425,53,1141,POLK,PURCELL ELEMENTARY SCHOOL,Z,Y
2425,53,1151,POLK,KINGSFORD ELEMENTARY SCHOOL,Z,N
2425,53,1161,POLK,MULBERRY MIDDLE SCHOOL,Z,Y
2425,53,1171,POLK,KATHLEEN STEP UP ACADEMY,R,N
2425,53,1181,POLK,KATHLEEN SENIOR HIGH SCHOOL,Z,Y
2425,53,1191,POLK,KATHLEEN MIDDLE SCHOOL,Z,Y
2425,53,1201,POLK,ELEMENTARY - N LAKELAND,Z,N
2425,53,1221,POLK,KATHLEEN ELEMENTARY SCHOOL,Z,Y
2425,53,1231,POLK,GRIFFIN ELEMENTARY SCHOOL,Z,Y
2425,53,1241,POLK,JESSE KEEN ELEMENTARY SCHOOL,Z,Y
2425,53,1251,POLK,WINSTON ACADEMY OF ENGINEERING,Z,Y
2425,53,1271,POLK,SLEEPY HILL ELEMENTARY SCHOOL,Z,Y
2425,53,1281,POLK,HIGHLANDS GROVE ELEMENTARY SCHOOL,Z,Y
2425,53,1291,POLK,FROSTPROOF ELEMENTARY SCHOOL,Z,N
2425,53,1341,POLK,MCLAUGHLIN ACADEMY OF EXCELLENCE,Z,Y
2425,53,1351,POLK,POLK AVENUE ELEMENTARY SCHOOL,C,N
2425,53,1361,POLK,HILLCREST ELEMENTARY SCHOOL,C,N
2425,53,1362,POLK,HORIZONS ELEMENTARY SCHOOL,Z,Y
2425,53,1371,POLK,SPOOK HILL ELEMENTARY SCHOOL,Z,Y
2425,53,1381,POLK,ROOSEVELT ACADEMY,Z,Y
2425,53,1401,POLK,JANIE HOWARD WILSON SCHOOL,C,N
2425,53,1421,POLK,DALE R FAIR BABSON PARK ELEMENTARY,C,N
2425,53,1441,POLK,WILLOW OAK SCHOOL,Z,Y
2425,53,1451,POLK,EDGAR L. PADGETT ELEMENTARY,Z,Y
2425,53,1491,POLK,GAUSE ACADEMY OF LEADERSHIP,Z,Y
2425,53,1492,POLK,GAUSE RIVERSIDE ACADEMY,Z,N
2425,53,1501,POLK,CRYSTAL LAKE MIDDLE SCHOOL,Z,Y
2425,53,1521,POLK,OSCAR J. POPE ELEMENTARY SCHOOL,Z,Y
2425,53,1561,POLK,MAYNARD A TRAVISS TECHNICAL ACADEMY,Z,N
2425,53,1591,POLK,MAYNARD A TRAVISS TECHNICAL COLLEGE,Z,N
2425,53,1601,POLK,BOK ACADEMY,R,N
2425,53,1611,POLK,LAUREL ELEMENTARY SCHOOL,Z,Y
2425,53,1621,POLK,EDWARD W BOK ACADEMY NORTH,R,N
2425,53,1661,POLK,RIDGE TECHNICAL ACADEMY,Z,N
2425,53,1662,POLK,LAKE ALFRED POLYTECH ACADEMY,Z,Y
2425,53,1671,POLK,MCKEEL ACADEMY OF TECHNOLOGY,C,N
2425,53,1681,POLK,SCOTT LAKE ELEMENTARY SCHOOL,Z,Y
2425,53,1682,POLK,MCKEEL ACADEMY CENTRAL,R,N
2425,53,1691,POLK,RIDGE TECHNICAL COLLEGE,Z,N
2425,53,1692,POLK,SOUTH MCKEEL ACADEMY,R,N
2425,53,1701,POLK,EAGLE LAKE ELEMENTARY SCHOOL,Z,Y
2425,53,1702,POLK,PALMETTO ELEMENTARY SCHOOL,Z,Y
2425,53,1711,POLK,GARDEN GROVE ELEMENTARY SCHOOL,Z,Y
2425,53,1721,POLK,LAKE WALES SENIOR HIGH SCHOOL,C,N
2425,53,1731,POLK,PINEWOOD ELEMENTARY SCHOOL,Z,Y
2425,53,1751,POLK,JAMES E. STEPHENS ACADEMY,Z,Y
2425,53,1761,POLK,LAKE GIBSON MIDDLE SCHOOL,Z,Y
2425,53,1762,POLK,LAKE GIBSON SENIOR HIGH SCHOOL,Z,Y
2425,53,1763,POLK,ARC - ACADEMIC RESEARCH CENTER,C,N
2425,53,1771,POLK,LAKELAND HIGHLANDS MIDDLE SCHOOL,Z,Y
2425,53,1776,POLK,HANES CITY LEARNING ACADEMY,Z,N
2425,53,1781,POLK,DUNDEE ELEMENTARY ACADEMY,Z,Y
2425,53,1791,POLK,HAINES CITY SENIOR HIGH SCHOOL,Z,Y
2425,53,1801,POLK,FROSTPROOF MIDDLE/SENIOR HIGH,Z,Y
2425,53,1811,POLK,CLARENCE BOSWELL ELEMENTARY SCHOOL,Z,Y
2425,53,1821,POLK,JAMES W. SIKES ELEMENTARY SCHOOL,Z,Y
2425,53,1831,POLK,LAKE MARION CREEK MIDDLE SCHOOL,Z,Y
2425,53,1841,POLK,R. CLEM CHURCHWELL ELEMENTARY SCHOOL,Z,Y
2425,53,1851,POLK,DR. NE ROBERTS ELEMENTARY SCHOOL,Z,Y
2425,53,1852,POLK,ACADEMIC REASEARCH CENTER (ARC),R,N
2425,53,1861,POLK,ROSABELLE W. BLAKE ACADEMY,Z,Y
2425,53,1871,POLK,ROSABELLE W. BLAKE ACADEMY    (FORMERLY ROSABELLE W. BLAKE ELEMENTARY),Z,N
2425,53,1881,POLK,WENDELL WATSON ELEMENTARY SCHOOL,Z,Y
2425,53,1891,POLK,VALLEYVIEW ELEMENTARY SCHOOL,Z,N
2425,53,1901,POLK,SOCRUM ELEMENTARY SCHOOL,Z,Y
2425,53,1908,POLK,SPESSARD L HOLLAND ELEMENTARY,Z,Y
2425,53,1911,POLK,HAINES CITY STEP UP ACADEMY,R,N
2425,53,1921,POLK,"FROSTPROOF BEN HILL GRIFFIN, JR ELEMENTARY SCHOOL",Z,Y
2425,53,1931,POLK,GEORGE W. JENKINS SENIOR HIGH,Z,N
2425,53,1941,POLK,LOUGHMAN OAKS ELEMENTARY SCHOOL,Z,Y
2425,53,1951,POLK,BERKLEY ELEMENTARY SCHOOL,C,N
2425,53,1961,POLK,DISCOVERY ACADEMY OF LAKE ALFRED,C,Y
2425,53,1971,POLK,SLEEPY HILL MIDDLE SCHOOL,Z,Y
2425,53,1981,POLK,DUNDEE RIDGE MIDDLE ACADEMY,Z,Y
2425,53,1991,POLK,LAKE REGION HIGH SCHOOL,Z,Y
2425,53,2001,POLK,BILL DUNCAN OPPORTUNITY CENTER,Z,N
2425,53,2002,POLK,DAVENPORT HIGH SCHOOL,Z,Y
2425,53,2003,POLK,BELLA CITTA,Z,Y
2425,53,2012,POLK,SCENIC TERRACE K-8,Z,N
2425,53,3000,POLK,MIGRANT NOT ENROLLED,Z,N
2425,53,3001,POLK,MIGRANT NOT ENROLLED - SUMMER,Z,N
2425,53,3010,POLK,MIGRANT PK PRIVATE PROVIDER,Z,N
2425,53,3450,POLK,PERSONALIZED EDUCATION PROGRAM,Z,N
2425,53,3518,POLK,MCKAY SCHOLARSHIP/SCHOOL OF ENROLLMENT,Z,N
2425,53,3818,POLK,OPPORTUNITY SCHOLARSHIP/SCHOOL OF ENROLLMENT,Z,N
2425,53,3900,POLK,FAMILY EMPOWERMENT SCHOLARSHIP PROGRAM,Z,N
2425,53,7001,POLK,POLK VIRTUAL INSTRUCTION PROGRAM,Z,N
2425,53,7004,POLK,POLK VIRTUAL FRANCHISE,Z,N
2425,53,7006,POLK,POLK VIRTUAL INSTRUCTION (COURSE OFFERINGS),Z,N
2425,53,7023,POLK,POLK FULL TIME ESCHOOL,Z,N
2425,53,8001,POLK,THE APPLE SCHOOL,R,N
2425,53,8002,POLK,POLK PRE-COLLEGIATE ACADEMY,R,N
2425,53,8003,POLK,POLK STATE LAKELAND GATEWAY TO COLLEGE COLLEGIATE HIGH SCHOOL,R,N
2425,53,8004,POLK,NEW BEGINNINGS HIGH SCHOOL,R,Y
2425,53,8005,POLK,MAGNOLIA MONTESSORI ACADEMY,R,N
2425,53,8006,POLK,OUR CHILDRENS MIDDLE ACADEMY,R,N
2425,53,8007,POLK,NAVIGATOR ACADEMY OF LEADERSHIP DAVENPORT,R,N
2425,53,8008,POLK,LANGUAGE & LITERACY ACADEMY FOR LEARNING,R,Y
2425,53,8009,POLK,BRIDGEPREP ACADEMY OF POLK,R,Y
2425,53,8010,POLK,MATER ACADEMY DAVENPORT,R,Y
2425,53,8011,POLK,SABAL PALM SCHOOL,Z,N
2425,53,8012,POLK,RCMA MULBERRY COMMUNITY ACADEMY,H,Y
2425,53,8020,POLK,MATER ACADEMY DAVENPORT MIDDLE SCHOOL,R,Y
2425,53,8021,POLK,RENAISSANCE SCHOOL,R,N
2324,53,8022,POLK,IDEA LAKELAND,R,N
2425,53,8031,POLK,ACHIEVEMENT ACADEMY,R,N
2425,53,8051,POLK,FOUNDATION SCHOOL,R,N
2425,53,8061,POLK,S.T.A.R. CHARTER SCHOOL,R,N
2425,53,8071,POLK,A.C.E. CHARTER SCHOOL,R,N
2425,53,8091,POLK,PROGRESSIVE PREPARATORY ACADEMY,Z,N
2425,53,8101,POLK,BENNETT CHRISTIANSEN ACADEMY,R,N
2425,53,8121,POLK,HARTRIDGE ACADEMY,R,Y
2425,53,8131,POLK,POLK STATE COLLEGE COLLEGIATE HIGH SCHOOL,R,N
2425,53,8133,POLK,CHAIN OF LAKES COLLEGIATE HIGH,R,N
2425,53,8140,POLK,LAKELAND MONTESSORI MIDDLE SCHOOL,R,N
2425,53,8141,POLK,LAKELAND MONTESSORI SCHOOL HOUSE,R,N
2425,53,8142,POLK,BERKLEY ACCELERATED,R,N
2425,53,8143,POLK,VICTORY RIDGE ACADEMY,R,Y
2425,53,8144,POLK,LIFE SKILLS CENTER,R,N
2425,53,8146,POLK,LIFE SKILLS CENTER POLK COUNTY EAST,R,N
2425,53,8148,POLK,DROP BACK IN,Z,N
2425,53,8151,POLK,THE OAKS MIDDLE ACADEMY,R,N
2425,53,8161,POLK,HAINES CITY LITERARCY LEARNING ACADEMY,C,N
2425,53,8171,POLK,CYPRESS JUNCTION MONTESSORI,R,N
2425,53,8181,POLK,DISCOVERY HIGH SCHOOL,R,Y
2425,53,8201,POLK,MI ESCUELA MONTESSORI,R,N
2425,53,9001,POLK,POLK DISTRICT OFFICE,Z,N
2425,53,9002,POLK,TRANSITION SCHOOL,Z,N
2425,53,9003,POLK,HOSPITAL HOMEBOUND,Z,N
2425,53,9004,POLK,WINTER HAVEN PACE,Z,N
2425,53,9045,POLK,CONTRACTED RESIDENTIAL SERVICES,Z,N
2425,53,9202,POLK,CENTRAL FLORIDA MARINE INSTITUTE,Z,N
2425,53,9203,POLK,B.E.S.T.,Z,N
2425,53,9204,POLK,WINTER HAVEN B.E.S.T. PROGRAM,Z,N
2425,53,9205,POLK,RIDGE TEEN PARENT PROGRAM,Z,N
2425,53,9206,POLK,LAKELAND TEEN PARENT PROGRAM,Z,N
2425,53,9207,POLK,POLK HALFWAY HOUSE,Z,N
2425,53,9208,POLK,POLK REGIONAL DETENTION CENTER,Z,N
2425,53,9209,POLK,AGENCY COMM. TREATMENT SERVICE,Z,N
2425,53,9210,POLK,MARK WILCOX CENTER,Z,N
2425,53,9211,POLK,BARTOW YOUTH TRAINING CENTER              (INACTIVE 08/02),Z,N
2425,53,9212,POLK,BARTOW ADOLESCENT CENTER,Z,N
2425,53,9213,POLK,IN-SCHOOL SUSPENSION PROGRAM,Z,N
2425,53,9214,POLK,EXPULSION PROGRAM,Z,N
2425,53,9215,POLK,ARGUS PROGRAM,Z,N
2425,53,9216,POLK,S. T. A. R.,Z,N
2425,53,9217,POLK,ADJUDICATED YOUTH,Z,N
2425,53,9218,POLK,TRI-COUNTY ADDICTION CENTER,Z,N
2425,53,9219,POLK,CORNERSTONE YOUTH CENTER,Z,N
2425,53,9220,POLK,SHERIFFS YOUTH VILLA,Z,N
2425,53,9221,POLK,NEW HORIZONS,Z,N
2425,53,9222,POLK,LEVEL 6 DELIQUENT - BRADLEY MANOR,Z,N
2425,53,9223,POLK,HAINES CITY BEST PROGRAM,Z,N
2425,53,9224,POLK,HIGHLANDS YOUTH ACADEMY,Z,N
2425,53,9225,POLK,PACE CENTER FOR GIRLS,Z,N
2425,53,9226,POLK,LIVE OAKS ACADEMY,Z,N
2425,53,9227,POLK,POLK ACHIEVEMENT CENTER,Z,N
2425,53,9228,POLK,POLK COUNTY SHERIFF'S CENTRAL CENTER,Z,N
2425,53,9229,POLK,LAKE WALES B.E.S.T.,Z,N
2425,53,9230,POLK,ESE EXPULSION PROGRAM,Z,N
2425,53,9231,POLK,LAKE ALFRED B.E.S.T PROGRAM,Z,N
2425,53,9232,POLK,DJJ AFTERCARE-LAKE ALFRED,Z,N
2425,53,9233,POLK,SHERIFF'S YOUTH VILLA,Z,N
2425,53,9234,POLK,NEW BEGINNINGS YOUTH ACADEMY,Z,N
2425,53,9235,POLK,AMIKIDS,Z,N
2425,53,9236,POLK,POLK COUNTY SHERIFFS REGIONAL DETENTION CENTER,Z,N
2425,53,9237,POLK,BARTOW YOUTH ACADEMY,Z,N
2425,53,9240,POLK,ECKERD CONNECTS,Z,N
2425,53,9251,POLK,HAINES CITY HEADSTART CENTER,Z,N
2425,53,9252,POLK,WINTER HAVEN HEAD START,Z,N
2425,53,9253,POLK,ALPI FROSTPROOF CHILD DEVELOPMENT CENTER,Z,N
2425,53,9255,POLK,ESE COUNTYWIDE,Z,N
2425,53,9263,POLK,ECKERD CONNECTS STRIVE ACADEMY,Z,N
2425,53,9997,POLK,MIGRANT NON-ENROLLED STUDENTS,Z,N
2425,53,9998,POLK,HOME EDUCATION PROGRAM STUDENTS,Z,N
2425,54,20,PUTNAM,PUTNAM COUNTY ADULT EDUCATION CENTER,Z,N
2425,54,21,PUTNAM,PUTNAM COUNTY ADULT EDUCATION CENTER,Z,N
2425,54,41,PUTNAM,C. L. OVERTURF JR 6TH GRADE CENTER,Z,N
2425,54,51,PUTNAM,THE CHILDREN'S READING CENTER,R,Y
2425,54,61,PUTNAM,PUTNAM ACADEMY OF ARTS AND SCIENCES,R,Y
2425,54,71,PUTNAM,PUTNAM EDGE HIGH SCHOOL,R,N
2425,54,81,PUTNAM,WILLIAM D. MOSELEY ELEMENTARY SCHOOL,Z,N
2425,54,91,PUTNAM,MELLON ELEMENTARY SCHOOL,Z,N
2425,54,101,PUTNAM,KELLEY SMITH ELEMENTARY SCHOOL,Z,Y
2425,54,112,PUTNAM,INTERLACHEN JR-SR HIGH SCHOOL,Z,Y
2425,54,113,PUTNAM,C. H. PRICE MIDDLE SCHOOL,Z,N
2425,54,121,PUTNAM,MELROSE ELEMENTARY SCHOOL,Z,Y
2425,54,125,PUTNAM,Q.I. ROBERTS JR. - SR. HIGH SCHOOL,Z,Y
2425,54,151,PUTNAM,JAMES A. LONG ELEMENTARY SCHOOL,Z,Y
2425,54,171,PUTNAM,"ROBERT H. JENKINS, JUNIOR MIDDLE",Z,N
2425,54,182,PUTNAM,THE GATEWAY SCHOOL,Z,N
2425,54,201,PUTNAM,"ROBERT H. JENKINS, JR ELEMENTARY SCHOOL",Z,Y
2425,54,211,PUTNAM,BROWNING-PEARCE ELEMENTARY SCHOOL,Z,Y
2425,54,231,PUTNAM,GEORGE C. MILLER JR. MIDDLE SCHOOL,Z,N
2425,54,251,PUTNAM,MIDDLETON-BURNEY ELEMENTARY SCHOOL,Z,Y
2425,54,261,PUTNAM,CRESCENT CITY JR-SR HIGH SCHOOL,Z,Y
2425,54,301,PUTNAM,PALATKA JR - SR HIGH SCHOOL,Z,Y
2425,54,321,PUTNAM,MELLON LEARNING CENTER,Z,Y
2425,54,322,PUTNAM,DISTRICT OPPORTUNITY CENTER,Z,N
2425,54,341,PUTNAM,OCHWILLA ELEMENTARY SCHOOL,Z,Y
2425,54,351,PUTNAM,WILLIAM D. MOSELEY ELEMENTARY SCHOOL,Z,Y
2425,54,461,PUTNAM,ALTERNATIVES UNLIMITED HIGH SCHOOL,Z,N
2425,54,2081,PUTNAM,MARION S. SPEAKS ACHIEVEMENT CENTER,Z,N
2425,54,2091,PUTNAM,MUSTANG ACHIEVEMENT CENTER,Z,N
2425,54,2101,PUTNAM,SHARK ACHIEVEMENT CENTER,Z,N
2425,54,2121,PUTNAM,MELROSE MUSTANG LEARNING CENTER,Z,N
2425,54,2151,PUTNAM,LIONS ACHIEVEMENT CENTER,Z,N
2425,54,2201,PUTNAM,RAMS ACHIEVEMENT CENTER,Z,N
2425,54,2211,PUTNAM,BEARS ESSENTIALS ACHIEVEMENT CENTER,Z,N
2425,54,2231,PUTNAM,COUGAR ACHIEVEMENT CENTER,Z,N
2425,54,2251,PUTNAM,FANTASTIC FOUR ACHIEVEMENT CENTER,Z,N
2425,54,2341,PUTNAM,THE OWLS ACHIEVEMENT CENTER,Z,N
2425,54,3450,PUTNAM,PERSONALIZED EDUCATION PROGRAM,Z,N
2425,54,3518,PUTNAM,MCKAY SCHOLARSHIP/SCHOOL OF ENROLLMENT,Z,N
2425,54,3818,PUTNAM,OPPORTUNITY SCHOLARSHIP/SCHOOL OF ENROLLMENT,Z,N
2425,54,3900,PUTNAM,FAMILY EMPOWERMENT SCHOLARSHIP PROGRAM,Z,N
2425,54,7001,PUTNAM,PUTNAM VIRTUAL INSTRUCTION PROGRAM,Z,N
2425,54,7004,PUTNAM,PUTNAM VIRTUAL FRANCHISE,Z,N
2425,54,7006,PUTNAM,PUTNAM FLEX,Z,N
2425,54,7023,PUTNAM,PUTNAM VIRTUAL INSTRUCTION PROGRAM (DISTRICT PROVIDED),Z,N
2425,54,9001,PUTNAM,PUTNAM DISTRICT OFFICE,Z,N
2425,54,9009,PUTNAM,PUTNAM COUNTY EXCEPTIONAL EDUCATION,Z,N
2425,54,9045,PUTNAM,CONTRACTED RESIDENTIAL SERVICES,Z,N
2425,54,9046,PUTNAM,TEEN PARENT PK CHILD CARE PROGRAM,Z,N
2425,54,9171,PUTNAM,FEDERAL PROGRAMS OFFICE,Z,N
2425,54,9997,PUTNAM,MIGRANT NON-ENROLLED STUDENTS,Z,N
2425,54,9998,PUTNAM,HOME EDUCATION PROGRAM STUDENTS,Z,N
2425,55,11,ST. JOHNS,ACADEMY FOR BUSINESS AND LEADERSHIP EDUCATION,R,N
2425,55,12,ST. JOHNS,ST. AUGUSTINE PUBLIC MONTESSORI SCHOOL,R,N
2425,55,13,ST. JOHNS,ST. PAUL SCHOOL OF EXCELLENCE (SPSE),R,N
2425,55,21,ST. JOHNS,CROOKSHANK ELEMENTARY SCHOOL,Z,Y
2425,55,31,ST. JOHNS,GAINES ALTERNATIVE AT THE HAMBLEN CENTER,Z,N
2425,55,32,ST. JOHNS,GAINES ALTERNATIVE AT HAMBLEN,Z,Y
2425,55,33,ST. JOHNS,ST. JOHNS TECHNICAL HIGH SCHOOL,Z,Y
2425,55,34,ST. JOHNS,MAINTENANCE/PURCHASING WAREHSE,Z,N
2425,55,61,ST. JOHNS,THE EVELYN HAMBLEN CENTER,Z,Y
2425,55,71,ST. JOHNS,THERAPEUTIC LEARNING CENTER,R,N
2425,55,72,ST. JOHNS,ST. JOHNS COMMUNITY CAMPUS,R,N
2425,55,73,ST. JOHNS,LIFE WORK/PROJECT SEARCH,Z,N
2425,55,81,ST. JOHNS,LOVE TO LEARN ACADEMY,R,N
2425,55,91,ST. JOHNS,KETTERLINUS ELEMENTARY SCHOOL,Z,Y
2425,55,141,ST. JOHNS,MKY- HEAD START /DPP PK SCHOOL,Z,N
2425,55,151,ST. JOHNS,PONTE VEDRA-PALM VALLEY ELEMENTARY SCHOOL,Z,N
2425,55,161,ST. JOHNS,R. B. HUNT ELEMENTARY SCHOOL,Z,N
2425,55,171,ST. JOHNS,R J MURRAY MIDDLE SCHOOL,Z,Y
2425,55,181,ST. JOHNS,ST. AUGUSTINE HIGH SCHOOL,Z,N
2425,55,191,ST. JOHNS,HASTINGS ELEMENTARY SCHOOL,Z,N
2425,55,192,ST. JOHNS,MIGRANT NON-ATTENDERS,Z,N
2425,55,201,ST. JOHNS,JAMES A. WEBSTER ELEMENTARY SCHOOL,Z,Y
2425,55,231,ST. JOHNS,FIRST COAST TECHNICAL COLLEGE,Z,N
2425,55,235,ST. JOHNS,FIRST COAST TECHNICAL HIGH SCHOOL,B,N
2425,55,236,ST. JOHNS,FIRST COAST SKILLS ACADEMY,C,N
2425,55,238,ST. JOHNS,FIRST COAST TECHNICAL COLLEGE AT HISTORIC HASTINGS CAMPUS,Z,N
2425,55,241,ST. JOHNS,JULINGTON CREEK ELEMENTARY SCHOOL,Z,N
2425,55,251,ST. JOHNS,ALLEN D NEASE SENIOR HIGH SCHOOL,Z,N
2425,55,261,ST. JOHNS,W. DOUGLAS HARTLEY ELEMENTARY,Z,Y
2425,55,301,ST. JOHNS,SEBASTIAN MIDDLE SCHOOL,Z,Y
2425,55,311,ST. JOHNS,ALICE B. LANDRUM MIDDLE SCHOOL,Z,N
2425,55,321,ST. JOHNS,SWITZERLAND POINT MIDDLE SCHOOL,Z,N
2425,55,331,ST. JOHNS,OSCEOLA ELEMENTARY SCHOOL,Z,Y
2425,55,341,ST. JOHNS,MILL CREEK ACADEMY,Z,N
2425,55,351,ST. JOHNS,PONTE VEDRA PALM VALLEY- RAWLINGS ELEMENTARY SCHOOL,Z,N
2425,55,361,ST. JOHNS,OTIS A. MASON ELEMENTARY SCHOOL,Z,Y
2425,55,371,ST. JOHNS,GAMBLE ROGERS MIDDLE SCHOOL,Z,Y
2425,55,381,ST. JOHNS,CUNNINGHAM CREEK ELEMENTARY SCHOOL,Z,N
2425,55,391,ST. JOHNS,OCEAN PALMS ELEMENTARY SCHOOL,Z,N
2425,55,401,ST. JOHNS,PEDRO MENENDEZ HIGH SCHOOL,Z,N
2425,55,402,ST. JOHNS,BEACHSIDE HIGH SCHOOL,Z,N
2425,55,411,ST. JOHNS,BARTRAM TRAIL HIGH SCHOOL,Z,N
2425,55,417,ST. JOHNS,DEEP CREEK YOUTH ACADEMY,Z,N
2425,55,421,ST. JOHNS,HASTINGS JUVENILE CORRECTIONAL,Z,N
2425,55,422,ST. JOHNS,ST. JOHNS YOUTH ACADEMY,Z,N
2425,55,431,ST. JOHNS,ST. JOHNS COUNTY DETENTION CENTER,Z,N
2425,55,441,ST. JOHNS,DURBIN CREEK ELEMENTARY SCHOOL,Z,N
2425,55,442,ST. JOHNS,ST JOHNS COUNTY JUVENILE RESIDENTIAL AT ST. JOHNS YOUTH ACADEMY,Z,N
2425,55,451,ST. JOHNS,TIMBERLIN CREEK ELEMENTARY SCHOOL,Z,N
2425,55,452,ST. JOHNS,DEEP CREEK ACADEMY,Z,N
2425,55,461,ST. JOHNS,SOUTH WOODS ELEMENTARY SCHOOL,Z,Y
2425,55,471,ST. JOHNS,PATRIOT OAKS ACADEMY,Z,N
2425,55,472,ST. JOHNS,LIBERTY PINES ACADEMY,Z,N
2425,55,481,ST. JOHNS,PACETTI BAY MIDDLE SCHOOL,Z,N
2425,55,482,ST. JOHNS,WARDS CREEK ELEMENTARY SCHOOL,Z,N
2425,55,491,ST. JOHNS,FRUIT COVE MIDDLE SCHOOL,Z,N
2425,55,492,ST. JOHNS,PONTE VEDRA HIGH SCHOOL,Z,N
2425,55,493,ST. JOHNS,CREEKSIDE HIGH SCHOOL,Z,N
2425,55,501,ST. JOHNS,HICKORY CREEK ELEMENTARY SCHOOL,Z,N
2425,55,502,ST. JOHNS,VALLEY RIDGE ACADEMY,Z,N
2425,55,511,ST. JOHNS,PALENCIA ELEMENTARY SCHOOL,Z,N
2425,55,521,ST. JOHNS,PICOLATA CROSSING ELEMENTARY SCHOOL,Z,N
2425,55,531,ST. JOHNS,FREEDOM CROSSING ACADEMY,Z,N
2425,55,541,ST. JOHNS,PALM VALLEY ACADEMY,Z,N
2425,55,551,ST. JOHNS,PINE ISLAND ACADEMY,Z,N
2425,55,552,ST. JOHNS,TOCOI CREEK HIGH SCHOOL,Z,N
2425,55,561,ST. JOHNS,TROUT CREEK ACADEMY,Z,N
2425,55,562,ST. JOHNS,LAKESIDE ACADEMY,Z,N
2425,55,571,ST. JOHNS,K-8 SCHOOL PP,Z,N
2425,55,572,ST. JOHNS,K-8 SCHOOL QQ,Z,N
2425,55,581,ST. JOHNS,K-8 SCHOOL RR,Z,N
2425,55,3450,ST. JOHNS,PERSONALIZED EDUCATION PROGRAM,Z,N
2425,55,3518,ST. JOHNS,MCKAY SCHOLARSHIP/SCHOOL OF ENROLLMENT,Z,N
2425,55,3525,ST. JOHNS,ST. JOHNS COUNTY JAIL (DJJ),Z,N
2425,55,3818,ST. JOHNS,OPPORTUNITY SCHOLARSHIP/SCHOOL OF ENROLLMENT,Z,N
2425,55,3900,ST. JOHNS,FAMILY EMPOWERMENT SCHOLARSHIP PROGRAM,Z,N
2425,55,7001,ST. JOHNS,ST. JOHNS VIRTUAL INSTRUCTION PROGRAM K-8,Z,N
2425,55,7004,ST. JOHNS,ST. JOHNS VIRTUAL FRANCHISE,Z,N
2425,55,7006,ST. JOHNS,ST JOHNS VIRTUAL INSTRUCTION PROGRAM,Z,N
2425,55,7023,ST. JOHNS,ST. JOHNS VIRTUAL INSTRUCTIONAL PROGRAM,Z,N
2425,55,9001,ST. JOHNS,ST. JOHNS DISTRICT OFFICE,Z,N
2425,55,9045,ST. JOHNS,CONTRACTED RESIDENTIAL SERVICES,Z,N
2425,55,9997,ST. JOHNS,MIGRANT NON-ENROLLED STUDENTS,Z,N
2425,55,9998,ST. JOHNS,HOME EDUCATION PROGRAM STUDENTS,Z,N
2425,56,6,ST. LUCIE,SOMERSET CAREER ACADEMY,R,N
2425,56,20,ST. LUCIE,PALM POINTE K8 SCHOOL,Z,Y
2425,56,31,ST. LUCIE,WHITE CITY ELEMENTARY SCHOOL,Z,Y
2425,56,40,ST. LUCIE,WEATHERBEE ELEMENTARY SCHOOL,Z,Y
2425,56,41,ST. LUCIE,FAIRLAWN ELEMENTARY SCHOOL,Z,Y
2425,56,51,ST. LUCIE,CREATIVE ARTS ACADEMY OF ST. LUCIE,Z,Y
2425,56,61,ST. LUCIE,LAWNWOOD ELEMENTARY SCHOOL,Z,Y
2425,56,71,ST. LUCIE,ST. LUCIE ELEMENTARY SCHOOL,Z,Y
2425,56,72,ST. LUCIE,DAN MCCARTY MIDDLE SCHOOL,Z,Y
2425,56,81,ST. LUCIE,FRANCES K. SWEET ELEMENTARY SCHOOL,Z,Y
2425,56,91,ST. LUCIE,SAVANNA RIDGE ELEMENTARY SCHOOL,Z,Y
2425,56,101,ST. LUCIE,GARDEN CITY ELEMENTARY SCHOOL,Z,N
2425,56,102,ST. LUCIE,GARDEN CITY EARLY LEARNING ACADEMY,Z,N
2425,56,111,ST. LUCIE,CHESTER A. MOORE ELEMENTARY SCHOOL,Z,Y
2425,56,121,ST. LUCIE,LINCOLN PARK ACADEMY,Z,Y
2425,56,131,ST. LUCIE,ST. LUCIE WEST K-8 SCHOOL,Z,Y
2425,56,141,ST. LUCIE,SAMUEL S. GAINES ACADEMY OF EMERGING TECHNOLOGIES,Z,Y
2425,56,151,ST. LUCIE,ALLAPATTAH FLATS K-8,Z,Y
2425,56,152,ST. LUCIE,SOUTHBEND,Z,N
2425,56,161,ST. LUCIE,FORT PIERCE CENTRAL HIGH SCHOOL,Z,Y
2425,56,162,ST. LUCIE,PERFORMANCE BASED PREPARATORY ACADEMY,Z,Y
2425,56,201,ST. LUCIE,FORT PIERCE WESTWOOD ACADEMY THE W.E.S.T. PREP MAGNET,Z,Y
2425,56,202,ST. LUCIE,"LUCIE ADOLESCENT PARENT PROGRAM, DALE CASSENS",Z,N
2425,56,203,ST. LUCIE,SECONDARY ALTERNATIVE EDUCATION SCH,Z,N
2425,56,204,ST. LUCIE,SUNRISE ACADEMY,Z,N
2425,56,205,ST. LUCIE,DALE CASSENS EDUCATION COMPLEX,Z,Y
2425,56,206,ST. LUCIE,DELAWARE AVENUE SCHOOL,Z,N
2425,56,211,ST. LUCIE,PORT ST. LUCIE ELEMENTARY SCHOOL,Z,N
2425,56,212,ST. LUCIE,ACCELERATION ACADEMY,Z,Y
2425,56,221,ST. LUCIE,MORNINGSIDE ELEMENTARY SCHOOL,Z,Y
2425,56,231,ST. LUCIE,LAKEWOOD PARK ELEMENTARY SCHOOL,Z,Y
2425,56,241,ST. LUCIE,FLORESTA ELEMENTARY SCHOOL,Z,Y
2425,56,251,ST. LUCIE,BAYSHORE ELEMENTARY SCHOOL,Z,Y
2425,56,261,ST. LUCIE,NORTHPORT K-8 SCHOOL,Z,Y
2425,56,271,ST. LUCIE,WINDMILL POINT ELEMENTARY SCHOOL,Z,Y
2425,56,281,ST. LUCIE,VILLAGE GREEN ENVIRONMENTAL STUDIES SCHOOL,Z,Y
2425,56,301,ST. LUCIE,PORT ST. LUCIE HIGH SCHOOL,Z,Y
2425,56,311,ST. LUCIE,PARKWAY ELEMENTARY SCHOOL,Z,Y
2425,56,321,ST. LUCIE,CENTER SCHOOL DALE CASSENS,Z,N
2425,56,331,ST. LUCIE,SOUTHPORT MIDDLE SCHOOL,Z,Y
2425,56,341,ST. LUCIE,MARIPOSA ELEMENTARY SCHOOL,Z,Y
2425,56,351,ST. LUCIE,OAK HAMMOCK K-8 SCHOOL,Z,Y
2425,56,361,ST. LUCIE,MANATEE ACADEMY K-8,Z,Y
2425,56,371,ST. LUCIE,FOREST GROVE MIDDLE SCHOOL,Z,Y
2425,56,381,ST. LUCIE,RIVERS EDGE ELEMENTARY SCHOOL,Z,Y
2425,56,391,ST. LUCIE,SOUTHERN OAKS MIDDLE SCHOOL,Z,Y
2425,56,401,ST. LUCIE,ST. LUCIE WEST CENTENNIAL HIGH,Z,Y
2425,56,411,ST. LUCIE,TREASURE COAST HIGH SCHOOL,Z,Y
2425,56,421,ST. LUCIE,WEST GATE K-8 SCHOOL,Z,Y
2425,56,431,ST. LUCIE,LEGACY HIGH SCHOOL,Z,N
2425,56,500,ST. LUCIE,COUNTY WIDE SCHOOL,Z,N
2425,56,701,ST. LUCIE,ORANGE AVENUE CHARTER SCHOOL,R,N
2425,56,702,ST. LUCIE,THE CHARTER SCHOOL OF FORT PIERCE,R,N
2425,56,703,ST. LUCIE,SOMERSET ACADEMY ST. LUCIE,R,Y
2425,56,711,ST. LUCIE,RENAISSANCE CHARTER SCHOOL OF ST. LUCIE,R,Y
2425,56,712,ST. LUCIE,SOMERSET COLLEGE PREPARATORY ACADEMY,R,Y
2425,56,721,ST. LUCIE,RENAISSANCE CHARTER SCHOOL AT TRADITION,R,N
2425,56,722,ST. LUCIE,TRADITION PREPARATORY HIGH SCHOOL,R,N
2425,56,731,ST. LUCIE,SOMERSET ACADEMY BETHANY,R,Y
2425,56,734,ST. LUCIE,TECHNOARTS ACADEMY ST. LUCIE,R,N
2425,56,741,ST. LUCIE,INDEPENDENCE CLASSICAL ACADEMY,R,Y
2425,56,745,ST. LUCIE,TREASURE COAST SCHOOL OF AUTISM,R,N
2425,56,751,ST. LUCIE,FREEDOM PREPARATORY ACADEMY,R,N
2425,56,3450,ST. LUCIE,PERSONALIZED EDUCATION PROGRAM,Z,N
2425,56,3518,ST. LUCIE,MCKAY SCHOLARSHIP/SCHOOL OF ENROLLMENT,Z,N
2425,56,3818,ST. LUCIE,OPPORTUNITY SCHOLARSHIP/SCHOOL OF ENROLLMENT,Z,N
2425,56,3900,ST. LUCIE,FAMILY EMPOWERMENT SCHOLARSHIP PROGRAM,Z,N
2425,56,5001,ST. LUCIE,ST. LUCIE DETENTION CENTER,Z,N
2425,56,5002,ST. LUCIE,LIFEBRIDGE CENTER,Z,N
2425,56,5003,ST. LUCIE,DATA HOUSE,Z,N
2425,56,5005,ST. LUCIE,ST LUCIE COUNTY JAIL - ROCK ROAD ACADEMY,Z,N
2425,56,5011,ST. LUCIE,HOMEBOUND PROGRAM,Z,N
2425,56,5021,ST. LUCIE,ST. LUCIE MIGRANT CENTER,Z,N
2425,56,5022,ST. LUCIE,POSITIVE EXPECTATIONS ACADEMY,Z,N
2425,56,5031,ST. LUCIE,"PACE CENTER FOR GIRLS, TREASURE COAST",Z,Y
2425,56,5041,ST. LUCIE,BRIDGE ACADEMY,Z,N
2425,56,5051,ST. LUCIE,DISCIPLINE BASED EXTENDED DAY,Z,N
2425,56,5061,ST. LUCIE,FIRST STEP ADOLESCENT GIRLS TREATMENT HOME,Z,N
2425,56,5071,ST. LUCIE,DROP BACK IN ACADEMY,Z,N
2425,56,7001,ST. LUCIE,ST. LUCIE VIRTUAL INSTRUCTION PROGRAM,Z,N
2425,56,7004,ST. LUCIE,MOSAIC DIGITAL ACADEMY (ST. LUCIE VIRTUAL FRANCHISE) PT,Z,N
2425,56,7006,ST. LUCIE,MOSAIC DIGITAL ACADEMY PT,Z,N
2425,56,7023,ST. LUCIE,MOSAIC DIGITAL ACADEMY K-12,Z,N
2425,56,9001,ST. LUCIE,ST. LUCIE DISTRICT OFFICE,Z,N
2425,56,9045,ST. LUCIE,CONTRACTED RESIDENTIAL SERVICES,Z,N
2425,56,9997,ST. LUCIE,MIGRANT NON-ENROLLED STUDENTS,Z,N
2425,56,9998,ST. LUCIE,HOME EDUCATION PROGRAM STUDENTS,Z,N
2425,57,21,SANTA ROSA,CENTRAL SCHOOL,Z,Y
2425,57,41,SANTA ROSA,BERRYHILL ELEMENTARY SCHOOL,Z,Y
2425,57,51,SANTA ROSA,BAGDAD ELEMENTARY SCHOOL,Z,Y
2425,57,60,SANTA ROSA,HOSPITAL HOMEBOUND,Z,N
2425,57,61,SANTA ROSA,CHUMUCKLA ELEMENTARY SCHOOL,Z,Y
2425,57,71,SANTA ROSA,EAST MILTON ELEMENTARY SCHOOL,Z,Y
2425,57,101,SANTA ROSA,GULF BREEZE ELEMENTARY SCHOOL,Z,N
2425,57,102,SANTA ROSA,GULF BREEZE MIDDLE SCHOOL,Z,N
2425,57,103,SANTA ROSA,GULF BREEZE HIGH SCHOOL,Z,N
2425,57,111,SANTA ROSA,SOUNDSIDE  HIGH SCHOOL,Z,N
2425,57,131,SANTA ROSA,T. R. JACKSON PREK CENTER,Z,N
2425,57,141,SANTA ROSA,JAY HIGH SCHOOL,Z,Y
2425,57,142,SANTA ROSA,JAY ELEMENTARY SCHOOL,Z,Y
2425,57,151,SANTA ROSA,MILTON HIGH SCHOOL,Z,Y
2425,57,152,SANTA ROSA,SANTA ROSA HIGH SCHOOL,Z,Y
2425,57,153,SANTA ROSA,SANTA ROSA COMMUNITY SCHOOL,Z,N
2425,57,161,SANTA ROSA,MUNSON ELEMENTARY SCHOOL,Z,N
2425,57,162,SANTA ROSA,SANTA ROSA ADULT SCHOOL,Z,N
2425,57,171,SANTA ROSA,S. S. DIXON PRIMARY SCHOOL,Z,Y
2425,57,181,SANTA ROSA,PACE MIDDLE SCHOOL,Z,N
2425,57,182,SANTA ROSA,PACE HIGH SCHOOL,Z,N
2425,57,191,SANTA ROSA,W. H. RHODES ELEMENTARY SCHOOL,Z,Y
2425,57,201,SANTA ROSA,BLACKWATER STOP CAMP SCHOOL,Z,N
2425,57,202,SANTA ROSA,MILTON GIRLS JUVENILE RESIDENTIAL FACILITY,Z,N
2425,57,205,SANTA ROSA,SANTA ROSA YOUTH ACADEMY,Z,N
2425,57,206,SANTA ROSA,PACE CENTER FOR GIRLS,Z,N
2425,57,211,SANTA ROSA,MILTON YOUTH ACADEMY,Z,N
2425,57,231,SANTA ROSA,HOBBS MIDDLE SCHOOL,Z,Y
2425,57,261,SANTA ROSA,MARTIN LUTHER KING MIDDLE SCHOOL,Z,Y
2425,57,271,SANTA ROSA,HOLLEY-NAVARRE INTERMEDIATE,Z,Y
2425,57,272,SANTA ROSA,HOLLEY-NAVARRE MIDDLE SCHOOL,Z,N
2425,57,281,SANTA ROSA,HOLLEY-NAVARRE PRIMARY,Z,Y
2425,57,301,SANTA ROSA,PEA RIDGE ELEMENTARY SCHOOL,Z,Y
2425,57,302,SANTA ROSA,AVALON MIDDLE SCHOOL,Z,Y
2425,57,311,SANTA ROSA,ORIOLE BEACH ELEMENTARY SCHOOL,Z,N
2425,57,312,SANTA ROSA,BENNETT C RUSSELL ELEMENTARY SCHOOL,Z,Y
2425,57,321,SANTA ROSA,RADFORD M LOCKLIN TECHNICAL COLLEGE,Z,N
2425,57,331,SANTA ROSA,S. S. DIXON INTERMEDIATE SCHOOL,Z,Y
2425,57,332,SANTA ROSA,THOMAS L SIMS MIDDLE SCHOOL,Z,N
2425,57,341,SANTA ROSA,WEST NAVARRE PRIMARY SCHOOL,Z,N
2425,57,342,SANTA ROSA,WEST NAVARRE INTERMEDIATE SCHOOL,Z,N
2425,57,351,SANTA ROSA,NAVARRE HIGH SCHOOL,Z,N
2425,57,361,SANTA ROSA,WOODLAWN BEACH MIDDLE SCHOOL,Z,N
2425,57,371,SANTA ROSA,WALLACE LAKE K-8,Z,N
2425,57,1361,SANTA ROSA,EAST BAY K-8 SCHOOL,Z,N
2425,57,1421,SANTA ROSA,HIGH ROAD,Z,Y
2425,57,3450,SANTA ROSA,PERSONALIZED EDUCATION PROGRAM,Z,N
2425,57,3518,SANTA ROSA,MCKAY SCHOLARSHIP/SCHOOL OF ENROLLMENT,Z,N
2425,57,3818,SANTA ROSA,OPPORTUNITY SCHOLARSHIP/SCHOOL OF ENROLLMENT,Z,N
2425,57,3900,SANTA ROSA,FAMILY EMPOWERMENT SCHOLARSHIP PROGRAM,Z,N
2425,57,7001,SANTA ROSA,SANTA ROSA ONLINE VIRTUAL INSTRUCTION PROGRAM,Z,N
2425,57,7004,SANTA ROSA,SANTA ROSA VIRTUAL FRANCHISE,Z,N
2425,57,7006,SANTA ROSA,SANTA ROSA VIRTUAL INSTRUCTION COURSE OFFERINGS,Z,N
2425,57,7023,SANTA ROSA,FUTURE VIRTUAL SCHOOL,Z,N
2425,57,8001,SANTA ROSA,LEARNING ACADEMY OF SANTA ROSA,R,Y
2425,57,8002,SANTA ROSA,RADER SCHOOLS - SOUTH CAMPUS,R,N
2425,57,8003,SANTA ROSA,CAPSTONE ACADEMY MILTON CHARTER SCHOOL,R,N
2425,57,8004,SANTA ROSA,COASTAL CONNECTIONS ACADEMY,R,N
2425,57,9001,SANTA ROSA,SANTA ROSA DISTRICT OFFICE,Z,N
2425,57,9045,SANTA ROSA,CONTRACTED RESIDENTIAL SERVICES,Z,N
2425,57,9046,SANTA ROSA,TAPP CHILD CARE,Z,N
2425,57,9060,SANTA ROSA,ESE DEVELOPMENT CENTER,Z,N
2425,57,9997,SANTA ROSA,MIGRANT NON-ENROLLED STUDENTS,Z,N
2425,57,9998,SANTA ROSA,HOME EDUCATION PROGRAM STUDENTS,Z,N
2425,58,12,SARASOTA,ALTA VISTA ELEMENTARY SCHOOL,Z,Y
2425,58,21,SARASOTA,PINE VIEW SCHOOL,Z,N
2425,58,31,SARASOTA,SARASOTA MIDDLE SCHOOL,Z,N
2425,58,51,SARASOTA,SARASOTA HIGH SCHOOL,Z,N
2425,58,53,SARASOTA,"AMIKIDS INFINITY SARASOTA, INC.",Z,N
2425,58,54,SARASOTA,OPPORTUNITY HIGH SCHOOL,Z,N
2425,58,70,SARASOTA,ISLAND VILLAGE MONTESSORI MIDDLE SCHOOL,R,N
2425,58,71,SARASOTA,BAY HAVEN SCHOOL OF BASICS PLUS,Z,N
2425,58,72,SARASOTA,ISLAND VILLAGE NORTH,R,N
2425,58,73,SARASOTA,GOODWILL ACADEMY,R,N
2425,58,74,SARASOTA,SARASOTA MILITARY ACADEMY,R,N
2425,58,81,SARASOTA,SUNCOAST SCHOOL FOR INNOVATIVE STUDIES,R,Y
2425,58,82,SARASOTA,ACADEMY FOR APPLIED TRAINING,R,N
2425,58,83,SARASOTA,SARASOTA SCHOOL OF ARTS/SCIENCES,R,N
2425,58,84,SARASOTA,BOOKER MIDDLE SCHOOL,Z,Y
2425,58,85,SARASOTA,BOOKER HIGH SCHOOL,Z,N
2425,58,86,SARASOTA,ROY MCBEAN CHARTER SCHOOL                 (INACTIVE 09/02),R,N
2425,58,89,SARASOTA,RICHARD MILBURN ACADEMY OF FLORIDA,R,N
2425,58,90,SARASOTA,ISLAND VILLAGE MONTESSORI SCHOOL,R,N
2425,58,91,SARASOTA,SARASOTA COMMUNITY SCHOOL FOR EXCELLENCE,R,N
2425,58,92,SARASOTA,CHANCELLOR CHARTER SCHOOL AT SARASOTA,R,N
2425,58,93,SARASOTA,WINGS ACADEMY,R,N
2425,58,100,SARASOTA,SARASOTA SUNCOAST ACADEMY,R,N
2425,58,101,SARASOTA,BRENTWOOD ELEMENTARY SCHOOL,Z,Y
2425,58,102,SARASOTA,STUDENT LEADERSHIP ACADEMY,R,N
2425,58,103,SARASOTA,IMAGINE SCHOOL AT NORTH PORT,R,N
2425,58,106,SARASOTA,IMAGINE SCHOOL AT PALMER RANCH,R,N
2425,58,110,SARASOTA,SKY ACADEMY VENICE,R,N
2425,58,111,SARASOTA,BROOKSIDE MIDDLE SCHOOL,Z,N
2425,58,113,SARASOTA,SARASOTA ACADEMY OF THE ARTS,R,N
2425,58,114,SARASOTA,SARASOTA MILITARY ACADEMY PREP,R,N
2425,58,117,SARASOTA,SKY ACADEMY ENGLEWOOD,R,N
2425,58,119,SARASOTA,SARASOTA COUNTY ACCELERATION ACADEMIES,Z,N
2425,58,120,SARASOTA,DREAMERS ACADEMY,R,Y
2425,58,121,SARASOTA,ENGLEWOOD ELEMENTARY SCHOOL,Z,N
2425,58,122,SARASOTA,STATE COLLEGE OF FLA COLLEGIATE SCHOOL-VENICE,R,N
2425,58,131,SARASOTA,FRUITVILLE ELEMENTARY SCHOOL,Z,N
2425,58,141,SARASOTA,MCINTOSH MIDDLE SCHOOL,Z,N
2425,58,151,SARASOTA,NOKOMIS ELEMENTARY SCHOOL,Z,N
2425,58,171,SARASOTA,PHILLIPPI SHORES ELEMENTARY SCHOOL,Z,N
2425,58,181,SARASOTA,RIVERVIEW HIGH SCHOOL,Z,N
2425,58,191,SARASOTA,SOUTHSIDE ELEMENTARY SCHOOL,Z,N
2425,58,201,SARASOTA,TUTTLE ELEMENTARY SCHOOL,Z,Y
2425,58,211,SARASOTA,VENICE ELEMENTARY SCHOOL,Z,N
2425,58,221,SARASOTA,VENICE SENIOR HIGH SCHOOL,Z,N
2425,58,261,SARASOTA,GOCIO ELEMENTARY SCHOOL,Z,Y
2425,58,271,SARASOTA,GULF GATE ELEMENTARY SCHOOL,Z,Y
2425,58,291,SARASOTA,WILKINSON ELEMENTARY SCHOOL,Z,Y
2425,58,292,SARASOTA,ESE SPECIAL PROGRAMS,Z,N
2425,58,293,SARASOTA,OAK PARK SCHOOL,Z,N
2425,58,294,SARASOTA,TRIAD,Z,Y
2425,58,295,SARASOTA,MYAKKA STOP CAMP                          (INACTIVE 09/02),Z,N
2425,58,301,SARASOTA,ASHTON ELEMENTARY SCHOOL,Z,N
2425,58,381,SARASOTA,GARDEN ELEMENTARY SCHOOL,Z,N
2425,58,391,SARASOTA,SUNCOAST TECHNICAL COLLEGE,Z,N
2425,58,410,SARASOTA,GULF COAST VOCATIONAL INSTITUTE,Z,N
2425,58,411,SARASOTA,CHARACTER HOUSE,Z,N
2425,58,412,SARASOTA,"AMIKIDS SARASOTA COUNTY, INC",Z,N
2425,58,417,SARASOTA,AMIKIDS SARASOTA COUNTY,Z,N
2425,58,431,SARASOTA,CYESIS,Z,N
2425,58,451,SARASOTA,VENICE MIDDLE SCHOOL,Z,N
2425,58,461,SARASOTA,GLENALLEN ELEMENTARY SCHOOL,Z,Y
2425,58,471,SARASOTA,LAKEVIEW ELEMENTARY SCHOOL,Z,N
2425,58,491,SARASOTA,TAYLOR RANCH ELEMENTARY SCHOOL,Z,N
2425,58,501,SARASOTA,EMMA E. BOOKER ELEMENTARY SCHOOL,Z,Y
2425,58,521,SARASOTA,MIDDLE SCHOOL BB,Z,N
2425,58,531,SARASOTA,ELEMENTARY SCHOOL F,Z,N
2425,58,541,SARASOTA,ELEMENTARY SCHOOL A,Z,N
2425,58,1070,SARASOTA,ADULT/COMMUNITY EDUCATION,Z,N
2425,58,1075,SARASOTA,SARASOTA SUMMER SCHOOL,Z,N
2425,58,1211,SARASOTA,LAUREL NOKOMIS SCHOOL,Z,N
2425,58,1231,SARASOTA,TOLEDO BLADE ELEMENTARY SCHOOL,Z,Y
2425,58,1241,SARASOTA,ATWATER ELEMENTARY,Z,Y
2425,58,1251,SARASOTA,NORTH PORT HIGH SCHOOL,Z,N
2425,58,1261,SARASOTA,HERON CREEK MIDDLE SCHOOL,Z,Y
2425,58,1271,SARASOTA,CRANBERRY ELEMENTARY SCHOOL,Z,Y
2425,58,1281,SARASOTA,PHOENIX ACADEMY,Z,N
2425,58,1282,SARASOTA,TATUM RIDGE ELEMENTARY SCHOOL,Z,N
2425,58,1291,SARASOTA,WOODLAND MIDDLE SCHOOL,Z,N
2425,58,1308,SARASOTA,EASTER SEALS SOUTHWEST FLORIDA INC DBA THE LILY SCHOOL FOR CHILD DEVELOPMENT,Z,N
2425,58,1311,SARASOTA,OAK PARK SOUTH,Z,N
2425,58,1321,SARASOTA,CHILDREN FIRST,Z,N
2425,58,1322,SARASOTA,CHILDREN'S HAVEN,Z,N
2425,58,1323,SARASOTA,"PINNACLE ACADEMY, INC.",Z,N
2425,58,1324,SARASOTA,THE FLORIDA CENTER FOR CHILD AND FAMILY DEVELOPMENT,Z,N
2425,58,1331,SARASOTA,COASTAL BEHAVIORAL HEALTHCARE RESIDENTIAL TREATMENT CENTER,Z,N
2425,58,1341,SARASOTA,LAMARQUE ELEMENTARY SCHOOL,Z,Y
2425,58,1351,SARASOTA,"COMMUNITY HAVEN FOR ADULTS AND CHILDREN WITH DISABILITIES, INC.",Z,N
2425,58,1391,SARASOTA,SUNCOAST POLYTECHNICAL HIGH SCHOOL,Z,N
2425,58,1501,SARASOTA,COLLEGE PREPARATORY ACADEMY AT WELLEN PARK,R,N
2425,58,1502,SARASOTA,WELLEN PARK HIGH SCHOOL,Z,N
2425,58,1503,SARASOTA,SKYE RANCH SCHOOL,Z,N
2425,58,3450,SARASOTA,PERSONALIZED EDUCATION PROGRAM,Z,N
2425,58,3518,SARASOTA,MCKAY SCHOLARSHIP/SCHOOL OF ENROLLMENT,Z,N
2425,58,3818,SARASOTA,OPPORTUNITY SCHOLARSHIP/SCHOOL OF ENROLLMENT,Z,N
2425,58,3900,SARASOTA,FAMILY EMPOWERMENT SCHOLARSHIP PROGRAM,Z,N
2425,58,7001,SARASOTA,SARASOTA VIRTUAL INSTRUCTION PROGRAM,Z,N
2425,58,7004,SARASOTA,SARASOTA VIRTUAL ACADEMY (VIRTUAL FRANCHISE),Z,N
2425,58,7006,SARASOTA,SARASOTA VIRTUAL INSTRUCTION (COURSE OFFERINGS),Z,N
2425,58,7023,SARASOTA,FUTURE VIRTUAL SCHOOL,Z,N
2425,58,9001,SARASOTA,SARASOTA DISTRICT OFFICE,Z,N
2425,58,9045,SARASOTA,CONTRACTED RESIDENTIAL SERVICES,Z,N
2425,58,9997,SARASOTA,MIGRANT NON-ENROLLED STUDENTS,Z,N
2425,58,9998,SARASOTA,HOME EDUCATION PROGRAM STUDENTS,Z,N
2425,59,21,SEMINOLE,HAMILTON ELEMENTARY SCHOOL,Z,Y
2425,59,31,SEMINOLE,BEAR LAKE ELEMENTARY SCHOOL,Z,N
2425,59,41,SEMINOLE,ENGLISH ESTATES ELEMENTARY SCHOOL,Z,Y
2425,59,51,SEMINOLE,GENEVA ELEMENTARY SCHOOL,Z,N
2425,59,71,SEMINOLE,LAKE MARY HIGH SCHOOL,Z,N
2425,59,81,SEMINOLE,LAKE MARY ELEMENTARY SCHOOL,Z,N
2425,59,91,SEMINOLE,LONGWOOD ELEMENTARY SCHOOL,Z,Y
2425,59,101,SEMINOLE,MILWEE MIDDLE SCHOOL,Z,Y
2425,59,111,SEMINOLE,EVANS ELEMENTARY SCHOOL,Z,N
2425,59,121,SEMINOLE,LAYER ELEMENTARY SCHOOL,Z,N
2425,59,131,SEMINOLE,LAWTON ELEMENTARY SCHOOL,Z,N
2425,59,141,SEMINOLE,PINE CREST ELEMENTARY SCHOOL,Z,Y
2425,59,151,SEMINOLE,SANFORD MIDDLE SCHOOL,Z,N
2425,59,171,SEMINOLE,WALKER ELEMENTARY SCHOOL,Z,N
2425,59,181,SEMINOLE,SEMINOLE HIGH SCHOOL,Z,N
2425,59,182,SEMINOLE,MILLENNIUM MIDDLE SCHOOL,Z,Y
2425,59,201,SEMINOLE,SOUTH SEMINOLE MIDDLE SCHOOL,Z,Y
2425,59,202,SEMINOLE,CASSELBERRY ELEMENTARY SCHOOL,Z,Y
2425,59,231,SEMINOLE,WILSON ELEMENTARY SCHOOL,Z,N
2425,59,251,SEMINOLE,CROOMS ACADEMY OF INFORMATION TECHNOLOGY,Z,N
2425,59,271,SEMINOLE,GOLDSBORO ELEMENTARY MAGNET,Z,N
2425,59,281,SEMINOLE,HOPPER CENTER,Z,N
2425,59,291,SEMINOLE,JACKSON HEIGHTS MIDDLE SCHOOL,Z,N
2425,59,301,SEMINOLE,MIDWAY ELEMENTARY SCHOOL,Z,Y
2425,59,311,SEMINOLE,ENDEAVOR SCHOOL,Z,Y
2425,59,331,SEMINOLE,HIGHLANDS ELEMENTARY SCHOOL,Z,Y
2425,59,361,SEMINOLE,RAINBOW ELEMENTARY SCHOOL,Z,N
2425,59,391,SEMINOLE,WINTER SPRINGS ELEMENTARY SCHOOL,Z,Y
2425,59,401,SEMINOLE,SPRING LAKE ELEMENTARY SCHOOL,Z,Y
2425,59,421,SEMINOLE,OVIEDO HIGH SCHOOL,Z,N
2425,59,431,SEMINOLE,LYMAN HIGH SCHOOL,Z,N
2425,59,441,SEMINOLE,CARILLON ELEMENTARY SCHOOL,Z,N
2425,59,491,SEMINOLE,LAKE BRANTLEY HIGH SCHOOL,Z,N
2425,59,501,SEMINOLE,TEAGUE MIDDLE SCHOOL,Z,Y
2425,59,502,SEMINOLE,FOREST CITY ELEMENTARY SCHOOL,Z,Y
2425,59,511,SEMINOLE,RED BUG ELEMENTARY SCHOOL,Z,N
2425,59,521,SEMINOLE,IDYLLWILDE ELEMENTARY SCHOOL,Z,Y
2425,59,531,SEMINOLE,EASTBROOK ELEMENTARY SCHOOL,Z,Y
2425,59,541,SEMINOLE,TUSKAWILLA MIDDLE SCHOOL,Z,N
2425,59,551,SEMINOLE,LAKE HOWELL HIGH SCHOOL,Z,N
2425,59,561,SEMINOLE,ALTAMONTE ELEMENTARY SCHOOL,Z,Y
2425,59,571,SEMINOLE,JOURNEYS ACADEMY,Z,Y
2425,59,581,SEMINOLE,SABAL POINT ELEMENTARY SCHOOL,Z,N
2425,59,591,SEMINOLE,WOODLANDS ELEMENTARY SCHOOL,Z,N
2425,59,601,SEMINOLE,LAKE ORIENTA ELEMENTARY SCHOOL,Z,Y
2425,59,611,SEMINOLE,STERLING PARK ELEMENTARY SCHOOL,Z,N
2425,59,621,SEMINOLE,ROCK LAKE MIDDLE SCHOOL,Z,N
2425,59,651,SEMINOLE,WEKIVA ELEMENTARY SCHOOL,Z,N
2425,59,661,SEMINOLE,KEETH ELEMENTARY SCHOOL,Z,N
2425,59,671,SEMINOLE,GREENWOOD LAKES MIDDLE SCHOOL,Z,Y
2425,59,681,SEMINOLE,STENSTROM ELEMENTARY SCHOOL,Z,N
2425,59,691,SEMINOLE,HEATHROW ELEMENTARY SCHOOL,Z,N
2425,59,701,SEMINOLE,PARTIN ELEMENTARY SCHOOL,Z,N
2425,59,711,SEMINOLE,INDIAN TRAILS MIDDLE SCHOOL,Z,N
2425,59,721,SEMINOLE,CHILES MIDDLE SCHOOL,Z,N
2425,59,731,SEMINOLE,MARKHAM WOODS MIDDLE SCHOOL,Z,N
2425,59,801,SEMINOLE,BENTLEY ELEMENTARY SCHOOL,Z,Y
2425,59,811,SEMINOLE,WICKLOW ELEMENTARY SCHOOL,Z,Y
2425,59,821,SEMINOLE,CRYSTAL LAKE ELEMENTARY SCHOOL,Z,N
2425,59,911,SEMINOLE,WINTER SPRINGS HIGH SCHOOL,Z,N
2425,59,921,SEMINOLE,QUEST ACADEMY,Z,N
2425,59,931,SEMINOLE,HAGERTY HIGH SCHOOL,Z,N
2425,59,3450,SEMINOLE,PERSONALIZED EDUCATION PROGRAM,Z,N
2425,59,3518,SEMINOLE,MCKAY SCHOLARSHIP/SCHOOL OF ENROLLMENT,Z,N
2425,59,3818,SEMINOLE,OPPORTUNITY SCHOLARSHIP/SCHOOL OF ENROLLMENT,Z,N
2425,59,3900,SEMINOLE,FAMILY EMPOWERMENT SCHOLARSHIP PROGRAM,Z,N
2425,59,7001,SEMINOLE,SEMINOLE VIRTUAL INSTRUCTION PROGRAM (SVIP),Z,N
2425,59,7004,SEMINOLE,A SEMINOLE COUNTY VIRTUAL SCHOOL,Z,N
2425,59,7006,SEMINOLE,A SEMINOLE COUNTY VIRTUAL SCHOOL,Z,N
2425,59,7023,SEMINOLE,A SEMINOLE COUNTY VIRTUAL SCHOOL,Z,N
2425,59,9001,SEMINOLE,SEMINOLE DISTRICT OFFICE,Z,N
2425,59,9014,SEMINOLE,DISTRIBUTION SERVICES,Z,N
2425,59,9045,SEMINOLE,CONTRACTED RESIDENTIAL SERVICES,Z,N
2425,59,9206,SEMINOLE,SEMINOLE COUNTY DETENTION CENTER,Z,N
2425,59,9207,SEMINOLE,HOSPITAL HOMEBOUND PROGRAM,Z,N
2425,59,9215,SEMINOLE,BOYS TOWN,Z,N
2425,59,9216,SEMINOLE,SCPS GROVE,Z,N
2425,59,9217,SEMINOLE,SCPS SEMINOLE ALTERNATIVES,Z,N
2425,59,9218,SEMINOLE,TAPP CHILDCARE CENTER,Z,N
2425,59,9219,SEMINOLE,SOUTH SEMINOLE HOSPITAL,Z,N
2425,59,9220,SEMINOLE,SCPS GROVE UNIQUE YOUTH SERVICES,Z,N
2425,59,9221,SEMINOLE,MCKAY SCHOLARSHIPS,Z,N
2425,59,9222,SEMINOLE,RAYS OF HOPE CHARTER SCHOOL,R,N
2425,59,9223,SEMINOLE,SCPS ANNEX,Z,N
2425,59,9224,SEMINOLE,SCPS CONSEQUENCE UNIT,Z,Y
2425,59,9225,SEMINOLE,JOHN POLK ALTERNATIVE SCHOOL,Z,Y
2425,59,9226,SEMINOLE,DEVON CHARTER SCHOOL                     (INACTIVE 08/02),R,N
2425,59,9227,SEMINOLE,CYBER HIGH CHARTER SCHOOL                    (INACTIVE 09/02),R,N
2425,59,9228,SEMINOLE,UCP SEMINOLE CHILD DEVELOPMENT,R,Y
2425,59,9229,SEMINOLE,CHOICES IN LEARNING CHARTER,R,N
2425,59,9230,SEMINOLE,SCPS GOALS II,Z,N
2425,59,9232,SEMINOLE,SCPS FIRST STEP IV,Z,N
2425,59,9233,SEMINOLE,GALILEO SCHOOL FOR GIFTED LEARNING,R,N
2425,59,9234,SEMINOLE,SEMINOLE COUNTY DETENTION CENTER,Z,Y
2425,59,9235,SEMINOLE,SCPS EARLY LEARNING CENTER,Z,N
2425,59,9236,SEMINOLE,SEMINOLE SCIENCE CHARTER SCHOOL,R,N
2425,59,9255,SEMINOLE,GALILEO SCHOOL FOR GIFTED LEARNING SKYWAY,R,N
2425,59,9263,SEMINOLE,ELEVATION HIGH SCHOOL,R,N
2425,59,9705,SEMINOLE,CONTRACTED SERVICES,Z,N
2425,59,9904,SEMINOLE,PK EARLY INTERVENTION,Z,N
2425,59,9997,SEMINOLE,MIGRANT NON-ENROLLED STUDENTS,Z,N
2425,59,9998,SEMINOLE,HOME EDUCATION PROGRAM STUDENTS,Z,N
2425,60,21,SUMTER,SUMTER PROFESSIONAL CENTER & EARLY LEARNING ACADEMY,Z,N
2425,60,31,SUMTER,BUSHNELL ELEMENTARY SCHOOL,Z,Y
2425,60,42,SUMTER,SOUTH SUMTER MIDDLE SCHOOL,Z,Y
2425,60,51,SUMTER,WEBSTER ELEMENTARY SCHOOL,Z,Y
2425,60,60,SUMTER,SUMTER MIGRANT SCHOOL,Z,N
2425,60,82,SUMTER,WILDWOOD MIDDLE SCHOOL,Z,N
2425,60,91,SUMTER,NORTH SUMTER PRIMARY SCHOOL,Z,N
2425,60,102,SUMTER,WILDWOOD ELEMENTARY SCHOOL,Z,Y
2425,60,106,SUMTER,WILDWOOD INTERMEDIATE SCHOOL,Z,Y
2425,60,161,SUMTER,WILDWOOD MIDDLE/ HIGH SCHOOL,Z,Y
2425,60,171,SUMTER,SOUTH SUMTER HIGH SCHOOL,Z,N
2425,60,181,SUMTER,LAKE PANASOFFKEE ELEMENTARY SCHOOL,Z,Y
2425,60,191,SUMTER,SUMTER COUNTY ADULT CENTER,Z,N
2425,60,902,SUMTER,COUNTY WIDE SPECIAL EDUCATION,Z,N
2425,60,2001,SUMTER,VILLAGES CHARTER SCHOOL,R,N
2425,60,2002,SUMTER,THE VILLAGES CHARTER SCHOOL AUTISM CENTER LLC,R,N
2425,60,2005,SUMTER,VILLAGES CHARTER MIDDLE SCHOOL,R,N
2425,60,2011,SUMTER,THE VILLAGES CHARTER HIGH,R,N
2425,60,3001,SUMTER,SUMTER PREP ACADEMY,Z,Y
2425,60,3005,SUMTER,EXCEL ALTERNATIVES NORTH,Z,N
2425,60,3450,SUMTER,PERSONALIZED EDUCATION PROGRAM,Z,N
2425,60,3518,SUMTER,MCKAY SCHOLARSHIP/SCHOOL OF ENROLLMENT,Z,N
2425,60,3818,SUMTER,OPPORTUNITY SCHOLARSHIP/SCHOOL OF ENROLLMENT,Z,N
2425,60,3900,SUMTER,FAMILY EMPOWERMENT SCHOLARSHIP PROGRAM,Z,N
2425,60,7001,SUMTER,SUMTER COUNTY VIRTUAL INSTRUCTION PROGRAM,Z,N
2425,60,7004,SUMTER,SUMTER VIRTUAL FRANCHISE,Z,N
2425,60,7006,SUMTER,SUMTER VIRTUAL INSTRUCTION (COURSE OFFERINGS),Z,N
2425,60,7023,SUMTER,FUTURE VIRTUAL SCHOOL,Z,N
2425,60,9001,SUMTER,SUMTER DISTRICT OFFICE,Z,N
2425,60,9002,SUMTER,WEST STREET SCHOOL,Z,N
2425,60,9045,SUMTER,CONTRACTED RESIDENTIAL SERVICES,Z,N
2425,60,9997,SUMTER,MIGRANT NON-ENROLLED STUDENTS,Z,N
2425,60,9998,SUMTER,HOME EDUCATION PROGRAM STUDENTS,Z,N
2425,61,9,SUWANNEE,TEEN PARENT BABIES,Z,N
2425,61,10,SUWANNEE,COMMUNITY BASE SERVICE STUDENTS,Z,N
2425,61,11,SUWANNEE,SUWANNEE RIVERSIDE ELEMENTARY,Z,Y
2425,61,12,SUWANNEE,RIVEROAK TECHNICAL COLLEGE,Z,N
2425,61,21,SUWANNEE,DOUGLASS CENTER,Z,N
2425,61,42,SUWANNEE,SUWANNEE SPRINGCREST ELEMENTARY,Z,Y
2425,61,43,SUWANNEE,SUWANNEE HIGH SCHOOL,Z,Y
2425,61,51,SUWANNEE,SUWANNEE MIDDLE SCHOOL,Z,N
2425,61,60,SUWANNEE,SUWANNEE PINEVIEW ELEMENTARY,Z,Y
2425,61,62,SUWANNEE,PARSHLEY STREET CENTER FOR ALTERNATIVE EDUCATION,Z,N
2425,61,63,SUWANNEE,SUWANNEE OPPORTUNITY SCHOOL,Z,Y
2425,61,89,SUWANNEE,BRANFORD ELEMENTARY SCHOOL,Z,N
2425,61,91,SUWANNEE,BRANFORD HIGH SCHOOL,Z,Y
2425,61,111,SUWANNEE,PROJECT STAR,Z,N
2425,61,3450,SUWANNEE,PERSONALIZED EDUCATION PROGRAM,Z,N
2425,61,3518,SUWANNEE,MCKAY SCHOLARSHIP/SCHOOL OF ENROLLMENT,Z,N
2425,61,3818,SUWANNEE,OPPORTUNITY SCHOLARSHIP/SCHOOL OF ENROLLMENT,Z,N
2425,61,3900,SUWANNEE,FAMILY EMPOWERMENT SCHOLARSHIP PROGRAM,Z,N
2425,61,7001,SUWANNEE,SUWANNEE VIRTUAL INSTRUCTION PROGRAM,Z,N
2425,61,7004,SUWANNEE,SUWANNEE VIRTUAL FRANCHISE,Z,N
2425,61,7006,SUWANNEE,SUWANNEE VIRTUAL SCHOOL FLEX,Z,N
2425,61,7023,SUWANNEE,SUWANNEE VIRTUAL SCHOOL,Z,N
2425,61,9001,SUWANNEE,SUWANNEE DISTRICT OFFICE,Z,N
2425,61,9002,SUWANNEE,SUWANNEE COUNTY SCHOOL BOARD,Z,N
2425,61,9003,SUWANNEE,DONALD RALPH COOKE SCHOOL,Z,N
2425,61,9045,SUWANNEE,CONTRACTED RESIDENTIAL SERVICES,Z,N
2425,61,9997,SUWANNEE,MIGRANT NON-ENROLLED STUDENTS,Z,N
2425,61,9998,SUWANNEE,HOME EDUCATION PROGRAM STUDENTS,Z,N
2425,62,31,TAYLOR,TAYLOR COUNTY MIDDLE SCHOOL,Z,Y
2425,62,32,TAYLOR,PERRY ELEMENTARY SCHOOL,Z,N
2425,62,41,TAYLOR,TAYLOR COUNTY ELEMENTARY SCHOOL,Z,Y
2425,62,51,TAYLOR,TAYLOR COUNTY PRE-K,Z,N
2425,62,111,TAYLOR,STEINHATCHEE SCHOOL,Z,Y
2425,62,121,TAYLOR,TECHNICAL LEARNING CENTER,Z,N
2425,62,131,TAYLOR,BIG BEND TECHNICAL COLLEGE,Z,N
2425,62,141,TAYLOR,TAYLOR COUNTY PRIMARY SCHOOL,Z,Y
2425,62,161,TAYLOR,TAYLOR COUNTY HIGH SCHOOL,Z,Y
2425,62,3450,TAYLOR,PERSONALIZED EDUCATION PROGRAM,Z,N
2425,62,3518,TAYLOR,MCKAY SCHOLARSHIP/SCHOOL OF ENROLLMENT,Z,N
2425,62,3818,TAYLOR,OPPORTUNITY SCHOLARSHIP/SCHOOL OF ENROLLMENT,Z,N
2425,62,3900,TAYLOR,FAMILY EMPOWERMENT SCHOLARSHIP PROGRAM,Z,N
2425,62,7001,TAYLOR,TAYLOR VIRTUAL INSTRUCTION PROGRAM,Z,N
2425,62,7004,TAYLOR,TAYLOR PAEC VIRTUAL FRANCHISE,Z,N
2425,62,7006,TAYLOR,FUTURE VIRTUAL SCHOOL,Z,N
2425,62,7023,TAYLOR,TAYLOR PAEC K-12,Z,N
2425,62,8001,TAYLOR,TAYLOR COUNTY JAIL SERVICES,Z,N
2425,62,8002,TAYLOR,TAYLOR COUNTY ACCELERATED SCHOOL,Z,N
2425,62,9001,TAYLOR,TAYLOR DISTRICT OFFICE,Z,N
2425,62,9045,TAYLOR,CONTRACTED RESIDENTIAL SERVICES,Z,N
2425,62,9997,TAYLOR,MIGRANT NON-ENROLLED STUDENTS,Z,N
2425,62,9998,TAYLOR,HOME EDUCATION PROGRAM STUDENTS,Z,N
2425,63,21,UNION,UNION COUNTY HIGH SCHOOL,Z,N
2425,63,22,UNION,LAKE BUTLER MIDDLE SCHOOL,Z,N
2425,63,23,UNION,UNION COUNTY ADULT HIGH SCHOOL,Z,N
2425,63,31,UNION,LAKE BUTLER ELEMENTARY SCHOOL,Z,Y
2425,63,1021,UNION,T.H.E. ACADEMY,R,N
2425,63,2021,UNION,THE OUTPOST,Z,N
2425,63,3450,UNION,PERSONALIZED EDUCATION PROGRAM,Z,N
2425,63,3518,UNION,MCKAY SCHOLARSHIP/SCHOOL OF ENROLLMENT,Z,N
2425,63,3818,UNION,OPPORTUNITY SCHOLARSHIP/SCHOOL OF ENROLLMENT,Z,N
2425,63,3900,UNION,FAMILY EMPOWERMENT SCHOLARSHIP PROGRAM,Z,N
2425,63,7001,UNION,UNION COUNTY VIRTUAL INSTRUCTION PROGRAM,Z,N
2425,63,7004,UNION,UNION VIRTUAL FRANCHISE,Z,N
2425,63,7006,UNION,UNION VIRTUAL INSTRUCTION (COURSE OFFERINGS),Z,N
2425,63,7021,UNION,UNION JUVENILE RESIDENTIAL FACILITY,Z,N
2425,63,7023,UNION,UNION VIRTUAL INSTRUCTION PROGRAM (DISTRICT PROVIDED),Z,N
2425,63,9001,UNION,UNION DISTRICT OFFICE,Z,N
2425,63,9045,UNION,CONTRACTED RESIDENTIAL SERVICES,Z,N
2425,63,9997,UNION,MIGRANT NON-ENROLLED STUDENTS,Z,N
2425,63,9998,UNION,HOME EDUCATION PROGRAM STUDENTS,Z,N
2425,64,344,VOLUSIA,BONNER ELEMENTARY SCHOOL,Z,N
2425,64,431,VOLUSIA,BOSTON AVENUE SCHOOL,Z,N
2425,64,621,VOLUSIA,BLUE LAKE ELEMENTARY SCHOOL,Z,Y
2425,64,734,VOLUSIA,TOMOKA ELEMENTARY SCHOOL,Z,N
2425,64,745,VOLUSIA,CAMPBELL MIDDLE SCHOOL,Z,Y
2425,64,761,VOLUSIA,PATHWAYS ELEMENTARY SCHOOL,Z,N
2425,64,821,VOLUSIA,PINE TRAIL ELEMENTARY SCHOOL,Z,N
2425,64,835,VOLUSIA,HOLLY HILL MIDDLE SCHOOL,Z,N
2425,64,949,VOLUSIA,CHISHOLM ELEMENTARY SCHOOL,Z,N
2425,64,1114,VOLUSIA,ORMOND BEACH ELEMENTARY SCHOOL,Z,Y
2425,64,1237,VOLUSIA,CORONADO BEACH ELEMENTARY SCHOOL,Z,N
2425,64,1453,VOLUSIA,DELAND HIGH SCHOOL,Z,N
2425,64,1491,VOLUSIA,WOODWARD AVENUE ELEMENTARY SCHOOL,Z,Y
2425,64,1531,VOLUSIA,DELAND MIDDLE SCHOOL,Z,Y
2425,64,1551,VOLUSIA,UNIVERSITY HIGH SCHOOL,Z,N
2425,64,1631,VOLUSIA,LOUISE S. MCINNIS ELEMENTARY SCHOOL,Z,Y
2425,64,1702,VOLUSIA,DELTONA MIDDLE SCHOOL,Z,Y
2425,64,1811,VOLUSIA,DELTONA LAKES ELEMENTARY SCHOOL,Z,Y
2425,64,1931,VOLUSIA,ENTERPRISE ELEMENTARY SCHOOL,Z,Y
2425,64,2021,VOLUSIA,OSTEEN ELEMENTARY SCHOOL,Z,Y
2425,64,2041,VOLUSIA,HIGHBANKS LEARNING CENTER,Z,Y
2425,64,2434,VOLUSIA,HIGHLANDS ELEMENTARYSCHOOL,Z,N
2425,64,2451,VOLUSIA,PALM TERRACE ELEMENTARY SCHOOL,Z,Y
2425,64,2574,VOLUSIA,HILLCREST (EXCEPTIONAL CHILD) -,Z,N
2425,64,2721,VOLUSIA,HOLLY HILL SCHOOL,Z,Y
2425,64,2734,VOLUSIA,CHAMPION ELEMENTARY SCHOOL,Z,Y
2425,64,2774,VOLUSIA,HILLCREST VOCATIONAL CENTER,Z,N
2425,64,3031,VOLUSIA,MINERVA BOND LONG-LAKE HELEN ELEMENTARY SCHOOL,Z,N
2425,64,3234,VOLUSIA,R. J. LONGSTREET ELEMENTARY SCHOOL,Z,Y
2425,64,3251,VOLUSIA,WESTSIDE ELEMENTARY SCHOOL,Z,Y
2425,64,3431,VOLUSIA,SILVER SANDS MIDDLE SCHOOL,Z,Y
2425,64,3436,VOLUSIA,MAINLAND HIGH SCHOOL,Z,Y
2425,64,3450,VOLUSIA,PERSONALIZED EDUCATION PROGRAM,Z,N
2425,64,3451,VOLUSIA,HORIZON ELEMENTARY SCHOOL,Z,Y
2425,64,3518,VOLUSIA,MCKAY SCHOLARSHIP/SCHOOL OF ENROLLMENT,Z,N
2425,64,3631,VOLUSIA,GEORGE W. MARKS ELEMENTARY SCHOOL,Z,Y
2425,64,3651,VOLUSIA,INDIAN RIVER ELEMENTARY SCHOOL,Z,Y
2425,64,3697,VOLUSIA,EDGEWATER PUBLIC SCHOOL,Z,Y
2425,64,3818,VOLUSIA,OPPORTUNITY SCHOLARSHIP/SCHOOL OF ENROLLMENT,Z,N
2425,64,3839,VOLUSIA,NEW SMYRNA BEACH HIGH SCHOOL,Z,N
2425,64,3900,VOLUSIA,FAMILY EMPOWERMENT SCHOLARSHIP PROGRAM,Z,N
2425,64,3931,VOLUSIA,NEW SMYRNA BEACH MIDDLE SCHOOL,Z,N
2425,64,4037,VOLUSIA,W. F. BURNS OAK HILL ELEMENTARY,Z,N
2425,64,4131,VOLUSIA,ORANGE CITY ELEMENTARY SCHOOL,Z,Y
2425,64,4235,VOLUSIA,ORMOND BEACH MIDDLE SCHOOL,Z,N
2425,64,4334,VOLUSIA,ORTONA ELEMENTARY SCHOOL,Z,N
2425,64,4436,VOLUSIA,SPRUCE CREEK HIGH SCHOOL,Z,N
2425,64,4531,VOLUSIA,SPRUCE CREEK ELEMENTARY SCHOOL,Z,Y
2425,64,4621,VOLUSIA,SUGAR MILL ELEMENTARY SCHOOL,Z,Y
2425,64,4634,VOLUSIA,BEACHSIDE ELEMENTARY SCHOOL,Z,Y
2425,64,4831,VOLUSIA,PIERSON ELEMENTARY SCHOOL,Z,Y
2425,64,4934,VOLUSIA,PORT ORANGE ELEMENTARY SCHOOL,Z,Y
2425,64,4941,VOLUSIA,ATLANTIC HIGH SCHOOL,Z,Y
2425,64,4951,VOLUSIA,SWEETWATER ELEMENTARY SCHOOL,Z,N
2425,64,5037,VOLUSIA,READ-PATTILLO ELEMENTARY SCHOOL,Z,Y
2425,64,5434,VOLUSIA,RIVERVIEW LEARNING CENTER,Z,Y
2425,64,5637,VOLUSIA,SAMSULA ELEMENTARY SCHOOL,Z,N
2425,64,5836,VOLUSIA,SEABREEZE HIGH SCHOOL,Z,N
2425,64,6031,VOLUSIA,SEVILLE PUBLIC SCHOOL,Z,N
2425,64,6144,VOLUSIA,TURIE T. SMALL ELEMENTARY SCHOOL,Z,Y
2425,64,6234,VOLUSIA,SOUTH DAYTONA ELEMENTARY SCHOOL,Z,Y
2425,64,6343,VOLUSIA,SOUTHWESTERN MIDDLE SCHOOL,Z,Y
2425,64,6441,VOLUSIA,EDITH I. STARKE ELEMENTARY SCHOOL,Z,Y
2425,64,6633,VOLUSIA,T. DEWITT TAYLOR MIDDLE-HIGH SCHOOL,Z,Y
2425,64,6741,VOLUSIA,BICENTENNIAL PARK,Z,N
2425,64,6751,VOLUSIA,DISCOVERY ELEMENTARY SCHOOL,Z,Y
2425,64,6761,VOLUSIA,DELTONA HIGH SCHOOL,Z,Y
2425,64,6771,VOLUSIA,TEEN PARENT - EAST                        (INACTIVE 09/02),Z,N
2425,64,6781,VOLUSIA,TIMBERCREST ELEMENTARY SCHOOL,Z,Y
2425,64,6791,VOLUSIA,GALAXY MIDDLE SCHOOL,Z,Y
2425,64,6831,VOLUSIA,TEEN PARENT - WEST,Z,N
2425,64,6841,VOLUSIA,SUNRISE ELEMENTARY SCHOOL,Z,Y
2425,64,6851,VOLUSIA,FRIENDSHIP ELEMENTARY SCHOOL,Z,Y
2425,64,6871,VOLUSIA,VOLUSIA PINES ELEMENTARY SCHOOL,Z,Y
2425,64,6881,VOLUSIA,PINE RIDGE HIGH SCHOOL,Z,Y
2425,64,6891,VOLUSIA,THE READING EDGE ACADEMY,R,N
2425,64,7001,VOLUSIA,VOLUSIA COUNTY VIRTUAL INSTRUCTION PROGRAM,Z,N
2425,64,7004,VOLUSIA,VOLUSIA ONLINE LEARNING-FLVS (FRANCHISE),Z,N
2425,64,7006,VOLUSIA,VOLUSIA VIRTUAL INSTRUCTION (COURSE OFFERINGS),Z,N
2425,64,7023,VOLUSIA,VOLUSIA VIRTUAL INSTRUCTION PROGRAM DISTRICT PROVIDED,Z,N
2425,64,7621,VOLUSIA,IVY HAWN CHARTER SCHOOL OF THE ARTS,R,N
2425,64,7631,VOLUSIA,BURNS SCIENCE AND TECHNOLOGY CHARTER SCHOOL,R,N
2425,64,7641,VOLUSIA,READING STAR ACADEMY OF EXCELLENCE,R,N
2425,64,7721,VOLUSIA,FRANK SGANGA CHARTER SCHOOL,R,N
2425,64,7731,VOLUSIA,STRATFORD EDUCATIONAL INSTITUTE CHARTER SCHOOL,R,N
2425,64,7741,VOLUSIA,RIVER SPRINGS MIDDLE SCHOOL,Z,N
2425,64,7751,VOLUSIA,FOREST LAKE ELEMENTARY SCHOOL,Z,Y
2425,64,7761,VOLUSIA,DEBARY ELEMENTARY SCHOOL,Z,N
2425,64,7771,VOLUSIA,HERITAGE MIDDLE SCHOOL,Z,Y
2425,64,7781,VOLUSIA,FREEDOM ELEMENTARY SCHOOL,Z,N
2425,64,7791,VOLUSIA,CREEKSIDE MIDDLE SCHOOL,Z,N
2425,64,7821,VOLUSIA,ADVANCED TECHNOLOGY COLLEGE,T,N
2425,64,7831,VOLUSIA,DAVID C. HINSON SR. MIDDLE SCHOOL,Z,N
2425,64,7841,VOLUSIA,THE CHILES ACADEMY,C,Y
2425,64,7861,VOLUSIA,COMMUNITY LEARNING CENTER WEST,Z,N
2425,64,7871,VOLUSIA,SPIRIT ELEMENTARY SCHOOL,Z,Y
2425,64,7881,VOLUSIA,MANATEE COVE ELEMENTARY SCHOOL,Z,Y
2425,64,7891,VOLUSIA,RICHARD MILBURN ACADEMY,R,Y
2425,64,7892,VOLUSIA,RICHARD MILBURN ACADEMY MIDDLE SCHOOL,R,N
2425,64,7921,VOLUSIA,CYPRESS CREEK ELEMENTARY SCHOOL,Z,N
2425,64,7931,VOLUSIA,PRIDE ELEMENTARY SCHOOL,Z,Y
2425,64,7941,VOLUSIA,COMMUNITY LEARNING CENTER EAST,Z,N
2425,64,7951,VOLUSIA,SAMSULA ACADEMY,R,N
2425,64,7961,VOLUSIA,BOSTON AVENUE CHARTER SCHOOL,R,N
2425,64,7981,VOLUSIA,CITRUS GROVE ELEMENTARY SCHOOL,Z,Y
2425,64,7991,VOLUSIA,RICHARD MILBURN ACADEMY WEST,R,N
2425,64,8011,VOLUSIA,STEWART MARCHMAN CENTER/PINES,Z,N
2425,64,8021,VOLUSIA,THE TERRACE HALFWAY HOUSE                       (INACTIVE 01/03),Z,N
2425,64,8031,VOLUSIA,AMIKIDS VOLUSIA,Z,N
2425,64,8061,VOLUSIA,STEWART MARCHMAN CENTER/OAKS,Z,N
2425,64,9001,VOLUSIA,VOLUSIA DISTRICT OFFICE,Z,N
2425,64,9029,VOLUSIA,PREK E.I.-UCCI-CONTRACTED                    (INACTIVE 09/02),Z,N
2425,64,9030,VOLUSIA,COOPERATIVE ALTERNATIVE PROGRAM FOR SUCCESS,Z,N
2425,64,9036,VOLUSIA,PREK E.I.-DBCC-CONTRACTED                 (INACTIVE 09/02),Z,N
2425,64,9040,VOLUSIA,HALIFAX CONVALESCENCE,Z,N
2425,64,9044,VOLUSIA,VOLUSIA HALFWAY HOUSE,Z,N
2425,64,9045,VOLUSIA,CONTRACTED RESIDENTIAL SERVICES,Z,N
2425,64,9046,VOLUSIA,PK CHILD CARE PROGRAM,Z,N
2425,64,9800,VOLUSIA,HOSPITAL/HOMEBOUND,Z,N
2425,64,9801,VOLUSIA,VOLUSIA REGIONAL JUVENILE DETENTION CENTER,Z,N
2425,64,9802,VOLUSIA,HALIFAX BEHAVIORAL SERVICES,Z,Y
2425,64,9803,VOLUSIA,BOOT CAMP,Z,N
2425,64,9804,VOLUSIA,STATE MIGRANT PROJECT,Z,N
2425,64,9805,VOLUSIA,STATE MIGRANT PK,Z,N
2425,64,9806,VOLUSIA,"JUVENILE SERVICES PROGRAM, INC.",Z,N
2425,64,9808,VOLUSIA,PACE CENTER FOR GIRLS,Z,Y
2425,64,9809,VOLUSIA,SMC WESTSIDE AFTERCARE PROGRAM,Z,N
2425,64,9810,VOLUSIA,ELEARNING EAST,Z,N
2425,64,9811,VOLUSIA,VOLUSIA-FLAGLER THRESHOLD PROGRAM,Z,N
2425,64,9812,VOLUSIA,SMC EASTSIDE AFTERCARE PROGRAM,Z,N
2425,64,9813,VOLUSIA,TIMBERLINE HALFWAY HOUSE                        (INACTIVE 01/03),Z,N
2425,64,9814,VOLUSIA,EASTER SEAL PRE-K PROGRAM,Z,N
2425,64,9815,VOLUSIA,THE DISCOVERY CENTER,Z,N
2425,64,9816,VOLUSIA,EDGE PROGRAM,Z,N
2425,64,9817,VOLUSIA,DAYTONA JUVENILE RESIDENTIAL FACILITY,Z,N
2425,64,9820,VOLUSIA,TRANSITIONS DAY TREATMENT,Z,N
2425,64,9821,VOLUSIA,ELEARNING WEST,Z,N
2425,64,9830,VOLUSIA,ESE RELATED SERVICES,Z,N
2425,64,9850,VOLUSIA,HOSPITAL HOMEBOUND,Z,N
2425,64,9860,VOLUSIA,CATAPULT ACADEMY,Z,N
2425,64,9870,VOLUSIA,LEGACY SCHOLARS ACADEMY,Z,Y
2425,64,9892,VOLUSIA,STEWART TREATMENT CENTER,Z,Y
2425,64,9893,VOLUSIA,YOUTH ALTERNATIVES CENTER,Z,N
2425,64,9894,VOLUSIA,DEPT. OF CORRECTIONS EDUCATIONAL PROGRAM,Z,Y
2425,64,9895,VOLUSIA,"EASTER SEALS CHILD DEVELOPMENT CENTER, DAYTONA BEACH",R,N
2425,64,9897,VOLUSIA,"EASTER SEALS CHILD DEVELOPMENT CENTER, DELAND",R,N
2425,64,9898,VOLUSIA,EASTER SEALS CHILD DEVELOPMENT CENTER-DELTONA,R,N
2425,64,9997,VOLUSIA,MIGRANT NON-ENROLLED STUDENTS,Z,N
2425,64,9998,VOLUSIA,HOME EDUCATION PROGRAM STUDENTS,Z,N
2425,65,5,WAKULLA,WAKULLA COAST CHARTER SCHOOL OF ARTS SCIENCE & TECHNOLOGY,R,Y
2425,65,11,WAKULLA,MEDART ELEMENTARY SCHOOL,Z,Y
2425,65,12,WAKULLA,RIVERSPRINGS MIDDLE SCHOOL,Z,N
2425,65,15,WAKULLA,RIVERSINK ELEMENTARY SCHOOL,Z,Y
2425,65,21,WAKULLA,WAKULLA INSTITUTE,Z,N
2425,65,22,WAKULLA,ALTERNATIVE HIGH SCHOOL PROGRAM,Z,N
2425,65,23,WAKULLA,WAKULLA COUNTY PRE K PROGRAM,Z,N
2425,65,31,WAKULLA,CRAWFORDVILLE ELEMENTARY SCHOOL,Z,Y
2425,65,41,WAKULLA,ADULT/COMMUNITY EDUCATION,Z,N
2425,65,71,WAKULLA,WAKULLA HIGH SCHOOL,Z,N
2425,65,72,WAKULLA,DISTRICT PRE-K PROGRAMS,Z,N
2425,65,81,WAKULLA,WAKULLA MIDDLE SCHOOL,Z,N
2425,65,91,WAKULLA,SHADEVILLE ELEMENTARY SCHOOL,Z,Y
2425,65,3450,WAKULLA,PERSONALIZED EDUCATION PROGRAM,Z,N
2425,65,3518,WAKULLA,MCKAY SCHOLARSHIP/SCHOOL OF ENROLLMENT,Z,N
2425,65,3818,WAKULLA,OPPORTUNITY SCHOLARSHIP/SCHOOL OF ENROLLMENT,Z,N
2425,65,3900,WAKULLA,FAMILY EMPOWERMENT SCHOLARSHIP PROGRAM,Z,N
2425,65,7001,WAKULLA,WAKULLA COUNTY VIRTUAL INSTRUCTION PROGRAM,Z,N
2425,65,7004,WAKULLA,WAKULLA VIRTUAL FRANCHISE,Z,N
2425,65,7006,WAKULLA,FUTURE VIRTUAL SCHOOL,Z,N
2425,65,7023,WAKULLA,WAKULLA VIRTUAL SCHOOL,Z,N
2425,65,9001,WAKULLA,WAKULLA DISTRICT OFFICE,Z,N
2425,65,9045,WAKULLA,CONTRACTED RESIDENTIAL SERVICES,Z,N
2425,65,9046,WAKULLA,TEEN PARENT PK CHILD CARE PROGRAM,Z,N
2425,65,9997,WAKULLA,MIGRANT NON-ENROLLED STUDENTS,Z,N
2425,65,9998,WAKULLA,HOME EDUCATION PROGRAM STUDENTS,Z,N
2425,66,61,WALTON,WEST DEFUNIAK ELEMENTARY SCHOOL,Z,Y
2425,66,71,WALTON,WALTON COUNTY ESE CENTER,Z,N
2425,66,101,WALTON,PAXTON SCHOOL,Z,N
2425,66,120,WALTON,OPTIONS ALTERNATIVE EDUCATION SCHOOL,Z,N
2425,66,141,WALTON,FREEPORT SENIOR HIGH SCHOOL,Z,N
2425,66,146,WALTON,FREEPORT MIDDLE SCHOOL,Z,N
2425,66,151,WALTON,VAN R. BUTLER ELEMENTARY SCHOOL,Z,N
2425,66,152,WALTON,EMERALD COAST MIDDLE SCHOOL,Z,N
2425,66,153,WALTON,SOUTH WALTON HIGH SCHOOL,Z,N
2425,66,154,WALTON,DUNE LAKES ELEMENTARY SCHOOL,Z,N
2425,66,156,WALTON,BAY MIDDLE SCHOOL                  (INACTIVE 07/02),Z,N
2425,66,200,WALTON,FREEPORT LEARNING CENTER,Z,N
2425,66,201,WALTON,WALTON MIDDLE SCHOOL,Z,Y
2425,66,245,WALTON,MAGNET INNOVATION CENTER,Z,N
2425,66,261,WALTON,MOSSY HEAD SCHOOL,Z,Y
2425,66,271,WALTON,WALTON HIGH SCHOOL,Z,N
2425,66,281,WALTON,MAUDE SAUNDERS ELEMENTARY SCHOOL,Z,Y
2425,66,282,WALTON,WALTON INITIATIVE FOR SUCCESS IN EDUCATION (WISE),Z,N
2425,66,291,WALTON,FREEPORT ELEMENTARY SCHOOL,Z,Y
2425,66,292,WALTON,BAY SCHOOL,Z,N
2425,66,301,WALTON,EMERALD COAST TECHNICAL COLLEGE,Z,N
2425,66,402,WALTON,ADULT DIPLOMA PROGRAM,Z,N
2425,66,1110,WALTON,SEASIDE NEIGHBORHOOD SCHOOL,R,N
2425,66,1111,WALTON,"WALTON ACADEMY, INC.",R,Y
2425,66,1114,WALTON,CHAUTAUQUA LEARN AND SERVE AT THE ARC OF WALTON COUNTY,R,N
2425,66,2011,WALTON,WLC INTENSIVE HALFWAY HOUSE,Z,N
2425,66,2021,WALTON,WALTON LEARNING CENTER,Z,N
2425,66,3450,WALTON,PERSONALIZED EDUCATION PROGRAM,Z,N
2425,66,3518,WALTON,MCKAY SCHOLARSHIP/SCHOOL OF ENROLLMENT,Z,N
2425,66,3818,WALTON,OPPORTUNITY SCHOLARSHIP/SCHOOL OF ENROLLMENT,Z,N
2425,66,3900,WALTON,FAMILY EMPOWERMENT SCHOLARSHIP PROGRAM,Z,N
2425,66,7001,WALTON,WALTON VIRTUAL SCHOOL FULL TIME,Z,N
2425,66,7004,WALTON,WALTON VIRTUAL FRANCHISE,Z,N
2425,66,7006,WALTON,CONTRACT VIRTUAL SCHOOL,Z,N
2425,66,7023,WALTON,WALTON VIRTUAL SCHOOL WCSD,Z,N
2425,66,9001,WALTON,WALTON DISTRICT OFFICE,Z,N
2425,66,9010,WALTON,WALTON COUNTY JAIL PROGRAM,Z,N
2425,66,9020,WALTON,NON-ENROLLED PREK,Z,N
2425,66,9045,WALTON,CONTRACTED RESIDENTIAL SERVICES,Z,N
2425,66,9997,WALTON,MIGRANT NON-ENROLLED STUDENTS,Z,N
2425,66,9998,WALTON,HOME EDUCATION PROGRAM STUDENTS,Z,N
2425,67,11,WASHINGTON,WASHINGTON COUNTY PROG/ECKERD,Z,N
2425,67,21,WASHINGTON,CHIPLEY HIGH SCHOOL,Z,Y
2425,67,31,WASHINGTON,WASHINGTON VPK CENTER,Z,N
2425,67,41,WASHINGTON,KATE M. SMITH ELEMENTARY SCHOOL,Z,Y
2425,67,51,WASHINGTON,VERNON HIGH SCHOOL,Z,Y
2425,67,52,WASHINGTON,VERNON MIDDLE SCHOOL,Z,Y
2425,67,101,WASHINGTON,ROULHAC MIDDLE SCHOOL,Z,Y
2425,67,123,WASHINGTON,WASHINGTON ACADEMY OF VARYING EXCEPTIONALITIES (WAVE),Z,N
2425,67,141,WASHINGTON,FLORIDA PANHANDLE TECHNICAL COLLEGE,Z,N
2425,67,151,WASHINGTON,VERNON ELEMENTARY SCHOOL,Z,Y
2425,67,152,WASHINGTON,WASHINGTON INSTITUTE FOR SPECIALIZED EDUCATION,Z,N
2425,67,301,WASHINGTON,DOZIER II,Z,N
2425,67,3450,WASHINGTON,PERSONALIZED EDUCATION PROGRAM,Z,N
2425,67,3518,WASHINGTON,MCKAY SCHOLARSHIP/SCHOOL OF ENROLLMENT,Z,N
2425,67,3818,WASHINGTON,OPPORTUNITY SCHOLARSHIP/SCHOOL OF ENROLLMENT,Z,N
2425,67,3900,WASHINGTON,FAMILY EMPOWERMENT SCHOLARSHIP PROGRAM,Z,N
2425,67,6911,WASHINGTON,OKEECHOBEE YOUTH TREATMENT CENTER (OYTC),Z,N
2425,67,6916,WASHINGTON,OKEECHOBEE YOUTH CORRECTION CENTER (OYCC),Z,N
2425,67,7001,WASHINGTON,WASHINGTON VIRTUAL INSTRUCTION PROGRAM,Z,N
2425,67,7004,WASHINGTON,WASHINGTON VIRTUAL FRANCHISE,Z,N
2425,67,7006,WASHINGTON,FUTURE VIRTUAL SCHOOL,Z,N
2425,67,7023,WASHINGTON,FUTURE VIRTUAL SCHOOL,Z,N
2425,67,9001,WASHINGTON,WASHINGTON DISTRICT OFFICE,Z,N
2425,67,9008,WASHINGTON,PANHANDLE AREA EDUCATION CONSORTIUM,Z,N
2425,67,9023,WASHINGTON,DOZIER SCHOOL,Z,N
2425,67,9045,WASHINGTON,CONTRACTED RESIDENTIAL SERVICES,Z,N
2425,67,9055,WASHINGTON,THE VERNON PLACE,Z,N
2425,67,9997,WASHINGTON,MIGRANT NON-ENROLLED STUDENTS,Z,N
2425,67,9998,WASHINGTON,HOME EDUCATION PROGRAM STUDENTS,Z,N
2425,68,11,DEAF/BLIND,DEAF ELEMENTARY SCHOOL (FSDB),Z,Y
2425,68,12,DEAF/BLIND,DEAF MIDDLE SCHOOL (FSDB),Z,Y
2425,68,13,DEAF/BLIND,DEAF HIGH SCHOOL (FSDB),Z,N
2425,68,14,DEAF/BLIND,BLIND ELEMENTARY SCHOOL (FSDB),Z,N
2425,68,15,DEAF/BLIND,BLIND PK-8 SCHOOL (FSDB),Z,Y
2425,68,16,DEAF/BLIND,BLIND HIGH SCHOOL (FSDB),Z,N
2425,68,17,DEAF/BLIND,SPECIAL NEEDS ELEMENTARY-FSDB,Z,N
2425,68,18,DEAF/BLIND,SPECIAL NEEDS MIDDLE SCHOOL-FSDB,Z,N
2425,68,19,DEAF/BLIND,CAREER EDUCATION AND TRANSITION HIGH SCHOOL,Z,N
2425,68,7001,DEAF/BLIND,FUTURE VIRTUAL SCHOOL,Z,N
2425,68,7004,DEAF/BLIND,FUTURE VIRTUAL SCHOOL,Z,N
2425,68,7006,DEAF/BLIND,FUTURE VIRTUAL SCHOOL,Z,N
2425,68,7023,DEAF/BLIND,FUTURE VIRTUAL SCHOOL,Z,N
2425,68,9001,DEAF/BLIND,DEAF/BLIND DISTRICT OFFICE,Z,N
2425,68,9045,DEAF/BLIND,CONTRACTED RESIDENTIAL SERVICES,Z,N
2425,71,300,FL VIRTUAL,FLORIDA VIRTUAL ELEMENTARY SCHOOL,Z,Y
2425,71,400,FL VIRTUAL,FLORIDA VIRTUAL HIGH SCHOOL,Z,Y
2425,71,500,FL VIRTUAL,FLORIDA VIRTUAL SCHOOL FLEX 6-8,Z,N
2425,71,600,FL VIRTUAL,FLORIDA VIRTUAL SCHOOL FLEX 9-12,Z,N
2425,71,700,FL VIRTUAL,FLORIDA VIRTUAL SCHOOL FLEX K-5,Z,N
2425,71,801,FL VIRTUAL,FLORIDA VIRTUAL MIDDLE SCHOOL,Z,Y
2425,71,3450,FL VIRTUAL,PERSONALIZED EDUCATION PROGRAM,Z,N
2425,71,3518,FL VIRTUAL,MCKAY SCHOLARSHIP/SCHOOL OF ENROLLMENT,Z,N
2425,71,3900,FL VIRTUAL,FAMILY EMPOWERMENT SCHOLARSHIP PROGRAM,Z,N
2425,71,7078,FL VIRTUAL,K-8 CONNECTIONS VIRTUAL SCHOOL CONTINUITY PROGRAM,Z,N
2425,71,9001,FL VIRTUAL,FLORIDA VIRTUAL SCHOOL-DISTRICT OFFICE,Z,N
2425,72,11,FAU LAB SCH,A.D. HENDERSON UNIVERSITY SCHOOL & FAU HIGH SCHOOL,Z,Y
2425,72,20,FAU LAB SCH,FAU/SLCSD PALM POINTE EDUCATIONAL RESEARCH SCHOOL @ TRADITION,R,N
2425,72,3450,FAU LAB SCH,PERSONALIZED EDUCATION PROGRAM,Z,N
2425,72,3518,FAU LAB SCH,MCKAY SCHOLARSHIP/SCHOOL OF ENROLLMENT,Z,N
2425,72,3900,FAU LAB SCH,FAMILY EMPOWERMENT SCHOLARSHIP PROGRAM,Z,N
2425,72,7001,FAU LAB SCH,FUTURE VIRTUAL SCHOOL,Z,N
2425,72,7004,FAU LAB SCH,FUTURE VIRTUAL SCHOOL,Z,N
2425,72,7006,FAU LAB SCH,FUTURE VIRTUAL SCHOOL,Z,N
2425,72,7023,FAU LAB SCH,FUTURE VIRTUAL SCHOOL,Z,N
2425,72,9001,FAU LAB SCH,FAU LAB SCH DISTRICT OFFICE,Z,N
2425,72,9045,FAU LAB SCH,CONTRACTED RESIDENTIAL SERVICES,Z,N
2425,73,341,FSU LAB SCH,FLORIDA STATE UNIVERSITY SCHOOL,C,Y
2425,73,351,FSU LAB SCH,THE PEMBROKE PINES FLORIDA,R,N
2425,73,3450,FSU LAB SCH,PERSONALIZED EDUCATION PROGRAM,Z,N
2425,73,3518,FSU LAB SCH,MCKAY SCHOLARSHIP/SCHOOL OF ENROLLMENT,Z,N
2425,73,3900,FSU LAB SCH,FAMILY EMPOWERMENT SCHOLARSHIP PROGRAM,Z,N
2425,73,7001,FSU LAB SCH,FUTURE VIRTUAL SCHOOL,Z,N
2425,73,7004,FSU LAB SCH,FSUS VIRTUAL SCHOOL FRANCHISE,Z,N
2425,73,7006,FSU LAB SCH,FSUS VIRTUAL INSTRUCTION COURSE OFFERINGS,Z,N
2425,73,7023,FSU LAB SCH,FUTURE VIRTUAL SCHOOL,Z,N
2425,73,9001,FSU LAB SCH,FSU LAB SCH DISTRICT OFFICE,Z,N
2425,73,9045,FSU LAB SCH,CONTRACTED RESIDENTIAL SERVICES,Z,N
2425,74,351,FAMU LAB SCH,FLORIDA A&M UNIVERSITY DEVELOPMENTAL RESEARCH SCHOOL,Z,Y
2425,74,3450,FAMU LAB SCH,PERSONALIZED EDUCATION PROGRAM,Z,N
2425,74,3518,FAMU LAB SCH,MCKAY SCHOLARSHIP/SCHOOL OF ENROLLMENT,Z,N
2425,74,3900,FAMU LAB SCH,FAMILY EMPOWERMENT SCHOLARSHIP PROGRAM,Z,N
2425,74,7001,FAMU LAB SCH,FUTURE VIRTUAL SCHOOL,Z,N
2425,74,7004,FAMU LAB SCH,FAMU DRS VIRTUAL FRANCHISE,Z,N
2425,74,7006,FAMU LAB SCH,FUTURE VIRTUAL SCHOOL,Z,N
2425,74,7023,FAMU LAB SCH,FUTURE VIRTUAL SCHOOL,Z,N
2425,74,9001,FAMU LAB SCH,FAMU LAB SCH DISTRICT OFFICE,Z,N
2425,74,9045,FAMU LAB SCH,CONTRACTED RESIDENTIAL SERVICES,Z,N
2425,75,391,UF LAB SCH,P.K. YONGE DEVELOPMENTAL RESEARCH SCHOOL,Z,Y
2425,75,3450,UF LAB SCH,PERSONALIZED EDUCATION PROGRAM,Z,N
2425,75,3518,UF LAB SCH,MCKAY SCHOLARSHIP/SCHOOL OF ENROLLMENT,Z,N
2425,75,3900,UF LAB SCH,FAMILY EMPOWERMENT SCHOLARSHIP PROGRAM,Z,N
2425,75,7001,UF LAB SCH,FUTURE VIRTUAL SCHOOL,Z,N
2425,75,7004,UF LAB SCH,P. K. YONGE VIRTUAL FRANCHISE,Z,N
2425,75,7006,UF LAB SCH,FUTURE VIRTUAL SCHOOL,Z,N
2425,75,7023,UF LAB SCH,FUTURE VIRTUAL SCHOOL,Z,N
2425,75,9001,UF LAB SCH,UF LAB SCH DISTRICT OFFICE,Z,N
2425,75,9045,UF LAB SCH,CONTRACTED RESIDENTIAL SERVICES,Z,N
2425,80,18,IDEA PUB SCH,IDEA COMPASS,R,N
2425,80,3450,IDEA PUB SCH,PERSONALIZED EDUCATION PROGRAM,Z,N
2425,80,5931,IDEA PUB SCH,IDEA BASSETT,H,Y
2425,80,5951,IDEA PUB SCH,IDEA RIVER BLUFF,H,Y
2425,80,7835,IDEA PUB SCH,IDEA VICTORY,H,Y
2425,80,7839,IDEA PUB SCH,IDEA IGNITE,R,N
2425,80,7840,IDEA PUB SCH,IDEA HOPE,H,Y
2425,80,8022,IDEA PUB SCH,IDEA LAKELAND,H,Y
2425,80,9001,IDEA PUB SCH,IDEA DISTRICT OFFICE,Z,N
2425,81,100,TSC,TALLAHASSEE COLLEGIATE ACADEMY,R,N
2425,81,3450,TSC,PERSONALIZED EDUCATION PROGRAM,Z,N
2425,81,9001,TSC,"TSC DISTRICT OFFICE, OFFICE OF ACADEMIC AFFAIRS",Z,N
2425,82,82,FSU BAY,FLORIDA STATE UNIVERSITY PANAMA CITY DEVELOPMENTAL LABORATORY CHARTER SCHOOL INC,R,N
2425,82,3450,FSU BAY,PERSONALIZED EDUCATION PROGRAM,Z,N
2425,82,9001,FSU BAY,FSU PANAMA CITY DISTRICT OFFICE,Z,N
2425,83,183,DJJ DISTRICT,FLORIDA SCHOLARS ACADEMY,Z,N
2425,83,9001,DJJ DISTRICT,DJJ DISTRICT OFFICE,Z,N